// GÉNÉRÉ par outils_embarquer_web.py : ne pas éditer.
//
// Les pages du banc, embarquées dans le binaire ESP32. Sur une cible sans
// système de fichiers, c'est le moyen le plus simple de les servir, et il
// évite une partition SPIFFS à créer, monter et tenir à jour.
#pragma once

#include <cstddef>

namespace banc_web {

struct Fichier {
  const char* nom;
  const char* type;
  const unsigned char* octets;
  size_t taille;
};

// agvdump.html : 8745 octets
inline const unsigned char kAgvdumpHtml[] = {
    0x3C, 0x21, 0x64, 0x6F, 0x63, 0x74, 0x79, 0x70, 0x65, 0x20, 0x68, 0x74, 0x6D, 0x6C, 0x3E, 0x0A,
    0x3C, 0x68, 0x74, 0x6D, 0x6C, 0x20, 0x6C, 0x61, 0x6E, 0x67, 0x3D, 0x22, 0x66, 0x72, 0x22, 0x3E,
    0x0A, 0x3C, 0x68, 0x65, 0x61, 0x64, 0x3E, 0x0A, 0x3C, 0x6D, 0x65, 0x74, 0x61, 0x20, 0x63, 0x68,
    0x61, 0x72, 0x73, 0x65, 0x74, 0x3D, 0x22, 0x75, 0x74, 0x66, 0x2D, 0x38, 0x22, 0x3E, 0x0A, 0x3C,
    0x6D, 0x65, 0x74, 0x61, 0x20, 0x6E, 0x61, 0x6D, 0x65, 0x3D, 0x22, 0x76, 0x69, 0x65, 0x77, 0x70,
    0x6F, 0x72, 0x74, 0x22, 0x20, 0x63, 0x6F, 0x6E, 0x74, 0x65, 0x6E, 0x74, 0x3D, 0x22, 0x77, 0x69,
    0x64, 0x74, 0x68, 0x3D, 0x64, 0x65, 0x76, 0x69, 0x63, 0x65, 0x2D, 0x77, 0x69, 0x64, 0x74, 0x68,
    0x2C, 0x20, 0x69, 0x6E, 0x69, 0x74, 0x69, 0x61, 0x6C, 0x2D, 0x73, 0x63, 0x61, 0x6C, 0x65, 0x3D,
    0x31, 0x22, 0x3E, 0x0A, 0x3C, 0x74, 0x69, 0x74, 0x6C, 0x65, 0x3E, 0x41, 0x49, 0x4F, 0x20, 0x3A,
    0x20, 0x61, 0x67, 0x76, 0x64, 0x75, 0x6D, 0x70, 0x3C, 0x2F, 0x74, 0x69, 0x74, 0x6C, 0x65, 0x3E,
    0x0A, 0x3C, 0x6C, 0x69, 0x6E, 0x6B, 0x20, 0x72, 0x65, 0x6C, 0x3D, 0x22, 0x73, 0x74, 0x79, 0x6C,
    0x65, 0x73, 0x68, 0x65, 0x65, 0x74, 0x22, 0x20, 0x68, 0x72, 0x65, 0x66, 0x3D, 0x22, 0x2F, 0x74,
    0x68, 0x65, 0x6D, 0x65, 0x2E, 0x63, 0x73, 0x73, 0x22, 0x3E, 0x0A, 0x3C, 0x73, 0x74, 0x79, 0x6C,
    0x65, 0x3E, 0x0A, 0x2F, 0x2A, 0x20, 0x50, 0x72, 0x6F, 0x70, 0x72, 0x65, 0x20, 0xC3, 0xA0, 0x20,
    0x63, 0x65, 0x74, 0x74, 0x65, 0x20, 0x70, 0x61, 0x67, 0x65, 0x2E, 0x20, 0x4C, 0x61, 0x20, 0x70,
    0x61, 0x6C, 0x65, 0x74, 0x74, 0x65, 0x2C, 0x20, 0x6C, 0x27, 0x65, 0x6E, 0x2D, 0x74, 0xC3, 0xAA,
    0x74, 0x65, 0x2C, 0x20, 0x6C, 0x65, 0x73, 0x20, 0x62, 0x6F, 0x75, 0x74, 0x6F, 0x6E, 0x73, 0x2C,
    0x20, 0x6C, 0x65, 0x73, 0x20, 0x66, 0x65, 0x6E, 0xC3, 0xAA, 0x74, 0x72, 0x65, 0x73, 0x0A, 0x20,
    0x20, 0x20, 0x65, 0x74, 0x20, 0x6C, 0x65, 0x73, 0x20, 0x74, 0x61, 0x62, 0x6C, 0x65, 0x61, 0x75,
    0x78, 0x20, 0x76, 0x69, 0x65, 0x6E, 0x6E, 0x65, 0x6E, 0x74, 0x20, 0x64, 0x65, 0x20, 0x74, 0x68,
    0x65, 0x6D, 0x65, 0x2E, 0x63, 0x73, 0x73, 0x20, 0x28, 0x73, 0x6F, 0x75, 0x72, 0x63, 0x65, 0x20,
    0x3A, 0x20, 0x64, 0x6F, 0x63, 0x73, 0x2F, 0x74, 0x68, 0x65, 0x6D, 0x65, 0x2F, 0x74, 0x68, 0x65,
    0x6D, 0x65, 0x2E, 0x63, 0x73, 0x73, 0x29, 0x2E, 0x20, 0x2A, 0x2F, 0x0A, 0x2F, 0x2A, 0x20, 0x54,
    0x68, 0xC3, 0xA8, 0x6D, 0x65, 0x20, 0x3A, 0x20, 0x66, 0x6F, 0x6E, 0x64, 0x20, 0x62, 0x6C, 0x61,
    0x6E, 0x63, 0x2C, 0x20, 0x74, 0x65, 0x78, 0x74, 0x65, 0x20, 0x6E, 0x6F, 0x69, 0x72, 0x2C, 0x20,
    0x62, 0x6C, 0x65, 0x75, 0x20, 0x6F, 0x75, 0x74, 0x72, 0x65, 0x6D, 0x65, 0x72, 0x20, 0x70, 0x6F,
    0x75, 0x72, 0x20, 0x6C, 0x27, 0x61, 0x63, 0x74, 0x69, 0x6F, 0x6E, 0x2E, 0x20, 0x2A, 0x2F, 0x0A,
    0x0A, 0x0A, 0x0A, 0x2E, 0x62, 0x61, 0x6E, 0x64, 0x65, 0x61, 0x75, 0x20, 0x2E, 0x62, 0x61, 0x6E,
    0x64, 0x65, 0x61, 0x75, 0x20, 0x2E, 0x62, 0x61, 0x6E, 0x64, 0x65, 0x61, 0x75, 0x20, 0x0A, 0x2F,
    0x2A, 0x20, 0x2D, 0x2D, 0x2D, 0x20, 0x4C, 0x61, 0x20, 0x66, 0x72, 0x69, 0x73, 0x65, 0x20, 0x2D,
    0x2D, 0x2D, 0x2D, 0x2D, 0x2D, 0x2D, 0x2D, 0x2D, 0x2D, 0x2D, 0x2D, 0x2D, 0x2D, 0x2D, 0x2D, 0x2D,
    0x2D, 0x2D, 0x2D, 0x2D, 0x2D, 0x2D, 0x2D, 0x2D, 0x2D, 0x2D, 0x2D, 0x2D, 0x2D, 0x2D, 0x2D, 0x2D,
    0x2D, 0x2D, 0x2D, 0x2D, 0x2D, 0x2D, 0x2D, 0x2D, 0x2D, 0x2D, 0x2D, 0x2D, 0x2D, 0x2D, 0x2D, 0x2D,
    0x2D, 0x2D, 0x2D, 0x2D, 0x2D, 0x2D, 0x2D, 0x2D, 0x20, 0x2A, 0x2F, 0x0A, 0x2E, 0x66, 0x72, 0x69,
    0x73, 0x65, 0x2D, 0x63, 0x61, 0x64, 0x72, 0x65, 0x20, 0x7B, 0x20, 0x70, 0x6F, 0x73, 0x69, 0x74,
    0x69, 0x6F, 0x6E, 0x3A, 0x20, 0x72, 0x65, 0x6C, 0x61, 0x74, 0x69, 0x76, 0x65, 0x3B, 0x20, 0x6D,
    0x61, 0x72, 0x67, 0x69, 0x6E, 0x2D, 0x74, 0x6F, 0x70, 0x3A, 0x20, 0x2E, 0x35, 0x72, 0x65, 0x6D,
    0x3B, 0x20, 0x7D, 0x0A, 0x2E, 0x66, 0x72, 0x69, 0x73, 0x65, 0x20, 0x7B, 0x20, 0x70, 0x6F, 0x73,
    0x69, 0x74, 0x69, 0x6F, 0x6E, 0x3A, 0x20, 0x72, 0x65, 0x6C, 0x61, 0x74, 0x69, 0x76, 0x65, 0x3B,
    0x20, 0x62, 0x6F, 0x72, 0x64, 0x65, 0x72, 0x3A, 0x20, 0x31, 0x70, 0x78, 0x20, 0x73, 0x6F, 0x6C,
    0x69, 0x64, 0x20, 0x76, 0x61, 0x72, 0x28, 0x2D, 0x2D, 0x62, 0x6F, 0x72, 0x64, 0x29, 0x3B, 0x20,
    0x62, 0x6F, 0x72, 0x64, 0x65, 0x72, 0x2D, 0x72, 0x61, 0x64, 0x69, 0x75, 0x73, 0x3A, 0x20, 0x31,
    0x30, 0x70, 0x78, 0x3B, 0x0A, 0x20, 0x20, 0x62, 0x61, 0x63, 0x6B, 0x67, 0x72, 0x6F, 0x75, 0x6E,
    0x64, 0x3A, 0x20, 0x6C, 0x69, 0x6E, 0x65, 0x61, 0x72, 0x2D, 0x67, 0x72, 0x61, 0x64, 0x69, 0x65,
    0x6E, 0x74, 0x28, 0x23, 0x66, 0x66, 0x66, 0x2C, 0x20, 0x23, 0x46, 0x41, 0x46, 0x42, 0x46, 0x46,
    0x29, 0x3B, 0x20, 0x6F, 0x76, 0x65, 0x72, 0x66, 0x6C, 0x6F, 0x77, 0x3A, 0x20, 0x68, 0x69, 0x64,
    0x64, 0x65, 0x6E, 0x3B, 0x0A, 0x20, 0x20, 0x2F, 0x2A, 0x20, 0x4C, 0x61, 0x20, 0x68, 0x61, 0x75,
    0x74, 0x65, 0x75, 0x72, 0x20, 0x65, 0x73, 0x74, 0x20, 0x70, 0x6F, 0x73, 0xC3, 0xA9, 0x65, 0x20,
    0x70, 0x61, 0x72, 0x20, 0x72, 0x65, 0x6E, 0x64, 0x72, 0x65, 0x46, 0x72, 0x69, 0x73, 0x65, 0x28,
    0x29, 0x20, 0x3A, 0x20, 0x65, 0x6C, 0x6C, 0x65, 0x20, 0x73, 0x75, 0x69, 0x74, 0x20, 0x6C, 0x65,
    0x20, 0x6E, 0x6F, 0x6D, 0x62, 0x72, 0x65, 0x20, 0x64, 0x65, 0x20, 0x72, 0x61, 0x6E, 0x67, 0xC3,
    0xA9, 0x65, 0x73, 0x0A, 0x20, 0x20, 0x20, 0x20, 0x20, 0x72, 0xC3, 0xA9, 0x65, 0x6C, 0x6C, 0x65,
    0x6D, 0x65, 0x6E, 0x74, 0x20, 0x6F, 0x63, 0x63, 0x75, 0x70, 0xC3, 0xA9, 0x65, 0x73, 0x2E, 0x20,
    0x46, 0x69, 0x78, 0xC3, 0xA9, 0x65, 0x20, 0x69, 0x63, 0x69, 0x2C, 0x20, 0x6C, 0x61, 0x20, 0x66,
    0x72, 0x69, 0x73, 0x65, 0x20, 0x73, 0x61, 0x74, 0x75, 0x72, 0x61, 0x69, 0x74, 0x20, 0x64, 0xC3,
    0xA8, 0x73, 0x20, 0x74, 0x72, 0x6F, 0x69, 0x73, 0x20, 0x64, 0xC3, 0xA9, 0x70, 0x61, 0x72, 0x74,
    0x73, 0x2E, 0x20, 0x2A, 0x2F, 0x0A, 0x20, 0x20, 0x68, 0x65, 0x69, 0x67, 0x68, 0x74, 0x3A, 0x20,
    0x31, 0x35, 0x30, 0x70, 0x78, 0x3B, 0x20, 0x74, 0x72, 0x61, 0x6E, 0x73, 0x69, 0x74, 0x69, 0x6F,
    0x6E, 0x3A, 0x20, 0x68, 0x65, 0x69, 0x67, 0x68, 0x74, 0x20, 0x2E, 0x31, 0x38, 0x73, 0x3B, 0x20,
    0x7D, 0x0A, 0x2E, 0x66, 0x72, 0x69, 0x73, 0x65, 0x2E, 0x61, 0x72, 0x6D, 0x65, 0x65, 0x20, 0x7B,
    0x20, 0x63, 0x75, 0x72, 0x73, 0x6F, 0x72, 0x3A, 0x20, 0x63, 0x72, 0x6F, 0x73, 0x73, 0x68, 0x61,
    0x69, 0x72, 0x3B, 0x20, 0x62, 0x6F, 0x78, 0x2D, 0x73, 0x68, 0x61, 0x64, 0x6F, 0x77, 0x3A, 0x20,
    0x69, 0x6E, 0x73, 0x65, 0x74, 0x20, 0x30, 0x20, 0x30, 0x20, 0x30, 0x20, 0x32, 0x70, 0x78, 0x20,
    0x76, 0x61, 0x72, 0x28, 0x2D, 0x2D, 0x6F, 0x75, 0x74, 0x72, 0x65, 0x6D, 0x65, 0x72, 0x29, 0x3B,
    0x20, 0x7D, 0x0A, 0x2E, 0x68, 0x65, 0x75, 0x72, 0x65, 0x2D, 0x74, 0x69, 0x63, 0x6B, 0x20, 0x7B,
    0x20, 0x70, 0x6F, 0x73, 0x69, 0x74, 0x69, 0x6F, 0x6E, 0x3A, 0x20, 0x61, 0x62, 0x73, 0x6F, 0x6C,
    0x75, 0x74, 0x65, 0x3B, 0x20, 0x62, 0x6F, 0x74, 0x74, 0x6F, 0x6D, 0x3A, 0x20, 0x30, 0x3B, 0x20,
    0x68, 0x65, 0x69, 0x67, 0x68, 0x74, 0x3A, 0x20, 0x32, 0x36, 0x70, 0x78, 0x3B, 0x20, 0x62, 0x6F,
    0x72, 0x64, 0x65, 0x72, 0x2D, 0x6C, 0x65, 0x66, 0x74, 0x3A, 0x20, 0x31, 0x70, 0x78, 0x20, 0x73,
    0x6F, 0x6C, 0x69, 0x64, 0x20, 0x76, 0x61, 0x72, 0x28, 0x2D, 0x2D, 0x62, 0x6F, 0x72, 0x64, 0x29,
    0x3B, 0x0A, 0x20, 0x20, 0x70, 0x61, 0x64, 0x64, 0x69, 0x6E, 0x67, 0x2D, 0x6C, 0x65, 0x66, 0x74,
    0x3A, 0x20, 0x2E, 0x32, 0x35, 0x72, 0x65, 0x6D, 0x3B, 0x20, 0x66, 0x6F, 0x6E, 0x74, 0x2D, 0x73,
    0x69, 0x7A, 0x65, 0x3A, 0x20, 0x2E, 0x37, 0x32, 0x72, 0x65, 0x6D, 0x3B, 0x20, 0x63, 0x6F, 0x6C,
    0x6F, 0x72, 0x3A, 0x20, 0x76, 0x61, 0x72, 0x28, 0x2D, 0x2D, 0x64, 0x69, 0x73, 0x63, 0x72, 0x65,
    0x74, 0x29, 0x3B, 0x20, 0x7D, 0x0A, 0x2E, 0x63, 0x75, 0x72, 0x73, 0x65, 0x75, 0x72, 0x20, 0x7B,
    0x20, 0x70, 0x6F, 0x73, 0x69, 0x74, 0x69, 0x6F, 0x6E, 0x3A, 0x20, 0x61, 0x62, 0x73, 0x6F, 0x6C,
    0x75, 0x74, 0x65, 0x3B, 0x20, 0x74, 0x6F, 0x70, 0x3A, 0x20, 0x30, 0x3B, 0x20, 0x62, 0x6F, 0x74,
    0x74, 0x6F, 0x6D, 0x3A, 0x20, 0x30, 0x3B, 0x20, 0x77, 0x69, 0x64, 0x74, 0x68, 0x3A, 0x20, 0x32,
    0x70, 0x78, 0x3B, 0x0A, 0x20, 0x20, 0x62, 0x61, 0x63, 0x6B, 0x67, 0x72, 0x6F, 0x75, 0x6E, 0x64,
    0x3A, 0x20, 0x76, 0x61, 0x72, 0x28, 0x2D, 0x2D, 0x6F, 0x75, 0x74, 0x72, 0x65, 0x6D, 0x65, 0x72,
    0x29, 0x3B, 0x20, 0x7A, 0x2D, 0x69, 0x6E, 0x64, 0x65, 0x78, 0x3A, 0x20, 0x33, 0x3B, 0x20, 0x7D,
    0x0A, 0x2E, 0x63, 0x75, 0x72, 0x73, 0x65, 0x75, 0x72, 0x3A, 0x3A, 0x61, 0x66, 0x74, 0x65, 0x72,
    0x20, 0x7B, 0x20, 0x63, 0x6F, 0x6E, 0x74, 0x65, 0x6E, 0x74, 0x3A, 0x20, 0x61, 0x74, 0x74, 0x72,
    0x28, 0x64, 0x61, 0x74, 0x61, 0x2D, 0x68, 0x65, 0x75, 0x72, 0x65, 0x29, 0x3B, 0x20, 0x70, 0x6F,
    0x73, 0x69, 0x74, 0x69, 0x6F, 0x6E, 0x3A, 0x20, 0x61, 0x62, 0x73, 0x6F, 0x6C, 0x75, 0x74, 0x65,
    0x3B, 0x20, 0x62, 0x6F, 0x74, 0x74, 0x6F, 0x6D, 0x3A, 0x20, 0x32, 0x70, 0x78, 0x3B, 0x20, 0x6C,
    0x65, 0x66, 0x74, 0x3A, 0x20, 0x34, 0x70, 0x78, 0x3B, 0x0A, 0x20, 0x20, 0x66, 0x6F, 0x6E, 0x74,
    0x2D, 0x73, 0x69, 0x7A, 0x65, 0x3A, 0x20, 0x2E, 0x37, 0x32, 0x72, 0x65, 0x6D, 0x3B, 0x20, 0x63,
    0x6F, 0x6C, 0x6F, 0x72, 0x3A, 0x20, 0x76, 0x61, 0x72, 0x28, 0x2D, 0x2D, 0x6F, 0x75, 0x74, 0x72,
    0x65, 0x6D, 0x65, 0x72, 0x29, 0x3B, 0x20, 0x66, 0x6F, 0x6E, 0x74, 0x2D, 0x77, 0x65, 0x69, 0x67,
    0x68, 0x74, 0x3A, 0x20, 0x37, 0x30, 0x30, 0x3B, 0x20, 0x77, 0x68, 0x69, 0x74, 0x65, 0x2D, 0x73,
    0x70, 0x61, 0x63, 0x65, 0x3A, 0x20, 0x6E, 0x6F, 0x77, 0x72, 0x61, 0x70, 0x3B, 0x0A, 0x20, 0x20,
    0x62, 0x61, 0x63, 0x6B, 0x67, 0x72, 0x6F, 0x75, 0x6E, 0x64, 0x3A, 0x20, 0x23, 0x66, 0x66, 0x66,
    0x3B, 0x20, 0x70, 0x61, 0x64, 0x64, 0x69, 0x6E, 0x67, 0x3A, 0x20, 0x30, 0x20, 0x32, 0x70, 0x78,
    0x3B, 0x20, 0x62, 0x6F, 0x72, 0x64, 0x65, 0x72, 0x2D, 0x72, 0x61, 0x64, 0x69, 0x75, 0x73, 0x3A,
    0x20, 0x32, 0x70, 0x78, 0x3B, 0x20, 0x7D, 0x0A, 0x2F, 0x2A, 0x20, 0x55, 0x6E, 0x20, 0x74, 0x72,
    0x61, 0x6A, 0x65, 0x74, 0x20, 0x64, 0x75, 0x72, 0x65, 0x20, 0x61, 0x75, 0x20, 0x70, 0x6C, 0x75,
    0x73, 0x20, 0x35, 0x20, 0x6D, 0x69, 0x6E, 0x2C, 0x20, 0x73, 0x6F, 0x69, 0x74, 0x20, 0x30, 0x2C,
    0x33, 0x35, 0x20, 0x25, 0x20, 0x64, 0x27, 0x75, 0x6E, 0x65, 0x20, 0x66, 0x72, 0x69, 0x73, 0x65,
    0x20, 0x64, 0x65, 0x20, 0x32, 0x34, 0x20, 0x68, 0x2E, 0x20, 0x4C, 0x27, 0x4F, 0x43, 0x43, 0x55,
    0x50, 0x41, 0x54, 0x49, 0x4F, 0x4E, 0x0A, 0x20, 0x20, 0x20, 0x65, 0x73, 0x74, 0x20, 0x64, 0x6F,
    0x6E, 0x63, 0x20, 0x64, 0x65, 0x73, 0x73, 0x69, 0x6E, 0xC3, 0xA9, 0x65, 0x20, 0xC3, 0xA0, 0x20,
    0x73, 0x61, 0x20, 0x6C, 0x61, 0x72, 0x67, 0x65, 0x75, 0x72, 0x20, 0x52, 0xC3, 0x89, 0x45, 0x4C,
    0x4C, 0x45, 0x2C, 0x20, 0x73, 0x75, 0x72, 0x20, 0x6C, 0x27, 0x61, 0x78, 0x65, 0x20, 0x3B, 0x20,
    0x6C, 0x27, 0xC3, 0x89, 0x54, 0x49, 0x51, 0x55, 0x45, 0x54, 0x54, 0x45, 0x20, 0x66, 0x6C, 0x6F,
    0x74, 0x74, 0x65, 0x0A, 0x20, 0x20, 0x20, 0x61, 0x75, 0x2D, 0x64, 0x65, 0x73, 0x73, 0x75, 0x73,
    0x2C, 0x20, 0x64, 0xC3, 0xA9, 0x74, 0x61, 0x63, 0x68, 0xC3, 0xA9, 0x65, 0x2C, 0x20, 0x65, 0x74,
    0x20, 0x6E, 0x27, 0x65, 0x6E, 0x67, 0x61, 0x67, 0x65, 0x20, 0x61, 0x75, 0x63, 0x75, 0x6E, 0x65,
    0x20, 0x64, 0x75, 0x72, 0xC3, 0xA9, 0x65, 0x2E, 0x20, 0x4C, 0x65, 0x73, 0x20, 0x63, 0x6F, 0x6E,
    0x66, 0x6F, 0x6E, 0x64, 0x72, 0x65, 0x20, 0x3A, 0x20, 0xC3, 0xA9, 0x74, 0x69, 0x71, 0x75, 0x65,
    0x74, 0x74, 0x65, 0x0A, 0x20, 0x20, 0x20, 0x70, 0x6F, 0x73, 0xC3, 0xA9, 0x65, 0x20, 0x73, 0x75,
    0x72, 0x20, 0x6C, 0x27, 0x61, 0x78, 0x65, 0x20, 0x3A, 0x20, 0x6C, 0x61, 0x69, 0x73, 0x73, 0x61,
    0x69, 0x74, 0x20, 0x6C, 0x69, 0x72, 0x65, 0x20, 0x64, 0x65, 0x75, 0x78, 0x20, 0x68, 0x65, 0x75,
    0x72, 0x65, 0x73, 0x20, 0x64, 0x27, 0x69, 0x6D, 0x6D, 0x6F, 0x62, 0x69, 0x6C, 0x69, 0x73, 0x61,
    0x74, 0x69, 0x6F, 0x6E, 0x20, 0x70, 0x6F, 0x75, 0x72, 0x20, 0x63, 0x69, 0x6E, 0x71, 0x0A, 0x20,
    0x20, 0x20, 0x6D, 0x69, 0x6E, 0x75, 0x74, 0x65, 0x73, 0x20, 0x64, 0x65, 0x20, 0x74, 0x72, 0x61,
    0x6A, 0x65, 0x74, 0x2E, 0x20, 0x2A, 0x2F, 0x0A, 0x2E, 0x6F, 0x63, 0x63, 0x75, 0x70, 0x61, 0x74,
    0x69, 0x6F, 0x6E, 0x20, 0x7B, 0x20, 0x70, 0x6F, 0x73, 0x69, 0x74, 0x69, 0x6F, 0x6E, 0x3A, 0x20,
    0x61, 0x62, 0x73, 0x6F, 0x6C, 0x75, 0x74, 0x65, 0x3B, 0x20, 0x68, 0x65, 0x69, 0x67, 0x68, 0x74,
    0x3A, 0x20, 0x31, 0x32, 0x70, 0x78, 0x3B, 0x20, 0x62, 0x6F, 0x72, 0x64, 0x65, 0x72, 0x2D, 0x72,
    0x61, 0x64, 0x69, 0x75, 0x73, 0x3A, 0x20, 0x32, 0x70, 0x78, 0x3B, 0x0A, 0x20, 0x20, 0x62, 0x61,
    0x63, 0x6B, 0x67, 0x72, 0x6F, 0x75, 0x6E, 0x64, 0x3A, 0x20, 0x63, 0x75, 0x72, 0x72, 0x65, 0x6E,
    0x74, 0x43, 0x6F, 0x6C, 0x6F, 0x72, 0x3B, 0x20, 0x6D, 0x69, 0x6E, 0x2D, 0x77, 0x69, 0x64, 0x74,
    0x68, 0x3A, 0x20, 0x33, 0x70, 0x78, 0x3B, 0x20, 0x63, 0x75, 0x72, 0x73, 0x6F, 0x72, 0x3A, 0x20,
    0x70, 0x6F, 0x69, 0x6E, 0x74, 0x65, 0x72, 0x3B, 0x20, 0x7A, 0x2D, 0x69, 0x6E, 0x64, 0x65, 0x78,
    0x3A, 0x20, 0x31, 0x3B, 0x20, 0x7D, 0x0A, 0x2E, 0x6F, 0x63, 0x63, 0x75, 0x70, 0x61, 0x74, 0x69,
    0x6F, 0x6E, 0x3A, 0x3A, 0x61, 0x66, 0x74, 0x65, 0x72, 0x20, 0x7B, 0x20, 0x63, 0x6F, 0x6E, 0x74,
    0x65, 0x6E, 0x74, 0x3A, 0x20, 0x27, 0x27, 0x3B, 0x20, 0x70, 0x6F, 0x73, 0x69, 0x74, 0x69, 0x6F,
    0x6E, 0x3A, 0x20, 0x61, 0x62, 0x73, 0x6F, 0x6C, 0x75, 0x74, 0x65, 0x3B, 0x20, 0x69, 0x6E, 0x73,
    0x65, 0x74, 0x3A, 0x20, 0x2D, 0x36, 0x70, 0x78, 0x20, 0x2D, 0x34, 0x70, 0x78, 0x3B, 0x20, 0x7D,
    0x0A, 0x0A, 0x2E, 0x64, 0x72, 0x61, 0x70, 0x65, 0x61, 0x75, 0x20, 0x7B, 0x20, 0x70, 0x6F, 0x73,
    0x69, 0x74, 0x69, 0x6F, 0x6E, 0x3A, 0x20, 0x61, 0x62, 0x73, 0x6F, 0x6C, 0x75, 0x74, 0x65, 0x3B,
    0x20, 0x63, 0x75, 0x72, 0x73, 0x6F, 0x72, 0x3A, 0x20, 0x70, 0x6F, 0x69, 0x6E, 0x74, 0x65, 0x72,
    0x3B, 0x20, 0x7A, 0x2D, 0x69, 0x6E, 0x64, 0x65, 0x78, 0x3A, 0x20, 0x32, 0x3B, 0x20, 0x7D, 0x0A,
    0x2F, 0x2A, 0x20, 0xE2, 0x9A, 0xA0, 0x20, 0x4E, 0x65, 0x20, 0x4A, 0x41, 0x4D, 0x41, 0x49, 0x53,
    0x20, 0x70, 0x6F, 0x73, 0x65, 0x72, 0x20, 0x60, 0x63, 0x6F, 0x6C, 0x6F, 0x72, 0x60, 0x20, 0x73,
    0x75, 0x72, 0x20, 0x2E, 0x66, 0x61, 0x6E, 0x69, 0x6F, 0x6E, 0x20, 0x3A, 0x20, 0x60, 0x62, 0x61,
    0x63, 0x6B, 0x67, 0x72, 0x6F, 0x75, 0x6E, 0x64, 0x3A, 0x20, 0x63, 0x75, 0x72, 0x72, 0x65, 0x6E,
    0x74, 0x43, 0x6F, 0x6C, 0x6F, 0x72, 0x60, 0x20, 0x73, 0x65, 0x0A, 0x20, 0x20, 0x20, 0x72, 0xC3,
    0xA9, 0x73, 0x6F, 0x75, 0x74, 0x20, 0x63, 0x6F, 0x6E, 0x74, 0x72, 0x65, 0x20, 0x6C, 0x61, 0x20,
    0x63, 0x6F, 0x75, 0x6C, 0x65, 0x75, 0x72, 0x20, 0x64, 0x65, 0x20, 0x6C, 0x27, 0xC3, 0xA9, 0x6C,
    0xC3, 0xA9, 0x6D, 0x65, 0x6E, 0x74, 0x20, 0x4C, 0x55, 0x49, 0x2D, 0x4D, 0xC3, 0x8A, 0x4D, 0x45,
    0x2E, 0x20, 0x55, 0x6E, 0x20, 0x60, 0x63, 0x6F, 0x6C, 0x6F, 0x72, 0x3A, 0x20, 0x23, 0x66, 0x66,
    0x66, 0x60, 0x20, 0x69, 0x63, 0x69, 0x20, 0x72, 0x65, 0x6E, 0x64, 0x0A, 0x20, 0x20, 0x20, 0x6C,
    0x65, 0x20, 0x66, 0x61, 0x6E, 0x69, 0x6F, 0x6E, 0x20, 0x62, 0x6C, 0x61, 0x6E, 0x63, 0x2D, 0x73,
    0x75, 0x72, 0x2D, 0x62, 0x6C, 0x61, 0x6E, 0x63, 0x20, 0x3A, 0x20, 0x63, 0x27, 0x65, 0x73, 0x74,
    0x20, 0x6C, 0x65, 0x20, 0x62, 0x75, 0x67, 0x20, 0xC2, 0xAB, 0x20, 0x6C, 0x65, 0x73, 0x20, 0x6D,
    0x61, 0x72, 0x71, 0x75, 0x65, 0x75, 0x72, 0x73, 0x20, 0x6E, 0x65, 0x20, 0x73, 0x27, 0x61, 0x66,
    0x66, 0x69, 0x63, 0x68, 0x65, 0x6E, 0x74, 0x0A, 0x20, 0x20, 0x20, 0x70, 0x61, 0x73, 0x20, 0xC2,
    0xBB, 0x20, 0x64, 0x65, 0x20, 0x6C, 0x27, 0x69, 0x74, 0xC3, 0xA9, 0x72, 0x61, 0x74, 0x69, 0x6F,
    0x6E, 0x20, 0x32, 0x2E, 0x20, 0x2A, 0x2F, 0x0A, 0x2E, 0x64, 0x72, 0x61, 0x70, 0x65, 0x61, 0x75,
    0x20, 0x2E, 0x66, 0x61, 0x6E, 0x69, 0x6F, 0x6E, 0x20, 0x7B, 0x20, 0x66, 0x6F, 0x6E, 0x74, 0x2D,
    0x73, 0x69, 0x7A, 0x65, 0x3A, 0x20, 0x2E, 0x37, 0x34, 0x72, 0x65, 0x6D, 0x3B, 0x20, 0x66, 0x6F,
    0x6E, 0x74, 0x2D, 0x77, 0x65, 0x69, 0x67, 0x68, 0x74, 0x3A, 0x20, 0x37, 0x30, 0x30, 0x3B, 0x20,
    0x62, 0x61, 0x63, 0x6B, 0x67, 0x72, 0x6F, 0x75, 0x6E, 0x64, 0x3A, 0x20, 0x63, 0x75, 0x72, 0x72,
    0x65, 0x6E, 0x74, 0x43, 0x6F, 0x6C, 0x6F, 0x72, 0x3B, 0x0A, 0x20, 0x20, 0x62, 0x6F, 0x72, 0x64,
    0x65, 0x72, 0x2D, 0x72, 0x61, 0x64, 0x69, 0x75, 0x73, 0x3A, 0x20, 0x34, 0x70, 0x78, 0x3B, 0x20,
    0x70, 0x61, 0x64, 0x64, 0x69, 0x6E, 0x67, 0x3A, 0x20, 0x2E, 0x30, 0x35, 0x72, 0x65, 0x6D, 0x20,
    0x2E, 0x34, 0x72, 0x65, 0x6D, 0x3B, 0x20, 0x77, 0x68, 0x69, 0x74, 0x65, 0x2D, 0x73, 0x70, 0x61,
    0x63, 0x65, 0x3A, 0x20, 0x6E, 0x6F, 0x77, 0x72, 0x61, 0x70, 0x3B, 0x0A, 0x20, 0x20, 0x62, 0x6F,
    0x78, 0x2D, 0x73, 0x68, 0x61, 0x64, 0x6F, 0x77, 0x3A, 0x20, 0x30, 0x20, 0x31, 0x70, 0x78, 0x20,
    0x33, 0x70, 0x78, 0x20, 0x72, 0x67, 0x62, 0x61, 0x28, 0x30, 0x2C, 0x30, 0x2C, 0x30, 0x2C, 0x2E,
    0x32, 0x38, 0x29, 0x3B, 0x20, 0x74, 0x72, 0x61, 0x6E, 0x73, 0x66, 0x6F, 0x72, 0x6D, 0x3A, 0x20,
    0x74, 0x72, 0x61, 0x6E, 0x73, 0x6C, 0x61, 0x74, 0x65, 0x58, 0x28, 0x2D, 0x35, 0x30, 0x25, 0x29,
    0x3B, 0x20, 0x7D, 0x0A, 0x2E, 0x64, 0x72, 0x61, 0x70, 0x65, 0x61, 0x75, 0x20, 0x2E, 0x66, 0x61,
    0x6E, 0x69, 0x6F, 0x6E, 0x20, 0x73, 0x70, 0x61, 0x6E, 0x20, 0x7B, 0x20, 0x63, 0x6F, 0x6C, 0x6F,
    0x72, 0x3A, 0x20, 0x23, 0x66, 0x66, 0x66, 0x3B, 0x20, 0x7D, 0x0A, 0x2F, 0x2A, 0x20, 0x41, 0x6D,
    0x6F, 0x72, 0x63, 0x65, 0x20, 0x66, 0x69, 0x6E, 0x65, 0x2C, 0x20, 0x63, 0x65, 0x6E, 0x74, 0x72,
    0xC3, 0xA9, 0x65, 0x20, 0x3A, 0x20, 0x65, 0x6C, 0x6C, 0x65, 0x20, 0x52, 0x45, 0x4C, 0x49, 0x45,
    0x20, 0x6C, 0x27, 0xC3, 0xA9, 0x74, 0x69, 0x71, 0x75, 0x65, 0x74, 0x74, 0x65, 0x20, 0xC3, 0xA0,
    0x20, 0x6C, 0x27, 0x69, 0x6E, 0x73, 0x74, 0x61, 0x6E, 0x74, 0x20, 0x73, 0x61, 0x6E, 0x73, 0x20,
    0x72, 0x69, 0x65, 0x6E, 0x20, 0x63, 0x6F, 0x75, 0x76, 0x72, 0x69, 0x72, 0x2E, 0x20, 0x2A, 0x2F,
    0x0A, 0x2E, 0x64, 0x72, 0x61, 0x70, 0x65, 0x61, 0x75, 0x20, 0x2E, 0x61, 0x6D, 0x6F, 0x72, 0x63,
    0x65, 0x20, 0x7B, 0x20, 0x77, 0x69, 0x64, 0x74, 0x68, 0x3A, 0x20, 0x31, 0x70, 0x78, 0x3B, 0x20,
    0x62, 0x61, 0x63, 0x6B, 0x67, 0x72, 0x6F, 0x75, 0x6E, 0x64, 0x3A, 0x20, 0x63, 0x75, 0x72, 0x72,
    0x65, 0x6E, 0x74, 0x43, 0x6F, 0x6C, 0x6F, 0x72, 0x3B, 0x20, 0x6F, 0x70, 0x61, 0x63, 0x69, 0x74,
    0x79, 0x3A, 0x20, 0x2E, 0x35, 0x35, 0x3B, 0x20, 0x6D, 0x61, 0x72, 0x67, 0x69, 0x6E, 0x3A, 0x20,
    0x30, 0x20, 0x61, 0x75, 0x74, 0x6F, 0x3B, 0x20, 0x7D, 0x0A, 0x2E, 0x64, 0x72, 0x61, 0x70, 0x65,
    0x61, 0x75, 0x2E, 0x63, 0x6F, 0x6E, 0x66, 0x6C, 0x69, 0x74, 0x20, 0x2E, 0x66, 0x61, 0x6E, 0x69,
    0x6F, 0x6E, 0x20, 0x7B, 0x20, 0x6F, 0x75, 0x74, 0x6C, 0x69, 0x6E, 0x65, 0x3A, 0x20, 0x32, 0x70,
    0x78, 0x20, 0x73, 0x6F, 0x6C, 0x69, 0x64, 0x20, 0x76, 0x61, 0x72, 0x28, 0x2D, 0x2D, 0x61, 0x74,
    0x74, 0x65, 0x6E, 0x74, 0x69, 0x6F, 0x6E, 0x29, 0x3B, 0x20, 0x7D, 0x0A, 0x2E, 0x64, 0x72, 0x61,
    0x70, 0x65, 0x61, 0x75, 0x2E, 0x61, 0x74, 0x74, 0x65, 0x6E, 0x74, 0x65, 0x20, 0x7B, 0x20, 0x63,
    0x6F, 0x6C, 0x6F, 0x72, 0x3A, 0x20, 0x76, 0x61, 0x72, 0x28, 0x2D, 0x2D, 0x6F, 0x75, 0x74, 0x72,
    0x65, 0x6D, 0x65, 0x72, 0x29, 0x3B, 0x20, 0x7D, 0x0A, 0x2E, 0x64, 0x72, 0x61, 0x70, 0x65, 0x61,
    0x75, 0x2E, 0x66, 0x61, 0x69, 0x74, 0x20, 0x7B, 0x20, 0x63, 0x6F, 0x6C, 0x6F, 0x72, 0x3A, 0x20,
    0x76, 0x61, 0x72, 0x28, 0x2D, 0x2D, 0x6F, 0x6B, 0x29, 0x3B, 0x20, 0x7D, 0x0A, 0x2E, 0x64, 0x72,
    0x61, 0x70, 0x65, 0x61, 0x75, 0x2E, 0x73, 0x61, 0x75, 0x74, 0x65, 0x20, 0x7B, 0x20, 0x63, 0x6F,
    0x6C, 0x6F, 0x72, 0x3A, 0x20, 0x23, 0x38, 0x41, 0x38, 0x46, 0x41, 0x33, 0x3B, 0x20, 0x7D, 0x0A,
    0x2E, 0x64, 0x72, 0x61, 0x70, 0x65, 0x61, 0x75, 0x2E, 0x61, 0x70, 0x70, 0x65, 0x6C, 0x20, 0x7B,
    0x20, 0x63, 0x6F, 0x6C, 0x6F, 0x72, 0x3A, 0x20, 0x76, 0x61, 0x72, 0x28, 0x2D, 0x2D, 0x6F, 0x6B,
    0x29, 0x3B, 0x20, 0x7D, 0x0A, 0x2E, 0x64, 0x72, 0x61, 0x70, 0x65, 0x61, 0x75, 0x2E, 0x66, 0x61,
    0x6E, 0x74, 0x6F, 0x6D, 0x65, 0x2C, 0x20, 0x2E, 0x6F, 0x63, 0x63, 0x75, 0x70, 0x61, 0x74, 0x69,
    0x6F, 0x6E, 0x2E, 0x66, 0x61, 0x6E, 0x74, 0x6F, 0x6D, 0x65, 0x20, 0x7B, 0x20, 0x63, 0x6F, 0x6C,
    0x6F, 0x72, 0x3A, 0x20, 0x76, 0x61, 0x72, 0x28, 0x2D, 0x2D, 0x6F, 0x75, 0x74, 0x72, 0x65, 0x6D,
    0x65, 0x72, 0x29, 0x3B, 0x20, 0x6F, 0x70, 0x61, 0x63, 0x69, 0x74, 0x79, 0x3A, 0x20, 0x2E, 0x35,
    0x3B, 0x20, 0x70, 0x6F, 0x69, 0x6E, 0x74, 0x65, 0x72, 0x2D, 0x65, 0x76, 0x65, 0x6E, 0x74, 0x73,
    0x3A, 0x20, 0x6E, 0x6F, 0x6E, 0x65, 0x3B, 0x20, 0x7D, 0x0A, 0x2E, 0x6C, 0x65, 0x67, 0x65, 0x6E,
    0x64, 0x65, 0x20, 0x7B, 0x20, 0x64, 0x69, 0x73, 0x70, 0x6C, 0x61, 0x79, 0x3A, 0x20, 0x66, 0x6C,
    0x65, 0x78, 0x3B, 0x20, 0x67, 0x61, 0x70, 0x3A, 0x20, 0x31, 0x2E, 0x32, 0x72, 0x65, 0x6D, 0x3B,
    0x20, 0x6D, 0x61, 0x72, 0x67, 0x69, 0x6E, 0x2D, 0x74, 0x6F, 0x70, 0x3A, 0x20, 0x2E, 0x35, 0x72,
    0x65, 0x6D, 0x3B, 0x20, 0x66, 0x6F, 0x6E, 0x74, 0x2D, 0x73, 0x69, 0x7A, 0x65, 0x3A, 0x20, 0x2E,
    0x38, 0x32, 0x72, 0x65, 0x6D, 0x3B, 0x20, 0x63, 0x6F, 0x6C, 0x6F, 0x72, 0x3A, 0x20, 0x76, 0x61,
    0x72, 0x28, 0x2D, 0x2D, 0x64, 0x69, 0x73, 0x63, 0x72, 0x65, 0x74, 0x29, 0x3B, 0x20, 0x7D, 0x0A,
    0x2E, 0x70, 0x61, 0x73, 0x74, 0x69, 0x6C, 0x6C, 0x65, 0x20, 0x7B, 0x20, 0x64, 0x69, 0x73, 0x70,
    0x6C, 0x61, 0x79, 0x3A, 0x20, 0x69, 0x6E, 0x6C, 0x69, 0x6E, 0x65, 0x2D, 0x62, 0x6C, 0x6F, 0x63,
    0x6B, 0x3B, 0x20, 0x77, 0x69, 0x64, 0x74, 0x68, 0x3A, 0x20, 0x31, 0x30, 0x70, 0x78, 0x3B, 0x20,
    0x68, 0x65, 0x69, 0x67, 0x68, 0x74, 0x3A, 0x20, 0x31, 0x30, 0x70, 0x78, 0x3B, 0x20, 0x62, 0x6F,
    0x72, 0x64, 0x65, 0x72, 0x2D, 0x72, 0x61, 0x64, 0x69, 0x75, 0x73, 0x3A, 0x20, 0x32, 0x70, 0x78,
    0x3B, 0x20, 0x6D, 0x61, 0x72, 0x67, 0x69, 0x6E, 0x2D, 0x72, 0x69, 0x67, 0x68, 0x74, 0x3A, 0x20,
    0x2E, 0x33, 0x72, 0x65, 0x6D, 0x3B, 0x20, 0x7D, 0x0A, 0x0A, 0x2F, 0x2A, 0x20, 0x2D, 0x2D, 0x2D,
    0x20, 0x50, 0x6F, 0x73, 0x74, 0x65, 0x73, 0x20, 0x2D, 0x2D, 0x2D, 0x2D, 0x2D, 0x2D, 0x2D, 0x2D,
    0x2D, 0x2D, 0x2D, 0x2D, 0x2D, 0x2D, 0x2D, 0x2D, 0x2D, 0x2D, 0x2D, 0x2D, 0x2D, 0x2D, 0x2D, 0x2D,
    0x2D, 0x2D, 0x2D, 0x2D, 0x2D, 0x2D, 0x2D, 0x2D, 0x2D, 0x2D, 0x2D, 0x2D, 0x2D, 0x2D, 0x2D, 0x2D,
    0x2D, 0x2D, 0x2D, 0x2D, 0x2D, 0x2D, 0x2D, 0x2D, 0x2D, 0x2D, 0x2D, 0x2D, 0x2D, 0x2D, 0x2D, 0x2D,
    0x2D, 0x2D, 0x2D, 0x2D, 0x20, 0x2A, 0x2F, 0x0A, 0x2E, 0x70, 0x6F, 0x73, 0x74, 0x65, 0x20, 0x7B,
    0x20, 0x62, 0x6F, 0x72, 0x64, 0x65, 0x72, 0x3A, 0x20, 0x31, 0x2E, 0x35, 0x70, 0x78, 0x20, 0x73,
    0x6F, 0x6C, 0x69, 0x64, 0x20, 0x76, 0x61, 0x72, 0x28, 0x2D, 0x2D, 0x6F, 0x75, 0x74, 0x72, 0x65,
    0x6D, 0x65, 0x72, 0x29, 0x3B, 0x20, 0x63, 0x6F, 0x6C, 0x6F, 0x72, 0x3A, 0x20, 0x76, 0x61, 0x72,
    0x28, 0x2D, 0x2D, 0x6F, 0x75, 0x74, 0x72, 0x65, 0x6D, 0x65, 0x72, 0x29, 0x3B, 0x20, 0x62, 0x6F,
    0x72, 0x64, 0x65, 0x72, 0x2D, 0x72, 0x61, 0x64, 0x69, 0x75, 0x73, 0x3A, 0x20, 0x39, 0x39, 0x39,
    0x70, 0x78, 0x3B, 0x0A, 0x20, 0x20, 0x70, 0x61, 0x64, 0x64, 0x69, 0x6E, 0x67, 0x3A, 0x20, 0x2E,
    0x33, 0x35, 0x72, 0x65, 0x6D, 0x20, 0x2E, 0x39, 0x72, 0x65, 0x6D, 0x3B, 0x20, 0x63, 0x75, 0x72,
    0x73, 0x6F, 0x72, 0x3A, 0x20, 0x70, 0x6F, 0x69, 0x6E, 0x74, 0x65, 0x72, 0x3B, 0x20, 0x66, 0x6F,
    0x6E, 0x74, 0x2D, 0x77, 0x65, 0x69, 0x67, 0x68, 0x74, 0x3A, 0x20, 0x37, 0x30, 0x30, 0x3B, 0x20,
    0x62, 0x61, 0x63, 0x6B, 0x67, 0x72, 0x6F, 0x75, 0x6E, 0x64, 0x3A, 0x20, 0x23, 0x66, 0x66, 0x66,
    0x3B, 0x20, 0x7D, 0x0A, 0x2E, 0x70, 0x6F, 0x73, 0x74, 0x65, 0x2E, 0x63, 0x68, 0x6F, 0x69, 0x73,
    0x69, 0x20, 0x7B, 0x20, 0x62, 0x61, 0x63, 0x6B, 0x67, 0x72, 0x6F, 0x75, 0x6E, 0x64, 0x3A, 0x20,
    0x76, 0x61, 0x72, 0x28, 0x2D, 0x2D, 0x6F, 0x75, 0x74, 0x72, 0x65, 0x6D, 0x65, 0x72, 0x29, 0x3B,
    0x20, 0x63, 0x6F, 0x6C, 0x6F, 0x72, 0x3A, 0x20, 0x23, 0x66, 0x66, 0x66, 0x3B, 0x20, 0x7D, 0x0A,
    0x23, 0x64, 0x72, 0x61, 0x70, 0x65, 0x61, 0x75, 0x2D, 0x61, 0x2D, 0x70, 0x72, 0x65, 0x6E, 0x64,
    0x72, 0x65, 0x20, 0x7B, 0x20, 0x66, 0x6F, 0x6E, 0x74, 0x2D, 0x73, 0x69, 0x7A, 0x65, 0x3A, 0x20,
    0x31, 0x72, 0x65, 0x6D, 0x3B, 0x20, 0x7D, 0x0A, 0x2E, 0x65, 0x74, 0x61, 0x74, 0x2D, 0x66, 0x61,
    0x69, 0x74, 0x20, 0x7B, 0x20, 0x63, 0x6F, 0x6C, 0x6F, 0x72, 0x3A, 0x20, 0x76, 0x61, 0x72, 0x28,
    0x2D, 0x2D, 0x6F, 0x6B, 0x29, 0x3B, 0x20, 0x66, 0x6F, 0x6E, 0x74, 0x2D, 0x77, 0x65, 0x69, 0x67,
    0x68, 0x74, 0x3A, 0x20, 0x37, 0x30, 0x30, 0x3B, 0x20, 0x7D, 0x0A, 0x2E, 0x65, 0x74, 0x61, 0x74,
    0x2D, 0x73, 0x61, 0x75, 0x74, 0x65, 0x20, 0x7B, 0x20, 0x63, 0x6F, 0x6C, 0x6F, 0x72, 0x3A, 0x20,
    0x76, 0x61, 0x72, 0x28, 0x2D, 0x2D, 0x61, 0x74, 0x74, 0x65, 0x6E, 0x74, 0x69, 0x6F, 0x6E, 0x29,
    0x3B, 0x20, 0x66, 0x6F, 0x6E, 0x74, 0x2D, 0x77, 0x65, 0x69, 0x67, 0x68, 0x74, 0x3A, 0x20, 0x36,
    0x30, 0x30, 0x3B, 0x20, 0x7D, 0x0A, 0x2E, 0x73, 0x69, 0x6D, 0x20, 0x7B, 0x20, 0x62, 0x61, 0x63,
    0x6B, 0x67, 0x72, 0x6F, 0x75, 0x6E, 0x64, 0x3A, 0x20, 0x23, 0x46, 0x41, 0x46, 0x41, 0x46, 0x43,
    0x3B, 0x20, 0x7D, 0x0A, 0x2F, 0x2A, 0x20, 0x42, 0x61, 0x72, 0x72, 0x65, 0x20, 0x64, 0x27, 0x6F,
    0x6E, 0x67, 0x6C, 0x65, 0x74, 0x73, 0x20, 0x3A, 0x20, 0x64, 0x65, 0x75, 0x78, 0x20, 0x70, 0x61,
    0x67, 0x65, 0x73, 0x20, 0x73, 0x65, 0x72, 0x76, 0x69, 0x65, 0x73, 0x20, 0x70, 0x61, 0x72, 0x20,
    0x6C, 0x65, 0x20, 0x6D, 0xC3, 0xAA, 0x6D, 0x65, 0x20, 0x45, 0x53, 0x50, 0x33, 0x32, 0x20, 0x73,
    0x75, 0x72, 0x20, 0x6C, 0x61, 0x20, 0x63, 0x69, 0x62, 0x6C, 0x65, 0x2E, 0x20, 0x2A, 0x2F, 0x0A,
    0x0A, 0x0A, 0x3C, 0x2F, 0x73, 0x74, 0x79, 0x6C, 0x65, 0x3E, 0x0A, 0x3C, 0x73, 0x74, 0x79, 0x6C,
    0x65, 0x3E, 0x0A, 0x2E, 0x64, 0x75, 0x6D, 0x70, 0x20, 0x7B, 0x20, 0x62, 0x61, 0x63, 0x6B, 0x67,
    0x72, 0x6F, 0x75, 0x6E, 0x64, 0x3A, 0x20, 0x23, 0x46, 0x41, 0x46, 0x42, 0x46, 0x46, 0x3B, 0x20,
    0x62, 0x6F, 0x72, 0x64, 0x65, 0x72, 0x3A, 0x20, 0x31, 0x70, 0x78, 0x20, 0x73, 0x6F, 0x6C, 0x69,
    0x64, 0x20, 0x76, 0x61, 0x72, 0x28, 0x2D, 0x2D, 0x62, 0x6F, 0x72, 0x64, 0x29, 0x3B, 0x20, 0x62,
    0x6F, 0x72, 0x64, 0x65, 0x72, 0x2D, 0x72, 0x61, 0x64, 0x69, 0x75, 0x73, 0x3A, 0x20, 0x31, 0x30,
    0x70, 0x78, 0x3B, 0x0A, 0x20, 0x20, 0x70, 0x61, 0x64, 0x64, 0x69, 0x6E, 0x67, 0x3A, 0x20, 0x31,
    0x72, 0x65, 0x6D, 0x20, 0x31, 0x2E, 0x32, 0x72, 0x65, 0x6D, 0x3B, 0x20, 0x66, 0x6F, 0x6E, 0x74,
    0x2D, 0x66, 0x61, 0x6D, 0x69, 0x6C, 0x79, 0x3A, 0x20, 0x75, 0x69, 0x2D, 0x6D, 0x6F, 0x6E, 0x6F,
    0x73, 0x70, 0x61, 0x63, 0x65, 0x2C, 0x20, 0x4D, 0x65, 0x6E, 0x6C, 0x6F, 0x2C, 0x20, 0x43, 0x6F,
    0x6E, 0x73, 0x6F, 0x6C, 0x61, 0x73, 0x2C, 0x20, 0x6D, 0x6F, 0x6E, 0x6F, 0x73, 0x70, 0x61, 0x63,
    0x65, 0x3B, 0x0A, 0x20, 0x20, 0x66, 0x6F, 0x6E, 0x74, 0x2D, 0x73, 0x69, 0x7A, 0x65, 0x3A, 0x20,
    0x2E, 0x38, 0x38, 0x72, 0x65, 0x6D, 0x3B, 0x20, 0x6F, 0x76, 0x65, 0x72, 0x66, 0x6C, 0x6F, 0x77,
    0x2D, 0x78, 0x3A, 0x20, 0x61, 0x75, 0x74, 0x6F, 0x3B, 0x20, 0x7D, 0x0A, 0x2F, 0x2A, 0x20, 0x60,
    0x74, 0x61, 0x62, 0x6C, 0x65, 0x20, 0x7B, 0x20, 0x77, 0x69, 0x64, 0x74, 0x68, 0x3A, 0x31, 0x30,
    0x30, 0x25, 0x20, 0x7D, 0x60, 0x20, 0x64, 0x75, 0x20, 0x74, 0x68, 0xC3, 0xA8, 0x6D, 0x65, 0x20,
    0xC3, 0xA9, 0x63, 0x61, 0x72, 0x74, 0x65, 0x72, 0x61, 0x69, 0x74, 0x20, 0x6C, 0x65, 0x73, 0x20,
    0x64, 0x65, 0x75, 0x78, 0x20, 0x63, 0x6F, 0x6C, 0x6F, 0x6E, 0x6E, 0x65, 0x73, 0x20, 0x64, 0x65,
    0x20, 0x74, 0x6F, 0x75, 0x74, 0x65, 0x20, 0x6C, 0x61, 0x0A, 0x20, 0x20, 0x20, 0x6C, 0x61, 0x72,
    0x67, 0x65, 0x75, 0x72, 0x20, 0x3A, 0x20, 0x69, 0x63, 0x69, 0x20, 0x6C, 0x61, 0x20, 0x63, 0x6C,
    0xC3, 0xA9, 0x20, 0x65, 0x74, 0x20, 0x6C, 0x61, 0x20, 0x76, 0x61, 0x6C, 0x65, 0x75, 0x72, 0x20,
    0x64, 0x6F, 0x69, 0x76, 0x65, 0x6E, 0x74, 0x20, 0x72, 0x65, 0x73, 0x74, 0x65, 0x72, 0x20, 0x6C,
    0x69, 0x73, 0x69, 0x62, 0x6C, 0x65, 0x73, 0x20, 0x65, 0x6E, 0x73, 0x65, 0x6D, 0x62, 0x6C, 0x65,
    0x2E, 0x20, 0x2A, 0x2F, 0x0A, 0x2E, 0x64, 0x75, 0x6D, 0x70, 0x20, 0x2E, 0x64, 0x75, 0x6D, 0x70,
    0x20, 0x74, 0x64, 0x2E, 0x63, 0x6C, 0x65, 0x20, 0x7B, 0x20, 0x6D, 0x69, 0x6E, 0x2D, 0x77, 0x69,
    0x64, 0x74, 0x68, 0x3A, 0x20, 0x31, 0x35, 0x72, 0x65, 0x6D, 0x3B, 0x20, 0x7D, 0x0A, 0x2E, 0x64,
    0x75, 0x6D, 0x70, 0x20, 0x74, 0x64, 0x20, 0x7B, 0x20, 0x70, 0x61, 0x64, 0x64, 0x69, 0x6E, 0x67,
    0x3A, 0x20, 0x2E, 0x31, 0x32, 0x72, 0x65, 0x6D, 0x20, 0x2E, 0x35, 0x72, 0x65, 0x6D, 0x20, 0x2E,
    0x31, 0x32, 0x72, 0x65, 0x6D, 0x20, 0x30, 0x3B, 0x20, 0x62, 0x6F, 0x72, 0x64, 0x65, 0x72, 0x3A,
    0x20, 0x6E, 0x6F, 0x6E, 0x65, 0x3B, 0x20, 0x77, 0x68, 0x69, 0x74, 0x65, 0x2D, 0x73, 0x70, 0x61,
    0x63, 0x65, 0x3A, 0x20, 0x6E, 0x6F, 0x77, 0x72, 0x61, 0x70, 0x3B, 0x20, 0x7D, 0x0A, 0x2E, 0x64,
    0x75, 0x6D, 0x70, 0x20, 0x74, 0x64, 0x2E, 0x63, 0x6C, 0x65, 0x20, 0x7B, 0x20, 0x63, 0x6F, 0x6C,
    0x6F, 0x72, 0x3A, 0x20, 0x76, 0x61, 0x72, 0x28, 0x2D, 0x2D, 0x64, 0x69, 0x73, 0x63, 0x72, 0x65,
    0x74, 0x29, 0x3B, 0x20, 0x7D, 0x0A, 0x2E, 0x64, 0x75, 0x6D, 0x70, 0x20, 0x74, 0x64, 0x2E, 0x76,
    0x61, 0x6C, 0x20, 0x7B, 0x20, 0x66, 0x6F, 0x6E, 0x74, 0x2D, 0x77, 0x65, 0x69, 0x67, 0x68, 0x74,
    0x3A, 0x20, 0x37, 0x30, 0x30, 0x3B, 0x20, 0x7D, 0x0A, 0x2E, 0x64, 0x75, 0x6D, 0x70, 0x20, 0x74,
    0x64, 0x2E, 0x76, 0x61, 0x6C, 0x2E, 0x6F, 0x6E, 0x20, 0x7B, 0x20, 0x63, 0x6F, 0x6C, 0x6F, 0x72,
    0x3A, 0x20, 0x76, 0x61, 0x72, 0x28, 0x2D, 0x2D, 0x6F, 0x6B, 0x29, 0x3B, 0x20, 0x7D, 0x0A, 0x2E,
    0x64, 0x75, 0x6D, 0x70, 0x20, 0x74, 0x64, 0x2E, 0x76, 0x61, 0x6C, 0x2E, 0x6F, 0x66, 0x66, 0x20,
    0x7B, 0x20, 0x63, 0x6F, 0x6C, 0x6F, 0x72, 0x3A, 0x20, 0x76, 0x61, 0x72, 0x28, 0x2D, 0x2D, 0x64,
    0x69, 0x73, 0x63, 0x72, 0x65, 0x74, 0x29, 0x3B, 0x20, 0x7D, 0x0A, 0x2E, 0x64, 0x75, 0x6D, 0x70,
    0x20, 0x74, 0x64, 0x2E, 0x76, 0x61, 0x6C, 0x2E, 0x6D, 0x61, 0x6C, 0x20, 0x7B, 0x20, 0x63, 0x6F,
    0x6C, 0x6F, 0x72, 0x3A, 0x20, 0x76, 0x61, 0x72, 0x28, 0x2D, 0x2D, 0x61, 0x6C, 0x65, 0x72, 0x74,
    0x65, 0x29, 0x3B, 0x20, 0x7D, 0x0A, 0x2E, 0x73, 0x65, 0x63, 0x74, 0x69, 0x6F, 0x6E, 0x2D, 0x64,
    0x75, 0x6D, 0x70, 0x20, 0x7B, 0x20, 0x63, 0x6F, 0x6C, 0x6F, 0x72, 0x3A, 0x20, 0x76, 0x61, 0x72,
    0x28, 0x2D, 0x2D, 0x6F, 0x75, 0x74, 0x72, 0x65, 0x6D, 0x65, 0x72, 0x29, 0x3B, 0x20, 0x66, 0x6F,
    0x6E, 0x74, 0x2D, 0x77, 0x65, 0x69, 0x67, 0x68, 0x74, 0x3A, 0x20, 0x37, 0x30, 0x30, 0x3B, 0x20,
    0x70, 0x61, 0x64, 0x64, 0x69, 0x6E, 0x67, 0x2D, 0x74, 0x6F, 0x70, 0x3A, 0x20, 0x2E, 0x37, 0x72,
    0x65, 0x6D, 0x3B, 0x20, 0x7D, 0x0A, 0x2E, 0x61, 0x76, 0x65, 0x72, 0x74, 0x20, 0x7B, 0x20, 0x62,
    0x61, 0x63, 0x6B, 0x67, 0x72, 0x6F, 0x75, 0x6E, 0x64, 0x3A, 0x20, 0x23, 0x46, 0x46, 0x46, 0x36,
    0x45, 0x35, 0x3B, 0x20, 0x62, 0x6F, 0x72, 0x64, 0x65, 0x72, 0x3A, 0x20, 0x31, 0x70, 0x78, 0x20,
    0x73, 0x6F, 0x6C, 0x69, 0x64, 0x20, 0x76, 0x61, 0x72, 0x28, 0x2D, 0x2D, 0x61, 0x74, 0x74, 0x65,
    0x6E, 0x74, 0x69, 0x6F, 0x6E, 0x29, 0x3B, 0x20, 0x62, 0x6F, 0x72, 0x64, 0x65, 0x72, 0x2D, 0x72,
    0x61, 0x64, 0x69, 0x75, 0x73, 0x3A, 0x20, 0x31, 0x30, 0x70, 0x78, 0x3B, 0x0A, 0x20, 0x20, 0x70,
    0x61, 0x64, 0x64, 0x69, 0x6E, 0x67, 0x3A, 0x20, 0x2E, 0x38, 0x72, 0x65, 0x6D, 0x20, 0x31, 0x72,
    0x65, 0x6D, 0x3B, 0x20, 0x66, 0x6F, 0x6E, 0x74, 0x2D, 0x73, 0x69, 0x7A, 0x65, 0x3A, 0x20, 0x2E,
    0x39, 0x72, 0x65, 0x6D, 0x3B, 0x20, 0x7D, 0x0A, 0x70, 0x72, 0x65, 0x2E, 0x62, 0x72, 0x75, 0x74,
    0x20, 0x7B, 0x20, 0x62, 0x61, 0x63, 0x6B, 0x67, 0x72, 0x6F, 0x75, 0x6E, 0x64, 0x3A, 0x20, 0x23,
    0x31, 0x31, 0x31, 0x3B, 0x20, 0x63, 0x6F, 0x6C, 0x6F, 0x72, 0x3A, 0x20, 0x23, 0x45, 0x36, 0x45,
    0x44, 0x46, 0x33, 0x3B, 0x20, 0x62, 0x6F, 0x72, 0x64, 0x65, 0x72, 0x2D, 0x72, 0x61, 0x64, 0x69,
    0x75, 0x73, 0x3A, 0x20, 0x31, 0x30, 0x70, 0x78, 0x3B, 0x20, 0x70, 0x61, 0x64, 0x64, 0x69, 0x6E,
    0x67, 0x3A, 0x20, 0x31, 0x72, 0x65, 0x6D, 0x3B, 0x0A, 0x20, 0x20, 0x6F, 0x76, 0x65, 0x72, 0x66,
    0x6C, 0x6F, 0x77, 0x2D, 0x78, 0x3A, 0x20, 0x61, 0x75, 0x74, 0x6F, 0x3B, 0x20, 0x66, 0x6F, 0x6E,
    0x74, 0x2D, 0x73, 0x69, 0x7A, 0x65, 0x3A, 0x20, 0x2E, 0x38, 0x32, 0x72, 0x65, 0x6D, 0x3B, 0x20,
    0x7D, 0x0A, 0x3C, 0x2F, 0x73, 0x74, 0x79, 0x6C, 0x65, 0x3E, 0x0A, 0x3C, 0x2F, 0x68, 0x65, 0x61,
    0x64, 0x3E, 0x0A, 0x3C, 0x62, 0x6F, 0x64, 0x79, 0x3E, 0x0A, 0x3C, 0x68, 0x65, 0x61, 0x64, 0x65,
    0x72, 0x3E, 0x0A, 0x20, 0x20, 0x3C, 0x73, 0x70, 0x61, 0x6E, 0x20, 0x63, 0x6C, 0x61, 0x73, 0x73,
    0x3D, 0x22, 0x6C, 0x6F, 0x67, 0x6F, 0x22, 0x3E, 0x41, 0x49, 0x4F, 0x3C, 0x2F, 0x73, 0x70, 0x61,
    0x6E, 0x3E, 0x0A, 0x20, 0x20, 0x3C, 0x73, 0x70, 0x61, 0x6E, 0x20, 0x63, 0x6C, 0x61, 0x73, 0x73,
    0x3D, 0x22, 0x74, 0x69, 0x74, 0x72, 0x65, 0x22, 0x3E, 0x44, 0x69, 0x61, 0x67, 0x6E, 0x6F, 0x73,
    0x74, 0x69, 0x63, 0x20, 0x61, 0x67, 0x76, 0x64, 0x75, 0x6D, 0x70, 0x3C, 0x2F, 0x73, 0x70, 0x61,
    0x6E, 0x3E, 0x0A, 0x20, 0x20, 0x3C, 0x6E, 0x61, 0x76, 0x20, 0x63, 0x6C, 0x61, 0x73, 0x73, 0x3D,
    0x22, 0x6F, 0x6E, 0x67, 0x6C, 0x65, 0x74, 0x73, 0x22, 0x3E, 0x0A, 0x20, 0x20, 0x20, 0x20, 0x3C,
    0x61, 0x20, 0x68, 0x72, 0x65, 0x66, 0x3D, 0x22, 0x2F, 0x22, 0x20, 0x63, 0x6C, 0x61, 0x73, 0x73,
    0x3D, 0x22, 0x6F, 0x6E, 0x67, 0x6C, 0x65, 0x74, 0x22, 0x3E, 0x61, 0x67, 0x76, 0x73, 0x63, 0x68,
    0x65, 0x64, 0x75, 0x6C, 0x65, 0x3C, 0x2F, 0x61, 0x3E, 0x0A, 0x20, 0x20, 0x20, 0x20, 0x3C, 0x61,
    0x20, 0x68, 0x72, 0x65, 0x66, 0x3D, 0x22, 0x2F, 0x61, 0x67, 0x76, 0x64, 0x75, 0x6D, 0x70, 0x2E,
    0x68, 0x74, 0x6D, 0x6C, 0x22, 0x20, 0x63, 0x6C, 0x61, 0x73, 0x73, 0x3D, 0x22, 0x6F, 0x6E, 0x67,
    0x6C, 0x65, 0x74, 0x20, 0x61, 0x63, 0x74, 0x69, 0x66, 0x22, 0x3E, 0x61, 0x67, 0x76, 0x64, 0x75,
    0x6D, 0x70, 0x3C, 0x2F, 0x61, 0x3E, 0x0A, 0x20, 0x20, 0x3C, 0x2F, 0x6E, 0x61, 0x76, 0x3E, 0x0A,
    0x3C, 0x2F, 0x68, 0x65, 0x61, 0x64, 0x65, 0x72, 0x3E, 0x0A, 0x0A, 0x3C, 0x6D, 0x61, 0x69, 0x6E,
    0x3E, 0x0A, 0x20, 0x20, 0x3C, 0x64, 0x69, 0x76, 0x20, 0x63, 0x6C, 0x61, 0x73, 0x73, 0x3D, 0x22,
    0x61, 0x76, 0x65, 0x72, 0x74, 0x22, 0x3E, 0x0A, 0x20, 0x20, 0x20, 0x20, 0x3C, 0x73, 0x74, 0x72,
    0x6F, 0x6E, 0x67, 0x3E, 0x4C, 0x65, 0x20, 0x66, 0x6F, 0x72, 0x6D, 0x61, 0x74, 0x20, 0x64, 0x65,
    0x20, 0x3C, 0x63, 0x6F, 0x64, 0x65, 0x3E, 0x2F, 0x61, 0x67, 0x76, 0x64, 0x75, 0x6D, 0x70, 0x3C,
    0x2F, 0x63, 0x6F, 0x64, 0x65, 0x3E, 0x20, 0x6E, 0x65, 0x20, 0x63, 0x68, 0x61, 0x6E, 0x67, 0x65,
    0x20, 0x70, 0x61, 0x73, 0x2E, 0x3C, 0x2F, 0x73, 0x74, 0x72, 0x6F, 0x6E, 0x67, 0x3E, 0x20, 0x4C,
    0x65, 0x73, 0x20, 0x6E, 0x6F, 0x6D, 0x73, 0x20, 0x64, 0x65, 0x0A, 0x20, 0x20, 0x20, 0x20, 0x63,
    0x68, 0x61, 0x6D, 0x70, 0x73, 0x20, 0x65, 0x74, 0x20, 0x64, 0x65, 0x20, 0x63, 0x6F, 0x6D, 0x70,
    0x74, 0x65, 0x75, 0x72, 0x73, 0x20, 0x73, 0x6F, 0x6E, 0x74, 0x20, 0x72, 0x65, 0x70, 0x72, 0x69,
    0x73, 0x20, 0x64, 0x75, 0x20, 0x66, 0x69, 0x72, 0x6D, 0x77, 0x61, 0x72, 0x65, 0x20, 0x64, 0x27,
    0x6F, 0x72, 0x69, 0x67, 0x69, 0x6E, 0x65, 0x20, 0x65, 0x74, 0x20, 0x6C, 0x75, 0x73, 0x20, 0x70,
    0x61, 0x72, 0x20, 0x6C, 0x65, 0x73, 0x0A, 0x20, 0x20, 0x20, 0x20, 0x70, 0x72, 0x6F, 0x63, 0xC3,
    0xA9, 0x64, 0x75, 0x72, 0x65, 0x73, 0x20, 0x64, 0x27, 0x61, 0x74, 0x65, 0x6C, 0x69, 0x65, 0x72,
    0x20, 0x64, 0x75, 0x20, 0x63, 0x6C, 0x69, 0x65, 0x6E, 0x74, 0x20, 0x28, 0xC2, 0xA7, 0x33, 0x2E,
    0x33, 0x29, 0x20, 0x3A, 0x20, 0x63, 0x65, 0x74, 0x74, 0x65, 0x20, 0x70, 0x61, 0x67, 0x65, 0x20,
    0x6E, 0x65, 0x20, 0x66, 0x61, 0x69, 0x74, 0x20, 0x71, 0x75, 0x65, 0x20, 0x6C, 0x65, 0x73, 0x0A,
    0x20, 0x20, 0x20, 0x20, 0x3C, 0x65, 0x6D, 0x3E, 0x70, 0x72, 0xC3, 0xA9, 0x73, 0x65, 0x6E, 0x74,
    0x65, 0x72, 0x3C, 0x2F, 0x65, 0x6D, 0x3E, 0x2E, 0x20, 0x4C, 0x65, 0x20, 0x74, 0x65, 0x78, 0x74,
    0x65, 0x20, 0x62, 0x72, 0x75, 0x74, 0x20, 0x72, 0x65, 0x73, 0x74, 0x65, 0x20, 0x73, 0x65, 0x72,
    0x76, 0x69, 0x20, 0x74, 0x65, 0x6C, 0x20, 0x71, 0x75, 0x65, 0x6C, 0x20, 0x73, 0x75, 0x72, 0x0A,
    0x20, 0x20, 0x20, 0x20, 0x3C, 0x61, 0x20, 0x68, 0x72, 0x65, 0x66, 0x3D, 0x22, 0x2F, 0x61, 0x67,
    0x76, 0x64, 0x75, 0x6D, 0x70, 0x22, 0x3E, 0x2F, 0x61, 0x67, 0x76, 0x64, 0x75, 0x6D, 0x70, 0x3C,
    0x2F, 0x61, 0x3E, 0x2E, 0x0A, 0x20, 0x20, 0x3C, 0x2F, 0x64, 0x69, 0x76, 0x3E, 0x0A, 0x0A, 0x20,
    0x20, 0x3C, 0x73, 0x65, 0x63, 0x74, 0x69, 0x6F, 0x6E, 0x3E, 0x0A, 0x20, 0x20, 0x20, 0x20, 0x3C,
    0x68, 0x32, 0x3E, 0x3C, 0x73, 0x70, 0x61, 0x6E, 0x20, 0x63, 0x6C, 0x61, 0x73, 0x73, 0x3D, 0x22,
    0x64, 0x69, 0x73, 0x63, 0x72, 0x65, 0x74, 0x22, 0x20, 0x69, 0x64, 0x3D, 0x22, 0x61, 0x67, 0x65,
    0x22, 0x3E, 0x2D, 0x3C, 0x2F, 0x73, 0x70, 0x61, 0x6E, 0x3E, 0x3C, 0x2F, 0x68, 0x32, 0x3E, 0x0A,
    0x20, 0x20, 0x20, 0x20, 0x3C, 0x64, 0x69, 0x76, 0x20, 0x63, 0x6C, 0x61, 0x73, 0x73, 0x3D, 0x22,
    0x64, 0x75, 0x6D, 0x70, 0x22, 0x20, 0x69, 0x64, 0x3D, 0x22, 0x64, 0x75, 0x6D, 0x70, 0x22, 0x3E,
    0x63, 0x68, 0x61, 0x72, 0x67, 0x65, 0x6D, 0x65, 0x6E, 0x74, 0xE2, 0x80, 0xA6, 0x3C, 0x2F, 0x64,
    0x69, 0x76, 0x3E, 0x0A, 0x20, 0x20, 0x20, 0x20, 0x3C, 0x64, 0x69, 0x76, 0x20, 0x63, 0x6C, 0x61,
    0x73, 0x73, 0x3D, 0x22, 0x6C, 0x69, 0x67, 0x6E, 0x65, 0x22, 0x20, 0x73, 0x74, 0x79, 0x6C, 0x65,
    0x3D, 0x22, 0x6D, 0x61, 0x72, 0x67, 0x69, 0x6E, 0x2D, 0x74, 0x6F, 0x70, 0x3A, 0x2E, 0x38, 0x72,
    0x65, 0x6D, 0x22, 0x3E, 0x0A, 0x20, 0x20, 0x20, 0x20, 0x20, 0x20, 0x3C, 0x62, 0x75, 0x74, 0x74,
    0x6F, 0x6E, 0x20, 0x6F, 0x6E, 0x63, 0x6C, 0x69, 0x63, 0x6B, 0x3D, 0x22, 0x63, 0x68, 0x61, 0x72,
    0x67, 0x65, 0x72, 0x28, 0x29, 0x22, 0x3E, 0x52, 0x61, 0x66, 0x72, 0x61, 0xC3, 0xAE, 0x63, 0x68,
    0x69, 0x72, 0x3C, 0x2F, 0x62, 0x75, 0x74, 0x74, 0x6F, 0x6E, 0x3E, 0x0A, 0x20, 0x20, 0x20, 0x20,
    0x20, 0x20, 0x3C, 0x62, 0x75, 0x74, 0x74, 0x6F, 0x6E, 0x20, 0x6F, 0x6E, 0x63, 0x6C, 0x69, 0x63,
    0x6B, 0x3D, 0x22, 0x62, 0x61, 0x73, 0x63, 0x75, 0x6C, 0x65, 0x72, 0x42, 0x72, 0x75, 0x74, 0x28,
    0x29, 0x22, 0x20, 0x69, 0x64, 0x3D, 0x22, 0x62, 0x74, 0x6E, 0x2D, 0x62, 0x72, 0x75, 0x74, 0x22,
    0x3E, 0x56, 0x6F, 0x69, 0x72, 0x20, 0x6C, 0x65, 0x20, 0x74, 0x65, 0x78, 0x74, 0x65, 0x20, 0x62,
    0x72, 0x75, 0x74, 0x3C, 0x2F, 0x62, 0x75, 0x74, 0x74, 0x6F, 0x6E, 0x3E, 0x0A, 0x20, 0x20, 0x20,
    0x20, 0x20, 0x20, 0x3C, 0x61, 0x20, 0x68, 0x72, 0x65, 0x66, 0x3D, 0x22, 0x2F, 0x61, 0x67, 0x76,
    0x64, 0x75, 0x6D, 0x70, 0x22, 0x20, 0x64, 0x6F, 0x77, 0x6E, 0x6C, 0x6F, 0x61, 0x64, 0x3D, 0x22,
    0x61, 0x67, 0x76, 0x64, 0x75, 0x6D, 0x70, 0x2E, 0x74, 0x78, 0x74, 0x22, 0x3E, 0x3C, 0x62, 0x75,
    0x74, 0x74, 0x6F, 0x6E, 0x3E, 0x54, 0xC3, 0xA9, 0x6C, 0xC3, 0xA9, 0x63, 0x68, 0x61, 0x72, 0x67,
    0x65, 0x72, 0x3C, 0x2F, 0x62, 0x75, 0x74, 0x74, 0x6F, 0x6E, 0x3E, 0x3C, 0x2F, 0x61, 0x3E, 0x0A,
    0x20, 0x20, 0x20, 0x20, 0x3C, 0x2F, 0x64, 0x69, 0x76, 0x3E, 0x0A, 0x20, 0x20, 0x20, 0x20, 0x3C,
    0x70, 0x72, 0x65, 0x20, 0x63, 0x6C, 0x61, 0x73, 0x73, 0x3D, 0x22, 0x62, 0x72, 0x75, 0x74, 0x22,
    0x20, 0x69, 0x64, 0x3D, 0x22, 0x62, 0x72, 0x75, 0x74, 0x22, 0x20, 0x68, 0x69, 0x64, 0x64, 0x65,
    0x6E, 0x3E, 0x3C, 0x2F, 0x70, 0x72, 0x65, 0x3E, 0x0A, 0x20, 0x20, 0x3C, 0x2F, 0x73, 0x65, 0x63,
    0x74, 0x69, 0x6F, 0x6E, 0x3E, 0x0A, 0x0A, 0x20, 0x20, 0x3C, 0x73, 0x65, 0x63, 0x74, 0x69, 0x6F,
    0x6E, 0x3E, 0x0A, 0x20, 0x20, 0x20, 0x20, 0x3C, 0x68, 0x32, 0x3E, 0x43, 0x65, 0x20, 0x71, 0x75,
    0x65, 0x20, 0x6C, 0x65, 0x20, 0x62, 0x61, 0x6E, 0x63, 0x20, 0x6E, 0x65, 0x20, 0x70, 0x65, 0x75,
    0x74, 0x20, 0x70, 0x61, 0x73, 0x20, 0x6D, 0x6F, 0x6E, 0x74, 0x72, 0x65, 0x72, 0x3C, 0x2F, 0x68,
    0x32, 0x3E, 0x0A, 0x20, 0x20, 0x20, 0x20, 0x3C, 0x70, 0x20, 0x63, 0x6C, 0x61, 0x73, 0x73, 0x3D,
    0x22, 0x64, 0x69, 0x73, 0x63, 0x72, 0x65, 0x74, 0x22, 0x3E, 0x49, 0x6C, 0x20, 0x6E, 0x27, 0x79,
    0x20, 0x61, 0x20, 0x3C, 0x73, 0x74, 0x72, 0x6F, 0x6E, 0x67, 0x3E, 0x70, 0x61, 0x73, 0x20, 0x64,
    0x27, 0x41, 0x54, 0x6D, 0x65, 0x67, 0x61, 0x3C, 0x2F, 0x73, 0x74, 0x72, 0x6F, 0x6E, 0x67, 0x3E,
    0x20, 0x73, 0x75, 0x72, 0x20, 0x63, 0x65, 0x20, 0x62, 0x61, 0x6E, 0x63, 0x20, 0x3A, 0x20, 0x6C,
    0x65, 0x73, 0x20, 0x63, 0x68, 0x61, 0x6D, 0x70, 0x73, 0x0A, 0x20, 0x20, 0x20, 0x20, 0x64, 0x65,
    0x20, 0x6C, 0x61, 0x20, 0x73, 0x65, 0x63, 0x74, 0x69, 0x6F, 0x6E, 0x20, 0x3C, 0x63, 0x6F, 0x64,
    0x65, 0x3E, 0x5B, 0x41, 0x47, 0x56, 0x20, 0x53, 0x54, 0x41, 0x54, 0x45, 0x5D, 0x3C, 0x2F, 0x63,
    0x6F, 0x64, 0x65, 0x3E, 0x20, 0x72, 0x65, 0x73, 0x74, 0x65, 0x6E, 0x74, 0x20, 0xC3, 0xA0, 0x20,
    0x6C, 0x65, 0x75, 0x72, 0x20, 0x76, 0x61, 0x6C, 0x65, 0x75, 0x72, 0x20, 0x64, 0x65, 0x20, 0x72,
    0x65, 0x70, 0x6F, 0x73, 0x2C, 0x20, 0x65, 0x74, 0x0A, 0x20, 0x20, 0x20, 0x20, 0x3C, 0x63, 0x6F,
    0x64, 0x65, 0x3E, 0x6D, 0x63, 0x75, 0x5F, 0x6C, 0x69, 0x6E, 0x6B, 0x5F, 0x75, 0x70, 0x3C, 0x2F,
    0x63, 0x6F, 0x64, 0x65, 0x3E, 0x20, 0x76, 0x61, 0x75, 0x74, 0x20, 0x30, 0x2E, 0x20, 0x53, 0x75,
    0x72, 0x20, 0x6C, 0x61, 0x20, 0x63, 0x69, 0x62, 0x6C, 0x65, 0x2C, 0x20, 0x69, 0x6C, 0x73, 0x20,
    0x61, 0x72, 0x72, 0x69, 0x76, 0x65, 0x6E, 0x74, 0x20, 0x70, 0x61, 0x72, 0x20, 0x6C, 0x61, 0x20,
    0x6C, 0x69, 0x61, 0x69, 0x73, 0x6F, 0x6E, 0x20, 0x73, 0xC3, 0xA9, 0x72, 0x69, 0x65, 0x2E, 0x0A,
    0x20, 0x20, 0x20, 0x20, 0x4C, 0x65, 0x73, 0x20, 0x63, 0x6F, 0x6D, 0x70, 0x74, 0x65, 0x75, 0x72,
    0x73, 0x20, 0x72, 0x65, 0x6E, 0x73, 0x65, 0x69, 0x67, 0x6E, 0xC3, 0xA9, 0x73, 0x20, 0x69, 0x63,
    0x69, 0x20, 0x73, 0x6F, 0x6E, 0x74, 0x20, 0x63, 0x65, 0x75, 0x78, 0x20, 0x71, 0x75, 0x65, 0x20,
    0x6C, 0x65, 0x20, 0x3C, 0x73, 0x74, 0x72, 0x6F, 0x6E, 0x67, 0x3E, 0x70, 0x6C, 0x61, 0x6E, 0x6E,
    0x69, 0x6E, 0x67, 0x3C, 0x2F, 0x73, 0x74, 0x72, 0x6F, 0x6E, 0x67, 0x3E, 0x20, 0x63, 0x6F, 0x6E,
    0x6E, 0x61, 0xC3, 0xAE, 0x74, 0x0A, 0x20, 0x20, 0x20, 0x20, 0x72, 0xC3, 0xA9, 0x65, 0x6C, 0x6C,
    0x65, 0x6D, 0x65, 0x6E, 0x74, 0x20, 0x3A, 0x20, 0x3C, 0x63, 0x6F, 0x64, 0x65, 0x3E, 0x68, 0x65,
    0x61, 0x72, 0x74, 0x62, 0x65, 0x61, 0x74, 0x73, 0x5F, 0x73, 0x65, 0x6E, 0x74, 0x3C, 0x2F, 0x63,
    0x6F, 0x64, 0x65, 0x3E, 0x20, 0x63, 0x6F, 0x6D, 0x70, 0x74, 0x65, 0x20, 0x6C, 0x65, 0x73, 0x20,
    0x64, 0xC3, 0xA9, 0x70, 0x61, 0x72, 0x74, 0x73, 0x20, 0x70, 0x61, 0x72, 0x74, 0x69, 0x73, 0x2C,
    0x0A, 0x20, 0x20, 0x20, 0x20, 0x3C, 0x63, 0x6F, 0x64, 0x65, 0x3E, 0x63, 0x6D, 0x64, 0x5F, 0x65,
    0x78, 0x70, 0x69, 0x72, 0x65, 0x64, 0x3C, 0x2F, 0x63, 0x6F, 0x64, 0x65, 0x3E, 0x20, 0x6C, 0x65,
    0x73, 0x20, 0x64, 0xC3, 0xA9, 0x70, 0x61, 0x72, 0x74, 0x73, 0x20, 0x73, 0x61, 0x75, 0x74, 0xC3,
    0xA9, 0x73, 0x2C, 0x20, 0x3C, 0x63, 0x6F, 0x64, 0x65, 0x3E, 0x6C, 0x69, 0x6E, 0x6B, 0x5F, 0x74,
    0x69, 0x6D, 0x65, 0x6F, 0x75, 0x74, 0x73, 0x3C, 0x2F, 0x63, 0x6F, 0x64, 0x65, 0x3E, 0x20, 0x6C,
    0x65, 0x73, 0x0A, 0x20, 0x20, 0x20, 0x20, 0x70, 0x61, 0x73, 0x73, 0x61, 0x67, 0x65, 0x73, 0x20,
    0x65, 0x6E, 0x20, 0x68, 0x65, 0x75, 0x72, 0x65, 0x20, 0x6E, 0x6F, 0x6E, 0x20, 0x66, 0x69, 0x61,
    0x62, 0x6C, 0x65, 0x2E, 0x3C, 0x2F, 0x70, 0x3E, 0x0A, 0x20, 0x20, 0x3C, 0x2F, 0x73, 0x65, 0x63,
    0x74, 0x69, 0x6F, 0x6E, 0x3E, 0x0A, 0x3C, 0x2F, 0x6D, 0x61, 0x69, 0x6E, 0x3E, 0x0A, 0x0A, 0x3C,
    0x73, 0x63, 0x72, 0x69, 0x70, 0x74, 0x3E, 0x0A, 0x27, 0x75, 0x73, 0x65, 0x20, 0x73, 0x74, 0x72,
    0x69, 0x63, 0x74, 0x27, 0x3B, 0x0A, 0x63, 0x6F, 0x6E, 0x73, 0x74, 0x20, 0x24, 0x20, 0x3D, 0x20,
    0x28, 0x69, 0x64, 0x29, 0x20, 0x3D, 0x3E, 0x20, 0x64, 0x6F, 0x63, 0x75, 0x6D, 0x65, 0x6E, 0x74,
    0x2E, 0x67, 0x65, 0x74, 0x45, 0x6C, 0x65, 0x6D, 0x65, 0x6E, 0x74, 0x42, 0x79, 0x49, 0x64, 0x28,
    0x69, 0x64, 0x29, 0x3B, 0x0A, 0x6C, 0x65, 0x74, 0x20, 0x62, 0x72, 0x75, 0x74, 0x56, 0x69, 0x73,
    0x69, 0x62, 0x6C, 0x65, 0x20, 0x3D, 0x20, 0x66, 0x61, 0x6C, 0x73, 0x65, 0x3B, 0x0A, 0x0A, 0x2F,
    0x2F, 0x20, 0x4C, 0x65, 0x73, 0x20, 0x63, 0x68, 0x61, 0x6D, 0x70, 0x73, 0x20, 0x62, 0x6F, 0x6F,
    0x6C, 0xC3, 0xA9, 0x65, 0x6E, 0x73, 0x20, 0x64, 0x75, 0x20, 0x64, 0x75, 0x6D, 0x70, 0x2C, 0x20,
    0x65, 0x74, 0x20, 0x6C, 0x65, 0x20, 0x73, 0x65, 0x6E, 0x73, 0x20, 0x71, 0x75, 0x27, 0x69, 0x6C,
    0x20, 0x66, 0x61, 0x75, 0x74, 0x20, 0x6C, 0x65, 0x75, 0x72, 0x20, 0x64, 0x6F, 0x6E, 0x6E, 0x65,
    0x72, 0x20, 0x3A, 0x20, 0x70, 0x6F, 0x75, 0x72, 0x0A, 0x2F, 0x2F, 0x20, 0x63, 0x65, 0x72, 0x74,
    0x61, 0x69, 0x6E, 0x73, 0x2C, 0x20, 0x31, 0x20, 0x65, 0x73, 0x74, 0x20, 0x75, 0x6E, 0x65, 0x20,
    0x62, 0x6F, 0x6E, 0x6E, 0x65, 0x20, 0x6E, 0x6F, 0x75, 0x76, 0x65, 0x6C, 0x6C, 0x65, 0x20, 0x3B,
    0x20, 0x70, 0x6F, 0x75, 0x72, 0x20, 0x64, 0x27, 0x61, 0x75, 0x74, 0x72, 0x65, 0x73, 0x2C, 0x20,
    0x63, 0x27, 0x65, 0x73, 0x74, 0x20, 0x6C, 0x27, 0x69, 0x6E, 0x76, 0x65, 0x72, 0x73, 0x65, 0x2E,
    0x0A, 0x63, 0x6F, 0x6E, 0x73, 0x74, 0x20, 0x42, 0x4F, 0x4E, 0x5F, 0x53, 0x49, 0x5F, 0x55, 0x4E,
    0x20, 0x3D, 0x20, 0x6E, 0x65, 0x77, 0x20, 0x53, 0x65, 0x74, 0x28, 0x5B, 0x27, 0x68, 0x65, 0x61,
    0x72, 0x74, 0x62, 0x65, 0x61, 0x74, 0x5F, 0x6F, 0x6B, 0x27, 0x2C, 0x20, 0x27, 0x6D, 0x63, 0x75,
    0x5F, 0x6C, 0x69, 0x6E, 0x6B, 0x5F, 0x75, 0x70, 0x27, 0x2C, 0x20, 0x27, 0x77, 0x69, 0x66, 0x69,
    0x5F, 0x75, 0x70, 0x27, 0x2C, 0x20, 0x27, 0x6D, 0x71, 0x74, 0x74, 0x5F, 0x75, 0x70, 0x27, 0x2C,
    0x20, 0x27, 0x69, 0x6E, 0x5F, 0x73, 0x74, 0x61, 0x74, 0x69, 0x6F, 0x6E, 0x27, 0x5D, 0x29, 0x3B,
    0x0A, 0x63, 0x6F, 0x6E, 0x73, 0x74, 0x20, 0x4D, 0x41, 0x55, 0x56, 0x41, 0x49, 0x53, 0x5F, 0x53,
    0x49, 0x5F, 0x55, 0x4E, 0x20, 0x3D, 0x20, 0x6E, 0x65, 0x77, 0x20, 0x53, 0x65, 0x74, 0x28, 0x5B,
    0x27, 0x70, 0x6C, 0x63, 0x5F, 0x66, 0x61, 0x75, 0x6C, 0x74, 0x27, 0x2C, 0x20, 0x27, 0x73, 0x61,
    0x66, 0x65, 0x5F, 0x73, 0x74, 0x6F, 0x70, 0x27, 0x2C, 0x20, 0x27, 0x6E, 0x6F, 0x5F, 0x64, 0x65,
    0x73, 0x74, 0x69, 0x6E, 0x61, 0x74, 0x69, 0x6F, 0x6E, 0x27, 0x5D, 0x29, 0x3B, 0x0A, 0x0A, 0x61,
    0x73, 0x79, 0x6E, 0x63, 0x20, 0x66, 0x75, 0x6E, 0x63, 0x74, 0x69, 0x6F, 0x6E, 0x20, 0x63, 0x68,
    0x61, 0x72, 0x67, 0x65, 0x72, 0x28, 0x29, 0x20, 0x7B, 0x0A, 0x20, 0x20, 0x63, 0x6F, 0x6E, 0x73,
    0x74, 0x20, 0x74, 0x65, 0x78, 0x74, 0x65, 0x20, 0x3D, 0x20, 0x61, 0x77, 0x61, 0x69, 0x74, 0x20,
    0x28, 0x61, 0x77, 0x61, 0x69, 0x74, 0x20, 0x66, 0x65, 0x74, 0x63, 0x68, 0x28, 0x27, 0x2F, 0x61,
    0x67, 0x76, 0x64, 0x75, 0x6D, 0x70, 0x27, 0x2C, 0x20, 0x7B, 0x20, 0x63, 0x61, 0x63, 0x68, 0x65,
    0x3A, 0x20, 0x27, 0x6E, 0x6F, 0x2D, 0x73, 0x74, 0x6F, 0x72, 0x65, 0x27, 0x20, 0x7D, 0x29, 0x29,
    0x2E, 0x74, 0x65, 0x78, 0x74, 0x28, 0x29, 0x3B, 0x0A, 0x20, 0x20, 0x24, 0x28, 0x27, 0x62, 0x72,
    0x75, 0x74, 0x27, 0x29, 0x2E, 0x74, 0x65, 0x78, 0x74, 0x43, 0x6F, 0x6E, 0x74, 0x65, 0x6E, 0x74,
    0x20, 0x3D, 0x20, 0x74, 0x65, 0x78, 0x74, 0x65, 0x3B, 0x0A, 0x0A, 0x20, 0x20, 0x63, 0x6F, 0x6E,
    0x73, 0x74, 0x20, 0x74, 0x61, 0x62, 0x6C, 0x65, 0x20, 0x3D, 0x20, 0x64, 0x6F, 0x63, 0x75, 0x6D,
    0x65, 0x6E, 0x74, 0x2E, 0x63, 0x72, 0x65, 0x61, 0x74, 0x65, 0x45, 0x6C, 0x65, 0x6D, 0x65, 0x6E,
    0x74, 0x28, 0x27, 0x74, 0x61, 0x62, 0x6C, 0x65, 0x27, 0x29, 0x3B, 0x0A, 0x20, 0x20, 0x66, 0x6F,
    0x72, 0x20, 0x28, 0x63, 0x6F, 0x6E, 0x73, 0x74, 0x20, 0x6C, 0x69, 0x67, 0x6E, 0x65, 0x20, 0x6F,
    0x66, 0x20, 0x74, 0x65, 0x78, 0x74, 0x65, 0x2E, 0x73, 0x70, 0x6C, 0x69, 0x74, 0x28, 0x27, 0x5C,
    0x6E, 0x27, 0x29, 0x29, 0x20, 0x7B, 0x0A, 0x20, 0x20, 0x20, 0x20, 0x63, 0x6F, 0x6E, 0x73, 0x74,
    0x20, 0x74, 0x72, 0x20, 0x3D, 0x20, 0x64, 0x6F, 0x63, 0x75, 0x6D, 0x65, 0x6E, 0x74, 0x2E, 0x63,
    0x72, 0x65, 0x61, 0x74, 0x65, 0x45, 0x6C, 0x65, 0x6D, 0x65, 0x6E, 0x74, 0x28, 0x27, 0x74, 0x72,
    0x27, 0x29, 0x3B, 0x0A, 0x20, 0x20, 0x20, 0x20, 0x69, 0x66, 0x20, 0x28, 0x6C, 0x69, 0x67, 0x6E,
    0x65, 0x2E, 0x73, 0x74, 0x61, 0x72, 0x74, 0x73, 0x57, 0x69, 0x74, 0x68, 0x28, 0x27, 0x5B, 0x27,
    0x29, 0x20, 0x7C, 0x7C, 0x20, 0x28, 0x6C, 0x69, 0x67, 0x6E, 0x65, 0x20, 0x26, 0x26, 0x20, 0x21,
    0x6C, 0x69, 0x67, 0x6E, 0x65, 0x2E, 0x69, 0x6E, 0x63, 0x6C, 0x75, 0x64, 0x65, 0x73, 0x28, 0x27,
    0x3D, 0x27, 0x29, 0x29, 0x29, 0x20, 0x7B, 0x0A, 0x20, 0x20, 0x20, 0x20, 0x20, 0x20, 0x63, 0x6F,
    0x6E, 0x73, 0x74, 0x20, 0x74, 0x64, 0x20, 0x3D, 0x20, 0x64, 0x6F, 0x63, 0x75, 0x6D, 0x65, 0x6E,
    0x74, 0x2E, 0x63, 0x72, 0x65, 0x61, 0x74, 0x65, 0x45, 0x6C, 0x65, 0x6D, 0x65, 0x6E, 0x74, 0x28,
    0x27, 0x74, 0x64, 0x27, 0x29, 0x3B, 0x0A, 0x20, 0x20, 0x20, 0x20, 0x20, 0x20, 0x74, 0x64, 0x2E,
    0x63, 0x6F, 0x6C, 0x53, 0x70, 0x61, 0x6E, 0x20, 0x3D, 0x20, 0x32, 0x3B, 0x0A, 0x20, 0x20, 0x20,
    0x20, 0x20, 0x20, 0x74, 0x64, 0x2E, 0x63, 0x6C, 0x61, 0x73, 0x73, 0x4E, 0x61, 0x6D, 0x65, 0x20,
    0x3D, 0x20, 0x27, 0x73, 0x65, 0x63, 0x74, 0x69, 0x6F, 0x6E, 0x2D, 0x64, 0x75, 0x6D, 0x70, 0x27,
    0x3B, 0x0A, 0x20, 0x20, 0x20, 0x20, 0x20, 0x20, 0x74, 0x64, 0x2E, 0x74, 0x65, 0x78, 0x74, 0x43,
    0x6F, 0x6E, 0x74, 0x65, 0x6E, 0x74, 0x20, 0x3D, 0x20, 0x6C, 0x69, 0x67, 0x6E, 0x65, 0x3B, 0x0A,
    0x20, 0x20, 0x20, 0x20, 0x20, 0x20, 0x74, 0x72, 0x2E, 0x61, 0x70, 0x70, 0x65, 0x6E, 0x64, 0x43,
    0x68, 0x69, 0x6C, 0x64, 0x28, 0x74, 0x64, 0x29, 0x3B, 0x0A, 0x20, 0x20, 0x20, 0x20, 0x7D, 0x20,
    0x65, 0x6C, 0x73, 0x65, 0x20, 0x69, 0x66, 0x20, 0x28, 0x6C, 0x69, 0x67, 0x6E, 0x65, 0x2E, 0x69,
    0x6E, 0x63, 0x6C, 0x75, 0x64, 0x65, 0x73, 0x28, 0x27, 0x3D, 0x27, 0x29, 0x29, 0x20, 0x7B, 0x0A,
    0x20, 0x20, 0x20, 0x20, 0x20, 0x20, 0x63, 0x6F, 0x6E, 0x73, 0x74, 0x20, 0x69, 0x20, 0x3D, 0x20,
    0x6C, 0x69, 0x67, 0x6E, 0x65, 0x2E, 0x69, 0x6E, 0x64, 0x65, 0x78, 0x4F, 0x66, 0x28, 0x27, 0x3D,
    0x27, 0x29, 0x3B, 0x0A, 0x20, 0x20, 0x20, 0x20, 0x20, 0x20, 0x63, 0x6F, 0x6E, 0x73, 0x74, 0x20,
    0x63, 0x6C, 0x65, 0x20, 0x3D, 0x20, 0x6C, 0x69, 0x67, 0x6E, 0x65, 0x2E, 0x73, 0x6C, 0x69, 0x63,
    0x65, 0x28, 0x30, 0x2C, 0x20, 0x69, 0x29, 0x3B, 0x0A, 0x20, 0x20, 0x20, 0x20, 0x20, 0x20, 0x63,
    0x6F, 0x6E, 0x73, 0x74, 0x20, 0x76, 0x61, 0x6C, 0x20, 0x3D, 0x20, 0x6C, 0x69, 0x67, 0x6E, 0x65,
    0x2E, 0x73, 0x6C, 0x69, 0x63, 0x65, 0x28, 0x69, 0x20, 0x2B, 0x20, 0x31, 0x29, 0x3B, 0x0A, 0x20,
    0x20, 0x20, 0x20, 0x20, 0x20, 0x63, 0x6F, 0x6E, 0x73, 0x74, 0x20, 0x74, 0x64, 0x63, 0x20, 0x3D,
    0x20, 0x64, 0x6F, 0x63, 0x75, 0x6D, 0x65, 0x6E, 0x74, 0x2E, 0x63, 0x72, 0x65, 0x61, 0x74, 0x65,
    0x45, 0x6C, 0x65, 0x6D, 0x65, 0x6E, 0x74, 0x28, 0x27, 0x74, 0x64, 0x27, 0x29, 0x3B, 0x0A, 0x20,
    0x20, 0x20, 0x20, 0x20, 0x20, 0x74, 0x64, 0x63, 0x2E, 0x63, 0x6C, 0x61, 0x73, 0x73, 0x4E, 0x61,
    0x6D, 0x65, 0x20, 0x3D, 0x20, 0x27, 0x63, 0x6C, 0x65, 0x27, 0x3B, 0x0A, 0x20, 0x20, 0x20, 0x20,
    0x20, 0x20, 0x74, 0x64, 0x63, 0x2E, 0x74, 0x65, 0x78, 0x74, 0x43, 0x6F, 0x6E, 0x74, 0x65, 0x6E,
    0x74, 0x20, 0x3D, 0x20, 0x63, 0x6C, 0x65, 0x3B, 0x0A, 0x20, 0x20, 0x20, 0x20, 0x20, 0x20, 0x63,
    0x6F, 0x6E, 0x73, 0x74, 0x20, 0x74, 0x64, 0x76, 0x20, 0x3D, 0x20, 0x64, 0x6F, 0x63, 0x75, 0x6D,
    0x65, 0x6E, 0x74, 0x2E, 0x63, 0x72, 0x65, 0x61, 0x74, 0x65, 0x45, 0x6C, 0x65, 0x6D, 0x65, 0x6E,
    0x74, 0x28, 0x27, 0x74, 0x64, 0x27, 0x29, 0x3B, 0x0A, 0x20, 0x20, 0x20, 0x20, 0x20, 0x20, 0x74,
    0x64, 0x76, 0x2E, 0x63, 0x6C, 0x61, 0x73, 0x73, 0x4E, 0x61, 0x6D, 0x65, 0x20, 0x3D, 0x20, 0x27,
    0x76, 0x61, 0x6C, 0x27, 0x3B, 0x0A, 0x20, 0x20, 0x20, 0x20, 0x20, 0x20, 0x74, 0x64, 0x76, 0x2E,
    0x74, 0x65, 0x78, 0x74, 0x43, 0x6F, 0x6E, 0x74, 0x65, 0x6E, 0x74, 0x20, 0x3D, 0x20, 0x76, 0x61,
    0x6C, 0x20, 0x3D, 0x3D, 0x3D, 0x20, 0x27, 0x27, 0x20, 0x3F, 0x20, 0x27, 0x2D, 0x27, 0x20, 0x3A,
    0x20, 0x76, 0x61, 0x6C, 0x3B, 0x0A, 0x20, 0x20, 0x20, 0x20, 0x20, 0x20, 0x69, 0x66, 0x20, 0x28,
    0x76, 0x61, 0x6C, 0x20, 0x3D, 0x3D, 0x3D, 0x20, 0x27, 0x31, 0x27, 0x20, 0x7C, 0x7C, 0x20, 0x76,
    0x61, 0x6C, 0x20, 0x3D, 0x3D, 0x3D, 0x20, 0x27, 0x30, 0x27, 0x29, 0x20, 0x7B, 0x0A, 0x20, 0x20,
    0x20, 0x20, 0x20, 0x20, 0x20, 0x20, 0x63, 0x6F, 0x6E, 0x73, 0x74, 0x20, 0x76, 0x72, 0x61, 0x69,
    0x20, 0x3D, 0x20, 0x76, 0x61, 0x6C, 0x20, 0x3D, 0x3D, 0x3D, 0x20, 0x27, 0x31, 0x27, 0x3B, 0x0A,
    0x20, 0x20, 0x20, 0x20, 0x20, 0x20, 0x20, 0x20, 0x69, 0x66, 0x20, 0x28, 0x42, 0x4F, 0x4E, 0x5F,
    0x53, 0x49, 0x5F, 0x55, 0x4E, 0x2E, 0x68, 0x61, 0x73, 0x28, 0x63, 0x6C, 0x65, 0x29, 0x29, 0x20,
    0x74, 0x64, 0x76, 0x2E, 0x63, 0x6C, 0x61, 0x73, 0x73, 0x4C, 0x69, 0x73, 0x74, 0x2E, 0x61, 0x64,
    0x64, 0x28, 0x76, 0x72, 0x61, 0x69, 0x20, 0x3F, 0x20, 0x27, 0x6F, 0x6E, 0x27, 0x20, 0x3A, 0x20,
    0x27, 0x6F, 0x66, 0x66, 0x27, 0x29, 0x3B, 0x0A, 0x20, 0x20, 0x20, 0x20, 0x20, 0x20, 0x20, 0x20,
    0x65, 0x6C, 0x73, 0x65, 0x20, 0x69, 0x66, 0x20, 0x28, 0x4D, 0x41, 0x55, 0x56, 0x41, 0x49, 0x53,
    0x5F, 0x53, 0x49, 0x5F, 0x55, 0x4E, 0x2E, 0x68, 0x61, 0x73, 0x28, 0x63, 0x6C, 0x65, 0x29, 0x29,
    0x20, 0x74, 0x64, 0x76, 0x2E, 0x63, 0x6C, 0x61, 0x73, 0x73, 0x4C, 0x69, 0x73, 0x74, 0x2E, 0x61,
    0x64, 0x64, 0x28, 0x76, 0x72, 0x61, 0x69, 0x20, 0x3F, 0x20, 0x27, 0x6D, 0x61, 0x6C, 0x27, 0x20,
    0x3A, 0x20, 0x27, 0x6F, 0x66, 0x66, 0x27, 0x29, 0x3B, 0x0A, 0x20, 0x20, 0x20, 0x20, 0x20, 0x20,
    0x7D, 0x0A, 0x20, 0x20, 0x20, 0x20, 0x20, 0x20, 0x69, 0x66, 0x20, 0x28, 0x63, 0x6C, 0x65, 0x20,
    0x3D, 0x3D, 0x3D, 0x20, 0x27, 0x66, 0x61, 0x75, 0x6C, 0x74, 0x27, 0x20, 0x26, 0x26, 0x20, 0x76,
    0x61, 0x6C, 0x20, 0x21, 0x3D, 0x3D, 0x20, 0x27, 0x4E, 0x4F, 0x4E, 0x45, 0x27, 0x29, 0x20, 0x74,
    0x64, 0x76, 0x2E, 0x63, 0x6C, 0x61, 0x73, 0x73, 0x4C, 0x69, 0x73, 0x74, 0x2E, 0x61, 0x64, 0x64,
    0x28, 0x27, 0x6D, 0x61, 0x6C, 0x27, 0x29, 0x3B, 0x0A, 0x20, 0x20, 0x20, 0x20, 0x20, 0x20, 0x74,
    0x72, 0x2E, 0x61, 0x70, 0x70, 0x65, 0x6E, 0x64, 0x28, 0x74, 0x64, 0x63, 0x2C, 0x20, 0x74, 0x64,
    0x76, 0x29, 0x3B, 0x0A, 0x20, 0x20, 0x20, 0x20, 0x7D, 0x20, 0x65, 0x6C, 0x73, 0x65, 0x20, 0x7B,
    0x0A, 0x20, 0x20, 0x20, 0x20, 0x20, 0x20, 0x63, 0x6F, 0x6E, 0x74, 0x69, 0x6E, 0x75, 0x65, 0x3B,
    0x0A, 0x20, 0x20, 0x20, 0x20, 0x7D, 0x0A, 0x20, 0x20, 0x20, 0x20, 0x74, 0x61, 0x62, 0x6C, 0x65,
    0x2E, 0x61, 0x70, 0x70, 0x65, 0x6E, 0x64, 0x43, 0x68, 0x69, 0x6C, 0x64, 0x28, 0x74, 0x72, 0x29,
    0x3B, 0x0A, 0x20, 0x20, 0x7D, 0x0A, 0x20, 0x20, 0x24, 0x28, 0x27, 0x64, 0x75, 0x6D, 0x70, 0x27,
    0x29, 0x2E, 0x72, 0x65, 0x70, 0x6C, 0x61, 0x63, 0x65, 0x43, 0x68, 0x69, 0x6C, 0x64, 0x72, 0x65,
    0x6E, 0x28, 0x74, 0x61, 0x62, 0x6C, 0x65, 0x29, 0x3B, 0x0A, 0x20, 0x20, 0x24, 0x28, 0x27, 0x61,
    0x67, 0x65, 0x27, 0x29, 0x2E, 0x74, 0x65, 0x78, 0x74, 0x43, 0x6F, 0x6E, 0x74, 0x65, 0x6E, 0x74,
    0x20, 0x3D, 0x20, 0x27, 0x72, 0x65, 0x6C, 0x65, 0x76, 0xC3, 0xA9, 0x20, 0xC3, 0xA0, 0x20, 0x27,
    0x20, 0x2B, 0x20, 0x6E, 0x65, 0x77, 0x20, 0x44, 0x61, 0x74, 0x65, 0x28, 0x29, 0x2E, 0x74, 0x6F,
    0x4C, 0x6F, 0x63, 0x61, 0x6C, 0x65, 0x54, 0x69, 0x6D, 0x65, 0x53, 0x74, 0x72, 0x69, 0x6E, 0x67,
    0x28, 0x27, 0x66, 0x72, 0x2D, 0x46, 0x52, 0x27, 0x29, 0x3B, 0x0A, 0x7D, 0x0A, 0x0A, 0x66, 0x75,
    0x6E, 0x63, 0x74, 0x69, 0x6F, 0x6E, 0x20, 0x62, 0x61, 0x73, 0x63, 0x75, 0x6C, 0x65, 0x72, 0x42,
    0x72, 0x75, 0x74, 0x28, 0x29, 0x20, 0x7B, 0x0A, 0x20, 0x20, 0x62, 0x72, 0x75, 0x74, 0x56, 0x69,
    0x73, 0x69, 0x62, 0x6C, 0x65, 0x20, 0x3D, 0x20, 0x21, 0x62, 0x72, 0x75, 0x74, 0x56, 0x69, 0x73,
    0x69, 0x62, 0x6C, 0x65, 0x3B, 0x0A, 0x20, 0x20, 0x24, 0x28, 0x27, 0x62, 0x72, 0x75, 0x74, 0x27,
    0x29, 0x2E, 0x68, 0x69, 0x64, 0x64, 0x65, 0x6E, 0x20, 0x3D, 0x20, 0x21, 0x62, 0x72, 0x75, 0x74,
    0x56, 0x69, 0x73, 0x69, 0x62, 0x6C, 0x65, 0x3B, 0x0A, 0x20, 0x20, 0x24, 0x28, 0x27, 0x62, 0x74,
    0x6E, 0x2D, 0x62, 0x72, 0x75, 0x74, 0x27, 0x29, 0x2E, 0x74, 0x65, 0x78, 0x74, 0x43, 0x6F, 0x6E,
    0x74, 0x65, 0x6E, 0x74, 0x20, 0x3D, 0x20, 0x62, 0x72, 0x75, 0x74, 0x56, 0x69, 0x73, 0x69, 0x62,
    0x6C, 0x65, 0x20, 0x3F, 0x20, 0x27, 0x4D, 0x61, 0x73, 0x71, 0x75, 0x65, 0x72, 0x20, 0x6C, 0x65,
    0x20, 0x74, 0x65, 0x78, 0x74, 0x65, 0x20, 0x62, 0x72, 0x75, 0x74, 0x27, 0x20, 0x3A, 0x20, 0x27,
    0x56, 0x6F, 0x69, 0x72, 0x20, 0x6C, 0x65, 0x20, 0x74, 0x65, 0x78, 0x74, 0x65, 0x20, 0x62, 0x72,
    0x75, 0x74, 0x27, 0x3B, 0x0A, 0x7D, 0x0A, 0x0A, 0x63, 0x68, 0x61, 0x72, 0x67, 0x65, 0x72, 0x28,
    0x29, 0x3B, 0x0A, 0x73, 0x65, 0x74, 0x49, 0x6E, 0x74, 0x65, 0x72, 0x76, 0x61, 0x6C, 0x28, 0x63,
    0x68, 0x61, 0x72, 0x67, 0x65, 0x72, 0x2C, 0x20, 0x32, 0x30, 0x30, 0x30, 0x29, 0x3B, 0x0A, 0x3C,
    0x2F, 0x73, 0x63, 0x72, 0x69, 0x70, 0x74, 0x3E, 0x0A, 0x3C, 0x2F, 0x62, 0x6F, 0x64, 0x79, 0x3E,
    0x0A, 0x3C, 0x2F, 0x68, 0x74, 0x6D, 0x6C, 0x3E, 0x0A,
};

// index.html : 27438 octets
inline const unsigned char kIndexHtml[] = {
    0x3C, 0x21, 0x64, 0x6F, 0x63, 0x74, 0x79, 0x70, 0x65, 0x20, 0x68, 0x74, 0x6D, 0x6C, 0x3E, 0x0A,
    0x3C, 0x68, 0x74, 0x6D, 0x6C, 0x20, 0x6C, 0x61, 0x6E, 0x67, 0x3D, 0x22, 0x66, 0x72, 0x22, 0x3E,
    0x0A, 0x3C, 0x68, 0x65, 0x61, 0x64, 0x3E, 0x0A, 0x3C, 0x6D, 0x65, 0x74, 0x61, 0x20, 0x63, 0x68,
    0x61, 0x72, 0x73, 0x65, 0x74, 0x3D, 0x22, 0x75, 0x74, 0x66, 0x2D, 0x38, 0x22, 0x3E, 0x0A, 0x3C,
    0x6D, 0x65, 0x74, 0x61, 0x20, 0x6E, 0x61, 0x6D, 0x65, 0x3D, 0x22, 0x76, 0x69, 0x65, 0x77, 0x70,
    0x6F, 0x72, 0x74, 0x22, 0x20, 0x63, 0x6F, 0x6E, 0x74, 0x65, 0x6E, 0x74, 0x3D, 0x22, 0x77, 0x69,
    0x64, 0x74, 0x68, 0x3D, 0x64, 0x65, 0x76, 0x69, 0x63, 0x65, 0x2D, 0x77, 0x69, 0x64, 0x74, 0x68,
    0x2C, 0x20, 0x69, 0x6E, 0x69, 0x74, 0x69, 0x61, 0x6C, 0x2D, 0x73, 0x63, 0x61, 0x6C, 0x65, 0x3D,
    0x31, 0x22, 0x3E, 0x0A, 0x3C, 0x74, 0x69, 0x74, 0x6C, 0x65, 0x3E, 0x41, 0x49, 0x4F, 0x20, 0x3A,
    0x20, 0x50, 0x6C, 0x61, 0x6E, 0x6E, 0x69, 0x6E, 0x67, 0x20, 0x6A, 0x6F, 0x75, 0x72, 0x6E, 0x61,
    0x6C, 0x69, 0x65, 0x72, 0x20, 0x41, 0x47, 0x56, 0x3C, 0x2F, 0x74, 0x69, 0x74, 0x6C, 0x65, 0x3E,
    0x0A, 0x3C, 0x6C, 0x69, 0x6E, 0x6B, 0x20, 0x72, 0x65, 0x6C, 0x3D, 0x22, 0x73, 0x74, 0x79, 0x6C,
    0x65, 0x73, 0x68, 0x65, 0x65, 0x74, 0x22, 0x20, 0x68, 0x72, 0x65, 0x66, 0x3D, 0x22, 0x2F, 0x74,
    0x68, 0x65, 0x6D, 0x65, 0x2E, 0x63, 0x73, 0x73, 0x22, 0x3E, 0x0A, 0x3C, 0x73, 0x74, 0x79, 0x6C,
    0x65, 0x3E, 0x0A, 0x2F, 0x2A, 0x20, 0x41, 0x6C, 0x65, 0x72, 0x74, 0x65, 0x20, 0x64, 0x27, 0x61,
    0x72, 0x72, 0xC3, 0xAA, 0x74, 0x20, 0x64, 0x65, 0x20, 0x73, 0xC3, 0xA9, 0x63, 0x75, 0x72, 0x69,
    0x74, 0xC3, 0xA9, 0x20, 0x3A, 0x20, 0x65, 0x6C, 0x6C, 0x65, 0x20, 0x64, 0x6F, 0x69, 0x74, 0x20,
    0xC3, 0xAA, 0x74, 0x72, 0x65, 0x20, 0x49, 0x4D, 0x50, 0x4F, 0x53, 0x53, 0x49, 0x42, 0x4C, 0x45,
    0x20, 0xC3, 0xA0, 0x20, 0x6D, 0x61, 0x6E, 0x71, 0x75, 0x65, 0x72, 0x2C, 0x20, 0x65, 0x74, 0x20,
    0x72, 0x65, 0x73, 0x74, 0x65, 0x72, 0x0A, 0x20, 0x20, 0x20, 0x6A, 0x75, 0x73, 0x71, 0x75, 0x27,
    0xC3, 0xA0, 0x20, 0x75, 0x6E, 0x20, 0x67, 0x65, 0x73, 0x74, 0x65, 0x20, 0x68, 0x75, 0x6D, 0x61,
    0x69, 0x6E, 0x2C, 0x20, 0x63, 0x6F, 0x6D, 0x6D, 0x65, 0x20, 0x6C, 0x65, 0x20, 0x72, 0xC3, 0xA9,
    0x61, 0x72, 0x6D, 0x65, 0x6D, 0x65, 0x6E, 0x74, 0x20, 0x70, 0x68, 0x79, 0x73, 0x69, 0x71, 0x75,
    0x65, 0x20, 0x64, 0x65, 0x20, 0x6C, 0x61, 0x20, 0x63, 0x68, 0x61, 0xC3, 0xAE, 0x6E, 0x65, 0x2E,
    0x20, 0x2A, 0x2F, 0x0A, 0x2E, 0x61, 0x6C, 0x65, 0x72, 0x74, 0x65, 0x2D, 0x63, 0x6F, 0x6C, 0x6C,
    0x69, 0x73, 0x69, 0x6F, 0x6E, 0x20, 0x7B, 0x0A, 0x20, 0x20, 0x62, 0x61, 0x63, 0x6B, 0x67, 0x72,
    0x6F, 0x75, 0x6E, 0x64, 0x3A, 0x20, 0x76, 0x61, 0x72, 0x28, 0x2D, 0x2D, 0x61, 0x6C, 0x65, 0x72,
    0x74, 0x65, 0x29, 0x3B, 0x20, 0x63, 0x6F, 0x6C, 0x6F, 0x72, 0x3A, 0x20, 0x23, 0x66, 0x66, 0x66,
    0x3B, 0x20, 0x62, 0x6F, 0x72, 0x64, 0x65, 0x72, 0x2D, 0x72, 0x61, 0x64, 0x69, 0x75, 0x73, 0x3A,
    0x20, 0x31, 0x32, 0x70, 0x78, 0x3B, 0x20, 0x70, 0x61, 0x64, 0x64, 0x69, 0x6E, 0x67, 0x3A, 0x20,
    0x31, 0x72, 0x65, 0x6D, 0x20, 0x31, 0x2E, 0x32, 0x72, 0x65, 0x6D, 0x3B, 0x0A, 0x20, 0x20, 0x64,
    0x69, 0x73, 0x70, 0x6C, 0x61, 0x79, 0x3A, 0x20, 0x66, 0x6C, 0x65, 0x78, 0x3B, 0x20, 0x61, 0x6C,
    0x69, 0x67, 0x6E, 0x2D, 0x69, 0x74, 0x65, 0x6D, 0x73, 0x3A, 0x20, 0x63, 0x65, 0x6E, 0x74, 0x65,
    0x72, 0x3B, 0x20, 0x6A, 0x75, 0x73, 0x74, 0x69, 0x66, 0x79, 0x2D, 0x63, 0x6F, 0x6E, 0x74, 0x65,
    0x6E, 0x74, 0x3A, 0x20, 0x73, 0x70, 0x61, 0x63, 0x65, 0x2D, 0x62, 0x65, 0x74, 0x77, 0x65, 0x65,
    0x6E, 0x3B, 0x20, 0x67, 0x61, 0x70, 0x3A, 0x20, 0x31, 0x72, 0x65, 0x6D, 0x3B, 0x0A, 0x20, 0x20,
    0x66, 0x6C, 0x65, 0x78, 0x2D, 0x77, 0x72, 0x61, 0x70, 0x3A, 0x20, 0x77, 0x72, 0x61, 0x70, 0x3B,
    0x20, 0x62, 0x6F, 0x78, 0x2D, 0x73, 0x68, 0x61, 0x64, 0x6F, 0x77, 0x3A, 0x20, 0x30, 0x20, 0x34,
    0x70, 0x78, 0x20, 0x31, 0x38, 0x70, 0x78, 0x20, 0x72, 0x67, 0x62, 0x61, 0x28, 0x31, 0x37, 0x39,
    0x2C, 0x33, 0x38, 0x2C, 0x33, 0x30, 0x2C, 0x2E, 0x33, 0x35, 0x29, 0x3B, 0x0A, 0x7D, 0x0A, 0x2E,
    0x61, 0x6C, 0x65, 0x72, 0x74, 0x65, 0x2D, 0x63, 0x6F, 0x6C, 0x6C, 0x69, 0x73, 0x69, 0x6F, 0x6E,
    0x20, 0x2E, 0x70, 0x69, 0x63, 0x74, 0x6F, 0x67, 0x72, 0x61, 0x6D, 0x6D, 0x65, 0x20, 0x7B, 0x20,
    0x66, 0x6F, 0x6E, 0x74, 0x2D, 0x73, 0x69, 0x7A, 0x65, 0x3A, 0x20, 0x32, 0x72, 0x65, 0x6D, 0x3B,
    0x20, 0x6C, 0x69, 0x6E, 0x65, 0x2D, 0x68, 0x65, 0x69, 0x67, 0x68, 0x74, 0x3A, 0x20, 0x31, 0x3B,
    0x20, 0x7D, 0x0A, 0x2E, 0x61, 0x6C, 0x65, 0x72, 0x74, 0x65, 0x2D, 0x63, 0x6F, 0x6C, 0x6C, 0x69,
    0x73, 0x69, 0x6F, 0x6E, 0x20, 0x2E, 0x63, 0x6F, 0x72, 0x70, 0x73, 0x20, 0x7B, 0x20, 0x66, 0x6C,
    0x65, 0x78, 0x3A, 0x20, 0x31, 0x20, 0x31, 0x20, 0x32, 0x32, 0x72, 0x65, 0x6D, 0x3B, 0x20, 0x7D,
    0x0A, 0x2E, 0x61, 0x6C, 0x65, 0x72, 0x74, 0x65, 0x2D, 0x63, 0x6F, 0x6C, 0x6C, 0x69, 0x73, 0x69,
    0x6F, 0x6E, 0x20, 0x2E, 0x71, 0x75, 0x6F, 0x69, 0x20, 0x7B, 0x20, 0x66, 0x6F, 0x6E, 0x74, 0x2D,
    0x73, 0x69, 0x7A, 0x65, 0x3A, 0x20, 0x31, 0x2E, 0x30, 0x35, 0x72, 0x65, 0x6D, 0x3B, 0x20, 0x66,
    0x6F, 0x6E, 0x74, 0x2D, 0x77, 0x65, 0x69, 0x67, 0x68, 0x74, 0x3A, 0x20, 0x38, 0x30, 0x30, 0x3B,
    0x20, 0x7D, 0x0A, 0x2E, 0x61, 0x6C, 0x65, 0x72, 0x74, 0x65, 0x2D, 0x63, 0x6F, 0x6C, 0x6C, 0x69,
    0x73, 0x69, 0x6F, 0x6E, 0x20, 0x2E, 0x64, 0x65, 0x74, 0x61, 0x69, 0x6C, 0x20, 0x7B, 0x20, 0x66,
    0x6F, 0x6E, 0x74, 0x2D, 0x73, 0x69, 0x7A, 0x65, 0x3A, 0x20, 0x2E, 0x39, 0x72, 0x65, 0x6D, 0x3B,
    0x20, 0x6F, 0x70, 0x61, 0x63, 0x69, 0x74, 0x79, 0x3A, 0x20, 0x2E, 0x39, 0x35, 0x3B, 0x20, 0x6D,
    0x61, 0x72, 0x67, 0x69, 0x6E, 0x2D, 0x74, 0x6F, 0x70, 0x3A, 0x20, 0x2E, 0x31, 0x35, 0x72, 0x65,
    0x6D, 0x3B, 0x20, 0x7D, 0x0A, 0x2E, 0x61, 0x6C, 0x65, 0x72, 0x74, 0x65, 0x2D, 0x63, 0x6F, 0x6C,
    0x6C, 0x69, 0x73, 0x69, 0x6F, 0x6E, 0x20, 0x62, 0x75, 0x74, 0x74, 0x6F, 0x6E, 0x20, 0x7B, 0x20,
    0x62, 0x6F, 0x72, 0x64, 0x65, 0x72, 0x2D, 0x63, 0x6F, 0x6C, 0x6F, 0x72, 0x3A, 0x20, 0x23, 0x66,
    0x66, 0x66, 0x3B, 0x20, 0x62, 0x61, 0x63, 0x6B, 0x67, 0x72, 0x6F, 0x75, 0x6E, 0x64, 0x3A, 0x20,
    0x74, 0x72, 0x61, 0x6E, 0x73, 0x70, 0x61, 0x72, 0x65, 0x6E, 0x74, 0x3B, 0x20, 0x63, 0x6F, 0x6C,
    0x6F, 0x72, 0x3A, 0x20, 0x23, 0x66, 0x66, 0x66, 0x3B, 0x20, 0x7D, 0x0A, 0x2E, 0x61, 0x6C, 0x65,
    0x72, 0x74, 0x65, 0x2D, 0x63, 0x6F, 0x6C, 0x6C, 0x69, 0x73, 0x69, 0x6F, 0x6E, 0x20, 0x62, 0x75,
    0x74, 0x74, 0x6F, 0x6E, 0x3A, 0x68, 0x6F, 0x76, 0x65, 0x72, 0x20, 0x7B, 0x20, 0x62, 0x61, 0x63,
    0x6B, 0x67, 0x72, 0x6F, 0x75, 0x6E, 0x64, 0x3A, 0x20, 0x72, 0x67, 0x62, 0x61, 0x28, 0x32, 0x35,
    0x35, 0x2C, 0x32, 0x35, 0x35, 0x2C, 0x32, 0x35, 0x35, 0x2C, 0x2E, 0x31, 0x38, 0x29, 0x3B, 0x20,
    0x7D, 0x0A, 0x2E, 0x61, 0x6C, 0x65, 0x72, 0x74, 0x65, 0x2D, 0x63, 0x6F, 0x6C, 0x6C, 0x69, 0x73,
    0x69, 0x6F, 0x6E, 0x20, 0x69, 0x6E, 0x70, 0x75, 0x74, 0x20, 0x7B, 0x20, 0x62, 0x6F, 0x72, 0x64,
    0x65, 0x72, 0x3A, 0x20, 0x6E, 0x6F, 0x6E, 0x65, 0x3B, 0x20, 0x7D, 0x0A, 0x0A, 0x2F, 0x2A, 0x20,
    0x50, 0x72, 0x6F, 0x70, 0x72, 0x65, 0x20, 0xC3, 0xA0, 0x20, 0x63, 0x65, 0x74, 0x74, 0x65, 0x20,
    0x70, 0x61, 0x67, 0x65, 0x2E, 0x20, 0x4C, 0x61, 0x20, 0x70, 0x61, 0x6C, 0x65, 0x74, 0x74, 0x65,
    0x2C, 0x20, 0x6C, 0x27, 0x65, 0x6E, 0x2D, 0x74, 0xC3, 0xAA, 0x74, 0x65, 0x2C, 0x20, 0x6C, 0x65,
    0x73, 0x20, 0x62, 0x6F, 0x75, 0x74, 0x6F, 0x6E, 0x73, 0x2C, 0x20, 0x6C, 0x65, 0x73, 0x20, 0x66,
    0x65, 0x6E, 0xC3, 0xAA, 0x74, 0x72, 0x65, 0x73, 0x0A, 0x20, 0x20, 0x20, 0x65, 0x74, 0x20, 0x6C,
    0x65, 0x73, 0x20, 0x74, 0x61, 0x62, 0x6C, 0x65, 0x61, 0x75, 0x78, 0x20, 0x76, 0x69, 0x65, 0x6E,
    0x6E, 0x65, 0x6E, 0x74, 0x20, 0x64, 0x65, 0x20, 0x74, 0x68, 0x65, 0x6D, 0x65, 0x2E, 0x63, 0x73,
    0x73, 0x20, 0x28, 0x73, 0x6F, 0x75, 0x72, 0x63, 0x65, 0x20, 0x3A, 0x20, 0x64, 0x6F, 0x63, 0x73,
    0x2F, 0x74, 0x68, 0x65, 0x6D, 0x65, 0x2F, 0x74, 0x68, 0x65, 0x6D, 0x65, 0x2E, 0x63, 0x73, 0x73,
    0x29, 0x2E, 0x20, 0x2A, 0x2F, 0x0A, 0x0A, 0x0A, 0x0A, 0x2E, 0x62, 0x61, 0x6E, 0x64, 0x65, 0x61,
    0x75, 0x20, 0x2E, 0x62, 0x61, 0x6E, 0x64, 0x65, 0x61, 0x75, 0x20, 0x2E, 0x62, 0x61, 0x6E, 0x64,
    0x65, 0x61, 0x75, 0x20, 0x0A, 0x2F, 0x2A, 0x20, 0x2D, 0x2D, 0x2D, 0x20, 0x4C, 0x61, 0x20, 0x66,
    0x72, 0x69, 0x73, 0x65, 0x20, 0x2D, 0x2D, 0x2D, 0x2D, 0x2D, 0x2D, 0x2D, 0x2D, 0x2D, 0x2D, 0x2D,
    0x2D, 0x2D, 0x2D, 0x2D, 0x2D, 0x2D, 0x2D, 0x2D, 0x2D, 0x2D, 0x2D, 0x2D, 0x2D, 0x2D, 0x2D, 0x2D,
    0x2D, 0x2D, 0x2D, 0x2D, 0x2D, 0x2D, 0x2D, 0x2D, 0x2D, 0x2D, 0x2D, 0x2D, 0x2D, 0x2D, 0x2D, 0x2D,
    0x2D, 0x2D, 0x2D, 0x2D, 0x2D, 0x2D, 0x2D, 0x2D, 0x2D, 0x2D, 0x2D, 0x2D, 0x2D, 0x2D, 0x20, 0x2A,
    0x2F, 0x0A, 0x2E, 0x66, 0x72, 0x69, 0x73, 0x65, 0x2D, 0x63, 0x61, 0x64, 0x72, 0x65, 0x20, 0x7B,
    0x20, 0x70, 0x6F, 0x73, 0x69, 0x74, 0x69, 0x6F, 0x6E, 0x3A, 0x20, 0x72, 0x65, 0x6C, 0x61, 0x74,
    0x69, 0x76, 0x65, 0x3B, 0x20, 0x6D, 0x61, 0x72, 0x67, 0x69, 0x6E, 0x2D, 0x74, 0x6F, 0x70, 0x3A,
    0x20, 0x2E, 0x35, 0x72, 0x65, 0x6D, 0x3B, 0x20, 0x7D, 0x0A, 0x2E, 0x66, 0x72, 0x69, 0x73, 0x65,
    0x20, 0x7B, 0x20, 0x70, 0x6F, 0x73, 0x69, 0x74, 0x69, 0x6F, 0x6E, 0x3A, 0x20, 0x72, 0x65, 0x6C,
    0x61, 0x74, 0x69, 0x76, 0x65, 0x3B, 0x20, 0x62, 0x6F, 0x72, 0x64, 0x65, 0x72, 0x3A, 0x20, 0x31,
    0x70, 0x78, 0x20, 0x73, 0x6F, 0x6C, 0x69, 0x64, 0x20, 0x76, 0x61, 0x72, 0x28, 0x2D, 0x2D, 0x62,
    0x6F, 0x72, 0x64, 0x29, 0x3B, 0x20, 0x62, 0x6F, 0x72, 0x64, 0x65, 0x72, 0x2D, 0x72, 0x61, 0x64,
    0x69, 0x75, 0x73, 0x3A, 0x20, 0x31, 0x30, 0x70, 0x78, 0x3B, 0x0A, 0x20, 0x20, 0x62, 0x61, 0x63,
    0x6B, 0x67, 0x72, 0x6F, 0x75, 0x6E, 0x64, 0x3A, 0x20, 0x6C, 0x69, 0x6E, 0x65, 0x61, 0x72, 0x2D,
    0x67, 0x72, 0x61, 0x64, 0x69, 0x65, 0x6E, 0x74, 0x28, 0x23, 0x66, 0x66, 0x66, 0x2C, 0x20, 0x23,
    0x46, 0x41, 0x46, 0x42, 0x46, 0x46, 0x29, 0x3B, 0x20, 0x6F, 0x76, 0x65, 0x72, 0x66, 0x6C, 0x6F,
    0x77, 0x3A, 0x20, 0x68, 0x69, 0x64, 0x64, 0x65, 0x6E, 0x3B, 0x0A, 0x20, 0x20, 0x2F, 0x2A, 0x20,
    0x4C, 0x61, 0x20, 0x68, 0x61, 0x75, 0x74, 0x65, 0x75, 0x72, 0x20, 0x65, 0x73, 0x74, 0x20, 0x70,
    0x6F, 0x73, 0xC3, 0xA9, 0x65, 0x20, 0x70, 0x61, 0x72, 0x20, 0x72, 0x65, 0x6E, 0x64, 0x72, 0x65,
    0x46, 0x72, 0x69, 0x73, 0x65, 0x28, 0x29, 0x20, 0x3A, 0x20, 0x65, 0x6C, 0x6C, 0x65, 0x20, 0x73,
    0x75, 0x69, 0x74, 0x20, 0x6C, 0x65, 0x20, 0x6E, 0x6F, 0x6D, 0x62, 0x72, 0x65, 0x20, 0x64, 0x65,
    0x20, 0x72, 0x61, 0x6E, 0x67, 0xC3, 0xA9, 0x65, 0x73, 0x0A, 0x20, 0x20, 0x20, 0x20, 0x20, 0x72,
    0xC3, 0xA9, 0x65, 0x6C, 0x6C, 0x65, 0x6D, 0x65, 0x6E, 0x74, 0x20, 0x6F, 0x63, 0x63, 0x75, 0x70,
    0xC3, 0xA9, 0x65, 0x73, 0x2E, 0x20, 0x46, 0x69, 0x78, 0xC3, 0xA9, 0x65, 0x20, 0x69, 0x63, 0x69,
    0x2C, 0x20, 0x6C, 0x61, 0x20, 0x66, 0x72, 0x69, 0x73, 0x65, 0x20, 0x73, 0x61, 0x74, 0x75, 0x72,
    0x61, 0x69, 0x74, 0x20, 0x64, 0xC3, 0xA8, 0x73, 0x20, 0x74, 0x72, 0x6F, 0x69, 0x73, 0x20, 0x64,
    0xC3, 0xA9, 0x70, 0x61, 0x72, 0x74, 0x73, 0x2E, 0x20, 0x2A, 0x2F, 0x0A, 0x20, 0x20, 0x68, 0x65,
    0x69, 0x67, 0x68, 0x74, 0x3A, 0x20, 0x31, 0x35, 0x30, 0x70, 0x78, 0x3B, 0x20, 0x74, 0x72, 0x61,
    0x6E, 0x73, 0x69, 0x74, 0x69, 0x6F, 0x6E, 0x3A, 0x20, 0x68, 0x65, 0x69, 0x67, 0x68, 0x74, 0x20,
    0x2E, 0x31, 0x38, 0x73, 0x3B, 0x20, 0x7D, 0x0A, 0x2E, 0x66, 0x72, 0x69, 0x73, 0x65, 0x2E, 0x61,
    0x72, 0x6D, 0x65, 0x65, 0x20, 0x7B, 0x20, 0x63, 0x75, 0x72, 0x73, 0x6F, 0x72, 0x3A, 0x20, 0x63,
    0x72, 0x6F, 0x73, 0x73, 0x68, 0x61, 0x69, 0x72, 0x3B, 0x20, 0x62, 0x6F, 0x78, 0x2D, 0x73, 0x68,
    0x61, 0x64, 0x6F, 0x77, 0x3A, 0x20, 0x69, 0x6E, 0x73, 0x65, 0x74, 0x20, 0x30, 0x20, 0x30, 0x20,
    0x30, 0x20, 0x32, 0x70, 0x78, 0x20, 0x76, 0x61, 0x72, 0x28, 0x2D, 0x2D, 0x6F, 0x75, 0x74, 0x72,
    0x65, 0x6D, 0x65, 0x72, 0x29, 0x3B, 0x20, 0x7D, 0x0A, 0x2E, 0x68, 0x65, 0x75, 0x72, 0x65, 0x2D,
    0x74, 0x69, 0x63, 0x6B, 0x20, 0x7B, 0x20, 0x70, 0x6F, 0x73, 0x69, 0x74, 0x69, 0x6F, 0x6E, 0x3A,
    0x20, 0x61, 0x62, 0x73, 0x6F, 0x6C, 0x75, 0x74, 0x65, 0x3B, 0x20, 0x62, 0x6F, 0x74, 0x74, 0x6F,
    0x6D, 0x3A, 0x20, 0x30, 0x3B, 0x20, 0x68, 0x65, 0x69, 0x67, 0x68, 0x74, 0x3A, 0x20, 0x32, 0x36,
    0x70, 0x78, 0x3B, 0x20, 0x62, 0x6F, 0x72, 0x64, 0x65, 0x72, 0x2D, 0x6C, 0x65, 0x66, 0x74, 0x3A,
    0x20, 0x31, 0x70, 0x78, 0x20, 0x73, 0x6F, 0x6C, 0x69, 0x64, 0x20, 0x76, 0x61, 0x72, 0x28, 0x2D,
    0x2D, 0x62, 0x6F, 0x72, 0x64, 0x29, 0x3B, 0x0A, 0x20, 0x20, 0x70, 0x61, 0x64, 0x64, 0x69, 0x6E,
    0x67, 0x2D, 0x6C, 0x65, 0x66, 0x74, 0x3A, 0x20, 0x2E, 0x32, 0x35, 0x72, 0x65, 0x6D, 0x3B, 0x20,
    0x66, 0x6F, 0x6E, 0x74, 0x2D, 0x73, 0x69, 0x7A, 0x65, 0x3A, 0x20, 0x2E, 0x37, 0x32, 0x72, 0x65,
    0x6D, 0x3B, 0x20, 0x63, 0x6F, 0x6C, 0x6F, 0x72, 0x3A, 0x20, 0x76, 0x61, 0x72, 0x28, 0x2D, 0x2D,
    0x64, 0x69, 0x73, 0x63, 0x72, 0x65, 0x74, 0x29, 0x3B, 0x20, 0x7D, 0x0A, 0x2E, 0x63, 0x75, 0x72,
    0x73, 0x65, 0x75, 0x72, 0x20, 0x7B, 0x20, 0x70, 0x6F, 0x73, 0x69, 0x74, 0x69, 0x6F, 0x6E, 0x3A,
    0x20, 0x61, 0x62, 0x73, 0x6F, 0x6C, 0x75, 0x74, 0x65, 0x3B, 0x20, 0x74, 0x6F, 0x70, 0x3A, 0x20,
    0x30, 0x3B, 0x20, 0x62, 0x6F, 0x74, 0x74, 0x6F, 0x6D, 0x3A, 0x20, 0x30, 0x3B, 0x20, 0x77, 0x69,
    0x64, 0x74, 0x68, 0x3A, 0x20, 0x32, 0x70, 0x78, 0x3B, 0x0A, 0x20, 0x20, 0x62, 0x61, 0x63, 0x6B,
    0x67, 0x72, 0x6F, 0x75, 0x6E, 0x64, 0x3A, 0x20, 0x76, 0x61, 0x72, 0x28, 0x2D, 0x2D, 0x6F, 0x75,
    0x74, 0x72, 0x65, 0x6D, 0x65, 0x72, 0x29, 0x3B, 0x20, 0x7A, 0x2D, 0x69, 0x6E, 0x64, 0x65, 0x78,
    0x3A, 0x20, 0x33, 0x3B, 0x20, 0x7D, 0x0A, 0x2E, 0x63, 0x75, 0x72, 0x73, 0x65, 0x75, 0x72, 0x3A,
    0x3A, 0x61, 0x66, 0x74, 0x65, 0x72, 0x20, 0x7B, 0x20, 0x63, 0x6F, 0x6E, 0x74, 0x65, 0x6E, 0x74,
    0x3A, 0x20, 0x61, 0x74, 0x74, 0x72, 0x28, 0x64, 0x61, 0x74, 0x61, 0x2D, 0x68, 0x65, 0x75, 0x72,
    0x65, 0x29, 0x3B, 0x20, 0x70, 0x6F, 0x73, 0x69, 0x74, 0x69, 0x6F, 0x6E, 0x3A, 0x20, 0x61, 0x62,
    0x73, 0x6F, 0x6C, 0x75, 0x74, 0x65, 0x3B, 0x20, 0x62, 0x6F, 0x74, 0x74, 0x6F, 0x6D, 0x3A, 0x20,
    0x32, 0x70, 0x78, 0x3B, 0x20, 0x6C, 0x65, 0x66, 0x74, 0x3A, 0x20, 0x34, 0x70, 0x78, 0x3B, 0x0A,
    0x20, 0x20, 0x66, 0x6F, 0x6E, 0x74, 0x2D, 0x73, 0x69, 0x7A, 0x65, 0x3A, 0x20, 0x2E, 0x37, 0x32,
    0x72, 0x65, 0x6D, 0x3B, 0x20, 0x63, 0x6F, 0x6C, 0x6F, 0x72, 0x3A, 0x20, 0x76, 0x61, 0x72, 0x28,
    0x2D, 0x2D, 0x6F, 0x75, 0x74, 0x72, 0x65, 0x6D, 0x65, 0x72, 0x29, 0x3B, 0x20, 0x66, 0x6F, 0x6E,
    0x74, 0x2D, 0x77, 0x65, 0x69, 0x67, 0x68, 0x74, 0x3A, 0x20, 0x37, 0x30, 0x30, 0x3B, 0x20, 0x77,
    0x68, 0x69, 0x74, 0x65, 0x2D, 0x73, 0x70, 0x61, 0x63, 0x65, 0x3A, 0x20, 0x6E, 0x6F, 0x77, 0x72,
    0x61, 0x70, 0x3B, 0x0A, 0x20, 0x20, 0x62, 0x61, 0x63, 0x6B, 0x67, 0x72, 0x6F, 0x75, 0x6E, 0x64,
    0x3A, 0x20, 0x23, 0x66, 0x66, 0x66, 0x3B, 0x20, 0x70, 0x61, 0x64, 0x64, 0x69, 0x6E, 0x67, 0x3A,
    0x20, 0x30, 0x20, 0x32, 0x70, 0x78, 0x3B, 0x20, 0x62, 0x6F, 0x72, 0x64, 0x65, 0x72, 0x2D, 0x72,
    0x61, 0x64, 0x69, 0x75, 0x73, 0x3A, 0x20, 0x32, 0x70, 0x78, 0x3B, 0x20, 0x7D, 0x0A, 0x2F, 0x2A,
    0x20, 0x55, 0x6E, 0x20, 0x74, 0x72, 0x61, 0x6A, 0x65, 0x74, 0x20, 0x64, 0x75, 0x72, 0x65, 0x20,
    0x61, 0x75, 0x20, 0x70, 0x6C, 0x75, 0x73, 0x20, 0x35, 0x20, 0x6D, 0x69, 0x6E, 0x2C, 0x20, 0x73,
    0x6F, 0x69, 0x74, 0x20, 0x30, 0x2C, 0x33, 0x35, 0x20, 0x25, 0x20, 0x64, 0x27, 0x75, 0x6E, 0x65,
    0x20, 0x66, 0x72, 0x69, 0x73, 0x65, 0x20, 0x64, 0x65, 0x20, 0x32, 0x34, 0x20, 0x68, 0x2E, 0x20,
    0x4C, 0x27, 0x4F, 0x43, 0x43, 0x55, 0x50, 0x41, 0x54, 0x49, 0x4F, 0x4E, 0x0A, 0x20, 0x20, 0x20,
    0x65, 0x73, 0x74, 0x20, 0x64, 0x6F, 0x6E, 0x63, 0x20, 0x64, 0x65, 0x73, 0x73, 0x69, 0x6E, 0xC3,
    0xA9, 0x65, 0x20, 0xC3, 0xA0, 0x20, 0x73, 0x61, 0x20, 0x6C, 0x61, 0x72, 0x67, 0x65, 0x75, 0x72,
    0x20, 0x52, 0xC3, 0x89, 0x45, 0x4C, 0x4C, 0x45, 0x2C, 0x20, 0x73, 0x75, 0x72, 0x20, 0x6C, 0x27,
    0x61, 0x78, 0x65, 0x20, 0x3B, 0x20, 0x6C, 0x27, 0xC3, 0x89, 0x54, 0x49, 0x51, 0x55, 0x45, 0x54,
    0x54, 0x45, 0x20, 0x66, 0x6C, 0x6F, 0x74, 0x74, 0x65, 0x0A, 0x20, 0x20, 0x20, 0x61, 0x75, 0x2D,
    0x64, 0x65, 0x73, 0x73, 0x75, 0x73, 0x2C, 0x20, 0x64, 0xC3, 0xA9, 0x74, 0x61, 0x63, 0x68, 0xC3,
    0xA9, 0x65, 0x2C, 0x20, 0x65, 0x74, 0x20, 0x6E, 0x27, 0x65, 0x6E, 0x67, 0x61, 0x67, 0x65, 0x20,
    0x61, 0x75, 0x63, 0x75, 0x6E, 0x65, 0x20, 0x64, 0x75, 0x72, 0xC3, 0xA9, 0x65, 0x2E, 0x20, 0x4C,
    0x65, 0x73, 0x20, 0x63, 0x6F, 0x6E, 0x66, 0x6F, 0x6E, 0x64, 0x72, 0x65, 0x20, 0x3A, 0x20, 0xC3,
    0xA9, 0x74, 0x69, 0x71, 0x75, 0x65, 0x74, 0x74, 0x65, 0x0A, 0x20, 0x20, 0x20, 0x70, 0x6F, 0x73,
    0xC3, 0xA9, 0x65, 0x20, 0x73, 0x75, 0x72, 0x20, 0x6C, 0x27, 0x61, 0x78, 0x65, 0x20, 0x3A, 0x20,
    0x6C, 0x61, 0x69, 0x73, 0x73, 0x61, 0x69, 0x74, 0x20, 0x6C, 0x69, 0x72, 0x65, 0x20, 0x64, 0x65,
    0x75, 0x78, 0x20, 0x68, 0x65, 0x75, 0x72, 0x65, 0x73, 0x20, 0x64, 0x27, 0x69, 0x6D, 0x6D, 0x6F,
    0x62, 0x69, 0x6C, 0x69, 0x73, 0x61, 0x74, 0x69, 0x6F, 0x6E, 0x20, 0x70, 0x6F, 0x75, 0x72, 0x20,
    0x63, 0x69, 0x6E, 0x71, 0x0A, 0x20, 0x20, 0x20, 0x6D, 0x69, 0x6E, 0x75, 0x74, 0x65, 0x73, 0x20,
    0x64, 0x65, 0x20, 0x74, 0x72, 0x61, 0x6A, 0x65, 0x74, 0x2E, 0x20, 0x2A, 0x2F, 0x0A, 0x2E, 0x6F,
    0x63, 0x63, 0x75, 0x70, 0x61, 0x74, 0x69, 0x6F, 0x6E, 0x20, 0x7B, 0x20, 0x70, 0x6F, 0x73, 0x69,
    0x74, 0x69, 0x6F, 0x6E, 0x3A, 0x20, 0x61, 0x62, 0x73, 0x6F, 0x6C, 0x75, 0x74, 0x65, 0x3B, 0x20,
    0x68, 0x65, 0x69, 0x67, 0x68, 0x74, 0x3A, 0x20, 0x31, 0x32, 0x70, 0x78, 0x3B, 0x20, 0x62, 0x6F,
    0x72, 0x64, 0x65, 0x72, 0x2D, 0x72, 0x61, 0x64, 0x69, 0x75, 0x73, 0x3A, 0x20, 0x32, 0x70, 0x78,
    0x3B, 0x0A, 0x20, 0x20, 0x62, 0x61, 0x63, 0x6B, 0x67, 0x72, 0x6F, 0x75, 0x6E, 0x64, 0x3A, 0x20,
    0x63, 0x75, 0x72, 0x72, 0x65, 0x6E, 0x74, 0x43, 0x6F, 0x6C, 0x6F, 0x72, 0x3B, 0x20, 0x6D, 0x69,
    0x6E, 0x2D, 0x77, 0x69, 0x64, 0x74, 0x68, 0x3A, 0x20, 0x33, 0x70, 0x78, 0x3B, 0x20, 0x63, 0x75,
    0x72, 0x73, 0x6F, 0x72, 0x3A, 0x20, 0x70, 0x6F, 0x69, 0x6E, 0x74, 0x65, 0x72, 0x3B, 0x20, 0x7A,
    0x2D, 0x69, 0x6E, 0x64, 0x65, 0x78, 0x3A, 0x20, 0x31, 0x3B, 0x20, 0x7D, 0x0A, 0x2E, 0x6F, 0x63,
    0x63, 0x75, 0x70, 0x61, 0x74, 0x69, 0x6F, 0x6E, 0x3A, 0x3A, 0x61, 0x66, 0x74, 0x65, 0x72, 0x20,
    0x7B, 0x20, 0x63, 0x6F, 0x6E, 0x74, 0x65, 0x6E, 0x74, 0x3A, 0x20, 0x27, 0x27, 0x3B, 0x20, 0x70,
    0x6F, 0x73, 0x69, 0x74, 0x69, 0x6F, 0x6E, 0x3A, 0x20, 0x61, 0x62, 0x73, 0x6F, 0x6C, 0x75, 0x74,
    0x65, 0x3B, 0x20, 0x69, 0x6E, 0x73, 0x65, 0x74, 0x3A, 0x20, 0x2D, 0x36, 0x70, 0x78, 0x20, 0x2D,
    0x34, 0x70, 0x78, 0x3B, 0x20, 0x7D, 0x0A, 0x0A, 0x2E, 0x64, 0x72, 0x61, 0x70, 0x65, 0x61, 0x75,
    0x20, 0x7B, 0x20, 0x70, 0x6F, 0x73, 0x69, 0x74, 0x69, 0x6F, 0x6E, 0x3A, 0x20, 0x61, 0x62, 0x73,
    0x6F, 0x6C, 0x75, 0x74, 0x65, 0x3B, 0x20, 0x63, 0x75, 0x72, 0x73, 0x6F, 0x72, 0x3A, 0x20, 0x70,
    0x6F, 0x69, 0x6E, 0x74, 0x65, 0x72, 0x3B, 0x20, 0x7A, 0x2D, 0x69, 0x6E, 0x64, 0x65, 0x78, 0x3A,
    0x20, 0x32, 0x3B, 0x20, 0x7D, 0x0A, 0x2F, 0x2A, 0x20, 0xE2, 0x9A, 0xA0, 0x20, 0x4E, 0x65, 0x20,
    0x4A, 0x41, 0x4D, 0x41, 0x49, 0x53, 0x20, 0x70, 0x6F, 0x73, 0x65, 0x72, 0x20, 0x60, 0x63, 0x6F,
    0x6C, 0x6F, 0x72, 0x60, 0x20, 0x73, 0x75, 0x72, 0x20, 0x2E, 0x66, 0x61, 0x6E, 0x69, 0x6F, 0x6E,
    0x20, 0x3A, 0x20, 0x60, 0x62, 0x61, 0x63, 0x6B, 0x67, 0x72, 0x6F, 0x75, 0x6E, 0x64, 0x3A, 0x20,
    0x63, 0x75, 0x72, 0x72, 0x65, 0x6E, 0x74, 0x43, 0x6F, 0x6C, 0x6F, 0x72, 0x60, 0x20, 0x73, 0x65,
    0x0A, 0x20, 0x20, 0x20, 0x72, 0xC3, 0xA9, 0x73, 0x6F, 0x75, 0x74, 0x20, 0x63, 0x6F, 0x6E, 0x74,
    0x72, 0x65, 0x20, 0x6C, 0x61, 0x20, 0x63, 0x6F, 0x75, 0x6C, 0x65, 0x75, 0x72, 0x20, 0x64, 0x65,
    0x20, 0x6C, 0x27, 0xC3, 0xA9, 0x6C, 0xC3, 0xA9, 0x6D, 0x65, 0x6E, 0x74, 0x20, 0x4C, 0x55, 0x49,
    0x2D, 0x4D, 0xC3, 0x8A, 0x4D, 0x45, 0x2E, 0x20, 0x55, 0x6E, 0x20, 0x60, 0x63, 0x6F, 0x6C, 0x6F,
    0x72, 0x3A, 0x20, 0x23, 0x66, 0x66, 0x66, 0x60, 0x20, 0x69, 0x63, 0x69, 0x20, 0x72, 0x65, 0x6E,
    0x64, 0x0A, 0x20, 0x20, 0x20, 0x6C, 0x65, 0x20, 0x66, 0x61, 0x6E, 0x69, 0x6F, 0x6E, 0x20, 0x62,
    0x6C, 0x61, 0x6E, 0x63, 0x2D, 0x73, 0x75, 0x72, 0x2D, 0x62, 0x6C, 0x61, 0x6E, 0x63, 0x20, 0x3A,
    0x20, 0x63, 0x27, 0x65, 0x73, 0x74, 0x20, 0x6C, 0x65, 0x20, 0x62, 0x75, 0x67, 0x20, 0xC2, 0xAB,
    0x20, 0x6C, 0x65, 0x73, 0x20, 0x6D, 0x61, 0x72, 0x71, 0x75, 0x65, 0x75, 0x72, 0x73, 0x20, 0x6E,
    0x65, 0x20, 0x73, 0x27, 0x61, 0x66, 0x66, 0x69, 0x63, 0x68, 0x65, 0x6E, 0x74, 0x0A, 0x20, 0x20,
    0x20, 0x70, 0x61, 0x73, 0x20, 0xC2, 0xBB, 0x20, 0x64, 0x65, 0x20, 0x6C, 0x27, 0x69, 0x74, 0xC3,
    0xA9, 0x72, 0x61, 0x74, 0x69, 0x6F, 0x6E, 0x20, 0x32, 0x2E, 0x20, 0x2A, 0x2F, 0x0A, 0x2E, 0x64,
    0x72, 0x61, 0x70, 0x65, 0x61, 0x75, 0x20, 0x2E, 0x66, 0x61, 0x6E, 0x69, 0x6F, 0x6E, 0x20, 0x7B,
    0x20, 0x66, 0x6F, 0x6E, 0x74, 0x2D, 0x73, 0x69, 0x7A, 0x65, 0x3A, 0x20, 0x2E, 0x37, 0x34, 0x72,
    0x65, 0x6D, 0x3B, 0x20, 0x66, 0x6F, 0x6E, 0x74, 0x2D, 0x77, 0x65, 0x69, 0x67, 0x68, 0x74, 0x3A,
    0x20, 0x37, 0x30, 0x30, 0x3B, 0x20, 0x62, 0x61, 0x63, 0x6B, 0x67, 0x72, 0x6F, 0x75, 0x6E, 0x64,
    0x3A, 0x20, 0x63, 0x75, 0x72, 0x72, 0x65, 0x6E, 0x74, 0x43, 0x6F, 0x6C, 0x6F, 0x72, 0x3B, 0x0A,
    0x20, 0x20, 0x62, 0x6F, 0x72, 0x64, 0x65, 0x72, 0x2D, 0x72, 0x61, 0x64, 0x69, 0x75, 0x73, 0x3A,
    0x20, 0x34, 0x70, 0x78, 0x3B, 0x20, 0x70, 0x61, 0x64, 0x64, 0x69, 0x6E, 0x67, 0x3A, 0x20, 0x2E,
    0x30, 0x35, 0x72, 0x65, 0x6D, 0x20, 0x2E, 0x34, 0x72, 0x65, 0x6D, 0x3B, 0x20, 0x77, 0x68, 0x69,
    0x74, 0x65, 0x2D, 0x73, 0x70, 0x61, 0x63, 0x65, 0x3A, 0x20, 0x6E, 0x6F, 0x77, 0x72, 0x61, 0x70,
    0x3B, 0x0A, 0x20, 0x20, 0x62, 0x6F, 0x78, 0x2D, 0x73, 0x68, 0x61, 0x64, 0x6F, 0x77, 0x3A, 0x20,
    0x30, 0x20, 0x31, 0x70, 0x78, 0x20, 0x33, 0x70, 0x78, 0x20, 0x72, 0x67, 0x62, 0x61, 0x28, 0x30,
    0x2C, 0x30, 0x2C, 0x30, 0x2C, 0x2E, 0x32, 0x38, 0x29, 0x3B, 0x20, 0x74, 0x72, 0x61, 0x6E, 0x73,
    0x66, 0x6F, 0x72, 0x6D, 0x3A, 0x20, 0x74, 0x72, 0x61, 0x6E, 0x73, 0x6C, 0x61, 0x74, 0x65, 0x58,
    0x28, 0x2D, 0x35, 0x30, 0x25, 0x29, 0x3B, 0x20, 0x7D, 0x0A, 0x2E, 0x64, 0x72, 0x61, 0x70, 0x65,
    0x61, 0x75, 0x20, 0x2E, 0x66, 0x61, 0x6E, 0x69, 0x6F, 0x6E, 0x20, 0x73, 0x70, 0x61, 0x6E, 0x20,
    0x7B, 0x20, 0x63, 0x6F, 0x6C, 0x6F, 0x72, 0x3A, 0x20, 0x23, 0x66, 0x66, 0x66, 0x3B, 0x20, 0x7D,
    0x0A, 0x2F, 0x2A, 0x20, 0x41, 0x6D, 0x6F, 0x72, 0x63, 0x65, 0x20, 0x66, 0x69, 0x6E, 0x65, 0x2C,
    0x20, 0x63, 0x65, 0x6E, 0x74, 0x72, 0xC3, 0xA9, 0x65, 0x20, 0x3A, 0x20, 0x65, 0x6C, 0x6C, 0x65,
    0x20, 0x52, 0x45, 0x4C, 0x49, 0x45, 0x20, 0x6C, 0x27, 0xC3, 0xA9, 0x74, 0x69, 0x71, 0x75, 0x65,
    0x74, 0x74, 0x65, 0x20, 0xC3, 0xA0, 0x20, 0x6C, 0x27, 0x69, 0x6E, 0x73, 0x74, 0x61, 0x6E, 0x74,
    0x20, 0x73, 0x61, 0x6E, 0x73, 0x20, 0x72, 0x69, 0x65, 0x6E, 0x20, 0x63, 0x6F, 0x75, 0x76, 0x72,
    0x69, 0x72, 0x2E, 0x20, 0x2A, 0x2F, 0x0A, 0x2E, 0x64, 0x72, 0x61, 0x70, 0x65, 0x61, 0x75, 0x20,
    0x2E, 0x61, 0x6D, 0x6F, 0x72, 0x63, 0x65, 0x20, 0x7B, 0x20, 0x77, 0x69, 0x64, 0x74, 0x68, 0x3A,
    0x20, 0x31, 0x70, 0x78, 0x3B, 0x20, 0x62, 0x61, 0x63, 0x6B, 0x67, 0x72, 0x6F, 0x75, 0x6E, 0x64,
    0x3A, 0x20, 0x63, 0x75, 0x72, 0x72, 0x65, 0x6E, 0x74, 0x43, 0x6F, 0x6C, 0x6F, 0x72, 0x3B, 0x20,
    0x6F, 0x70, 0x61, 0x63, 0x69, 0x74, 0x79, 0x3A, 0x20, 0x2E, 0x35, 0x35, 0x3B, 0x20, 0x6D, 0x61,
    0x72, 0x67, 0x69, 0x6E, 0x3A, 0x20, 0x30, 0x20, 0x61, 0x75, 0x74, 0x6F, 0x3B, 0x20, 0x7D, 0x0A,
    0x2E, 0x64, 0x72, 0x61, 0x70, 0x65, 0x61, 0x75, 0x2E, 0x63, 0x6F, 0x6E, 0x66, 0x6C, 0x69, 0x74,
    0x20, 0x2E, 0x66, 0x61, 0x6E, 0x69, 0x6F, 0x6E, 0x20, 0x7B, 0x20, 0x6F, 0x75, 0x74, 0x6C, 0x69,
    0x6E, 0x65, 0x3A, 0x20, 0x32, 0x70, 0x78, 0x20, 0x73, 0x6F, 0x6C, 0x69, 0x64, 0x20, 0x76, 0x61,
    0x72, 0x28, 0x2D, 0x2D, 0x61, 0x74, 0x74, 0x65, 0x6E, 0x74, 0x69, 0x6F, 0x6E, 0x29, 0x3B, 0x20,
    0x7D, 0x0A, 0x2E, 0x64, 0x72, 0x61, 0x70, 0x65, 0x61, 0x75, 0x2E, 0x61, 0x74, 0x74, 0x65, 0x6E,
    0x74, 0x65, 0x20, 0x7B, 0x20, 0x63, 0x6F, 0x6C, 0x6F, 0x72, 0x3A, 0x20, 0x76, 0x61, 0x72, 0x28,
    0x2D, 0x2D, 0x6F, 0x75, 0x74, 0x72, 0x65, 0x6D, 0x65, 0x72, 0x29, 0x3B, 0x20, 0x7D, 0x0A, 0x2E,
    0x64, 0x72, 0x61, 0x70, 0x65, 0x61, 0x75, 0x2E, 0x66, 0x61, 0x69, 0x74, 0x20, 0x7B, 0x20, 0x63,
    0x6F, 0x6C, 0x6F, 0x72, 0x3A, 0x20, 0x76, 0x61, 0x72, 0x28, 0x2D, 0x2D, 0x6F, 0x6B, 0x29, 0x3B,
    0x20, 0x7D, 0x0A, 0x2E, 0x64, 0x72, 0x61, 0x70, 0x65, 0x61, 0x75, 0x2E, 0x73, 0x61, 0x75, 0x74,
    0x65, 0x20, 0x7B, 0x20, 0x63, 0x6F, 0x6C, 0x6F, 0x72, 0x3A, 0x20, 0x23, 0x38, 0x41, 0x38, 0x46,
    0x41, 0x33, 0x3B, 0x20, 0x7D, 0x0A, 0x2E, 0x64, 0x72, 0x61, 0x70, 0x65, 0x61, 0x75, 0x2E, 0x61,
    0x70, 0x70, 0x65, 0x6C, 0x20, 0x7B, 0x20, 0x63, 0x6F, 0x6C, 0x6F, 0x72, 0x3A, 0x20, 0x76, 0x61,
    0x72, 0x28, 0x2D, 0x2D, 0x6F, 0x6B, 0x29, 0x3B, 0x20, 0x7D, 0x0A, 0x2E, 0x64, 0x72, 0x61, 0x70,
    0x65, 0x61, 0x75, 0x2E, 0x66, 0x61, 0x6E, 0x74, 0x6F, 0x6D, 0x65, 0x2C, 0x20, 0x2E, 0x6F, 0x63,
    0x63, 0x75, 0x70, 0x61, 0x74, 0x69, 0x6F, 0x6E, 0x2E, 0x66, 0x61, 0x6E, 0x74, 0x6F, 0x6D, 0x65,
    0x20, 0x7B, 0x20, 0x63, 0x6F, 0x6C, 0x6F, 0x72, 0x3A, 0x20, 0x76, 0x61, 0x72, 0x28, 0x2D, 0x2D,
    0x6F, 0x75, 0x74, 0x72, 0x65, 0x6D, 0x65, 0x72, 0x29, 0x3B, 0x20, 0x6F, 0x70, 0x61, 0x63, 0x69,
    0x74, 0x79, 0x3A, 0x20, 0x2E, 0x35, 0x3B, 0x20, 0x70, 0x6F, 0x69, 0x6E, 0x74, 0x65, 0x72, 0x2D,
    0x65, 0x76, 0x65, 0x6E, 0x74, 0x73, 0x3A, 0x20, 0x6E, 0x6F, 0x6E, 0x65, 0x3B, 0x20, 0x7D, 0x0A,
    0x2E, 0x6C, 0x65, 0x67, 0x65, 0x6E, 0x64, 0x65, 0x20, 0x7B, 0x20, 0x64, 0x69, 0x73, 0x70, 0x6C,
    0x61, 0x79, 0x3A, 0x20, 0x66, 0x6C, 0x65, 0x78, 0x3B, 0x20, 0x67, 0x61, 0x70, 0x3A, 0x20, 0x31,
    0x2E, 0x32, 0x72, 0x65, 0x6D, 0x3B, 0x20, 0x6D, 0x61, 0x72, 0x67, 0x69, 0x6E, 0x2D, 0x74, 0x6F,
    0x70, 0x3A, 0x20, 0x2E, 0x35, 0x72, 0x65, 0x6D, 0x3B, 0x20, 0x66, 0x6F, 0x6E, 0x74, 0x2D, 0x73,
    0x69, 0x7A, 0x65, 0x3A, 0x20, 0x2E, 0x38, 0x32, 0x72, 0x65, 0x6D, 0x3B, 0x20, 0x63, 0x6F, 0x6C,
    0x6F, 0x72, 0x3A, 0x20, 0x76, 0x61, 0x72, 0x28, 0x2D, 0x2D, 0x64, 0x69, 0x73, 0x63, 0x72, 0x65,
    0x74, 0x29, 0x3B, 0x20, 0x7D, 0x0A, 0x2E, 0x70, 0x61, 0x73, 0x74, 0x69, 0x6C, 0x6C, 0x65, 0x20,
    0x7B, 0x20, 0x64, 0x69, 0x73, 0x70, 0x6C, 0x61, 0x79, 0x3A, 0x20, 0x69, 0x6E, 0x6C, 0x69, 0x6E,
    0x65, 0x2D, 0x62, 0x6C, 0x6F, 0x63, 0x6B, 0x3B, 0x20, 0x77, 0x69, 0x64, 0x74, 0x68, 0x3A, 0x20,
    0x31, 0x30, 0x70, 0x78, 0x3B, 0x20, 0x68, 0x65, 0x69, 0x67, 0x68, 0x74, 0x3A, 0x20, 0x31, 0x30,
    0x70, 0x78, 0x3B, 0x20, 0x62, 0x6F, 0x72, 0x64, 0x65, 0x72, 0x2D, 0x72, 0x61, 0x64, 0x69, 0x75,
    0x73, 0x3A, 0x20, 0x32, 0x70, 0x78, 0x3B, 0x20, 0x6D, 0x61, 0x72, 0x67, 0x69, 0x6E, 0x2D, 0x72,
    0x69, 0x67, 0x68, 0x74, 0x3A, 0x20, 0x2E, 0x33, 0x72, 0x65, 0x6D, 0x3B, 0x20, 0x7D, 0x0A, 0x0A,
    0x2F, 0x2A, 0x20, 0x2D, 0x2D, 0x2D, 0x20, 0x50, 0x6F, 0x73, 0x74, 0x65, 0x73, 0x20, 0x2D, 0x2D,
    0x2D, 0x2D, 0x2D, 0x2D, 0x2D, 0x2D, 0x2D, 0x2D, 0x2D, 0x2D, 0x2D, 0x2D, 0x2D, 0x2D, 0x2D, 0x2D,
    0x2D, 0x2D, 0x2D, 0x2D, 0x2D, 0x2D, 0x2D, 0x2D, 0x2D, 0x2D, 0x2D, 0x2D, 0x2D, 0x2D, 0x2D, 0x2D,
    0x2D, 0x2D, 0x2D, 0x2D, 0x2D, 0x2D, 0x2D, 0x2D, 0x2D, 0x2D, 0x2D, 0x2D, 0x2D, 0x2D, 0x2D, 0x2D,
    0x2D, 0x2D, 0x2D, 0x2D, 0x2D, 0x2D, 0x2D, 0x2D, 0x2D, 0x2D, 0x20, 0x2A, 0x2F, 0x0A, 0x2E, 0x70,
    0x6F, 0x73, 0x74, 0x65, 0x20, 0x7B, 0x20, 0x62, 0x6F, 0x72, 0x64, 0x65, 0x72, 0x3A, 0x20, 0x31,
    0x2E, 0x35, 0x70, 0x78, 0x20, 0x73, 0x6F, 0x6C, 0x69, 0x64, 0x20, 0x76, 0x61, 0x72, 0x28, 0x2D,
    0x2D, 0x6F, 0x75, 0x74, 0x72, 0x65, 0x6D, 0x65, 0x72, 0x29, 0x3B, 0x20, 0x63, 0x6F, 0x6C, 0x6F,
    0x72, 0x3A, 0x20, 0x76, 0x61, 0x72, 0x28, 0x2D, 0x2D, 0x6F, 0x75, 0x74, 0x72, 0x65, 0x6D, 0x65,
    0x72, 0x29, 0x3B, 0x20, 0x62, 0x6F, 0x72, 0x64, 0x65, 0x72, 0x2D, 0x72, 0x61, 0x64, 0x69, 0x75,
    0x73, 0x3A, 0x20, 0x39, 0x39, 0x39, 0x70, 0x78, 0x3B, 0x0A, 0x20, 0x20, 0x70, 0x61, 0x64, 0x64,
    0x69, 0x6E, 0x67, 0x3A, 0x20, 0x2E, 0x33, 0x35, 0x72, 0x65, 0x6D, 0x20, 0x2E, 0x39, 0x72, 0x65,
    0x6D, 0x3B, 0x20, 0x63, 0x75, 0x72, 0x73, 0x6F, 0x72, 0x3A, 0x20, 0x70, 0x6F, 0x69, 0x6E, 0x74,
    0x65, 0x72, 0x3B, 0x20, 0x66, 0x6F, 0x6E, 0x74, 0x2D, 0x77, 0x65, 0x69, 0x67, 0x68, 0x74, 0x3A,
    0x20, 0x37, 0x30, 0x30, 0x3B, 0x20, 0x62, 0x61, 0x63, 0x6B, 0x67, 0x72, 0x6F, 0x75, 0x6E, 0x64,
    0x3A, 0x20, 0x23, 0x66, 0x66, 0x66, 0x3B, 0x20, 0x7D, 0x0A, 0x2E, 0x70, 0x6F, 0x73, 0x74, 0x65,
    0x2E, 0x63, 0x68, 0x6F, 0x69, 0x73, 0x69, 0x20, 0x7B, 0x20, 0x62, 0x61, 0x63, 0x6B, 0x67, 0x72,
    0x6F, 0x75, 0x6E, 0x64, 0x3A, 0x20, 0x76, 0x61, 0x72, 0x28, 0x2D, 0x2D, 0x6F, 0x75, 0x74, 0x72,
    0x65, 0x6D, 0x65, 0x72, 0x29, 0x3B, 0x20, 0x63, 0x6F, 0x6C, 0x6F, 0x72, 0x3A, 0x20, 0x23, 0x66,
    0x66, 0x66, 0x3B, 0x20, 0x7D, 0x0A, 0x23, 0x64, 0x72, 0x61, 0x70, 0x65, 0x61, 0x75, 0x2D, 0x61,
    0x2D, 0x70, 0x72, 0x65, 0x6E, 0x64, 0x72, 0x65, 0x20, 0x7B, 0x20, 0x66, 0x6F, 0x6E, 0x74, 0x2D,
    0x73, 0x69, 0x7A, 0x65, 0x3A, 0x20, 0x31, 0x72, 0x65, 0x6D, 0x3B, 0x20, 0x7D, 0x0A, 0x2E, 0x65,
    0x74, 0x61, 0x74, 0x2D, 0x66, 0x61, 0x69, 0x74, 0x20, 0x7B, 0x20, 0x63, 0x6F, 0x6C, 0x6F, 0x72,
    0x3A, 0x20, 0x76, 0x61, 0x72, 0x28, 0x2D, 0x2D, 0x6F, 0x6B, 0x29, 0x3B, 0x20, 0x66, 0x6F, 0x6E,
    0x74, 0x2D, 0x77, 0x65, 0x69, 0x67, 0x68, 0x74, 0x3A, 0x20, 0x37, 0x30, 0x30, 0x3B, 0x20, 0x7D,
    0x0A, 0x2E, 0x65, 0x74, 0x61, 0x74, 0x2D, 0x73, 0x61, 0x75, 0x74, 0x65, 0x20, 0x7B, 0x20, 0x63,
    0x6F, 0x6C, 0x6F, 0x72, 0x3A, 0x20, 0x76, 0x61, 0x72, 0x28, 0x2D, 0x2D, 0x61, 0x74, 0x74, 0x65,
    0x6E, 0x74, 0x69, 0x6F, 0x6E, 0x29, 0x3B, 0x20, 0x66, 0x6F, 0x6E, 0x74, 0x2D, 0x77, 0x65, 0x69,
    0x67, 0x68, 0x74, 0x3A, 0x20, 0x36, 0x30, 0x30, 0x3B, 0x20, 0x7D, 0x0A, 0x2E, 0x65, 0x74, 0x61,
    0x74, 0x2D, 0x63, 0x6F, 0x6C, 0x6C, 0x69, 0x73, 0x69, 0x6F, 0x6E, 0x20, 0x7B, 0x20, 0x63, 0x6F,
    0x6C, 0x6F, 0x72, 0x3A, 0x20, 0x76, 0x61, 0x72, 0x28, 0x2D, 0x2D, 0x61, 0x6C, 0x65, 0x72, 0x74,
    0x65, 0x29, 0x3B, 0x20, 0x66, 0x6F, 0x6E, 0x74, 0x2D, 0x77, 0x65, 0x69, 0x67, 0x68, 0x74, 0x3A,
    0x20, 0x38, 0x30, 0x30, 0x3B, 0x20, 0x7D, 0x0A, 0x2E, 0x73, 0x69, 0x6D, 0x20, 0x7B, 0x20, 0x62,
    0x61, 0x63, 0x6B, 0x67, 0x72, 0x6F, 0x75, 0x6E, 0x64, 0x3A, 0x20, 0x23, 0x46, 0x41, 0x46, 0x41,
    0x46, 0x43, 0x3B, 0x20, 0x7D, 0x0A, 0x2F, 0x2A, 0x20, 0x42, 0x61, 0x72, 0x72, 0x65, 0x20, 0x64,
    0x27, 0x6F, 0x6E, 0x67, 0x6C, 0x65, 0x74, 0x73, 0x20, 0x3A, 0x20, 0x64, 0x65, 0x75, 0x78, 0x20,
    0x70, 0x61, 0x67, 0x65, 0x73, 0x20, 0x73, 0x65, 0x72, 0x76, 0x69, 0x65, 0x73, 0x20, 0x70, 0x61,
    0x72, 0x20, 0x6C, 0x65, 0x20, 0x6D, 0xC3, 0xAA, 0x6D, 0x65, 0x20, 0x45, 0x53, 0x50, 0x33, 0x32,
    0x20, 0x73, 0x75, 0x72, 0x20, 0x6C, 0x61, 0x20, 0x63, 0x69, 0x62, 0x6C, 0x65, 0x2E, 0x20, 0x2A,
    0x2F, 0x0A, 0x0A, 0x0A, 0x3C, 0x2F, 0x73, 0x74, 0x79, 0x6C, 0x65, 0x3E, 0x0A, 0x3C, 0x2F, 0x68,
    0x65, 0x61, 0x64, 0x3E, 0x0A, 0x3C, 0x62, 0x6F, 0x64, 0x79, 0x3E, 0x0A, 0x3C, 0x68, 0x65, 0x61,
    0x64, 0x65, 0x72, 0x3E, 0x0A, 0x20, 0x20, 0x3C, 0x73, 0x70, 0x61, 0x6E, 0x20, 0x63, 0x6C, 0x61,
    0x73, 0x73, 0x3D, 0x22, 0x6C, 0x6F, 0x67, 0x6F, 0x22, 0x3E, 0x41, 0x49, 0x4F, 0x3C, 0x2F, 0x73,
    0x70, 0x61, 0x6E, 0x3E, 0x0A, 0x20, 0x20, 0x3C, 0x73, 0x70, 0x61, 0x6E, 0x20, 0x63, 0x6C, 0x61,
    0x73, 0x73, 0x3D, 0x22, 0x74, 0x69, 0x74, 0x72, 0x65, 0x22, 0x3E, 0x50, 0x6C, 0x61, 0x6E, 0x6E,
    0x69, 0x6E, 0x67, 0x20, 0x6A, 0x6F, 0x75, 0x72, 0x6E, 0x61, 0x6C, 0x69, 0x65, 0x72, 0x20, 0x41,
    0x47, 0x56, 0x3C, 0x2F, 0x73, 0x70, 0x61, 0x6E, 0x3E, 0x0A, 0x20, 0x20, 0x3C, 0x73, 0x70, 0x61,
    0x6E, 0x20, 0x63, 0x6C, 0x61, 0x73, 0x73, 0x3D, 0x22, 0x68, 0x6F, 0x72, 0x6C, 0x6F, 0x67, 0x65,
    0x22, 0x20, 0x69, 0x64, 0x3D, 0x22, 0x68, 0x6F, 0x72, 0x6C, 0x6F, 0x67, 0x65, 0x22, 0x3E, 0x2D,
    0x3C, 0x2F, 0x73, 0x70, 0x61, 0x6E, 0x3E, 0x0A, 0x20, 0x20, 0x3C, 0x73, 0x70, 0x61, 0x6E, 0x20,
    0x63, 0x6C, 0x61, 0x73, 0x73, 0x3D, 0x22, 0x62, 0x61, 0x64, 0x67, 0x65, 0x22, 0x20, 0x69, 0x64,
    0x3D, 0x22, 0x62, 0x61, 0x64, 0x67, 0x65, 0x2D, 0x66, 0x69, 0x61, 0x62, 0x6C, 0x65, 0x22, 0x3E,
    0x68, 0x65, 0x75, 0x72, 0x65, 0x20, 0x66, 0x69, 0x61, 0x62, 0x6C, 0x65, 0x3C, 0x2F, 0x73, 0x70,
    0x61, 0x6E, 0x3E, 0x0A, 0x20, 0x20, 0x3C, 0x73, 0x70, 0x61, 0x6E, 0x20, 0x63, 0x6C, 0x61, 0x73,
    0x73, 0x3D, 0x22, 0x62, 0x61, 0x64, 0x67, 0x65, 0x22, 0x20, 0x69, 0x64, 0x3D, 0x22, 0x62, 0x61,
    0x64, 0x67, 0x65, 0x2D, 0x70, 0x61, 0x75, 0x73, 0x65, 0x22, 0x20, 0x68, 0x69, 0x64, 0x64, 0x65,
    0x6E, 0x3E, 0x45, 0x4E, 0x20, 0x50, 0x41, 0x55, 0x53, 0x45, 0x3C, 0x2F, 0x73, 0x70, 0x61, 0x6E,
    0x3E, 0x0A, 0x20, 0x20, 0x3C, 0x6E, 0x61, 0x76, 0x20, 0x63, 0x6C, 0x61, 0x73, 0x73, 0x3D, 0x22,
    0x6F, 0x6E, 0x67, 0x6C, 0x65, 0x74, 0x73, 0x22, 0x3E, 0x0A, 0x20, 0x20, 0x20, 0x20, 0x3C, 0x61,
    0x20, 0x68, 0x72, 0x65, 0x66, 0x3D, 0x22, 0x2F, 0x22, 0x20, 0x63, 0x6C, 0x61, 0x73, 0x73, 0x3D,
    0x22, 0x6F, 0x6E, 0x67, 0x6C, 0x65, 0x74, 0x20, 0x61, 0x63, 0x74, 0x69, 0x66, 0x22, 0x3E, 0x61,
    0x67, 0x76, 0x73, 0x63, 0x68, 0x65, 0x64, 0x75, 0x6C, 0x65, 0x3C, 0x2F, 0x61, 0x3E, 0x0A, 0x20,
    0x20, 0x20, 0x20, 0x3C, 0x61, 0x20, 0x68, 0x72, 0x65, 0x66, 0x3D, 0x22, 0x2F, 0x61, 0x67, 0x76,
    0x64, 0x75, 0x6D, 0x70, 0x2E, 0x68, 0x74, 0x6D, 0x6C, 0x22, 0x20, 0x63, 0x6C, 0x61, 0x73, 0x73,
    0x3D, 0x22, 0x6F, 0x6E, 0x67, 0x6C, 0x65, 0x74, 0x22, 0x3E, 0x61, 0x67, 0x76, 0x64, 0x75, 0x6D,
    0x70, 0x3C, 0x2F, 0x61, 0x3E, 0x0A, 0x20, 0x20, 0x3C, 0x2F, 0x6E, 0x61, 0x76, 0x3E, 0x0A, 0x3C,
    0x2F, 0x68, 0x65, 0x61, 0x64, 0x65, 0x72, 0x3E, 0x0A, 0x0A, 0x3C, 0x6D, 0x61, 0x69, 0x6E, 0x3E,
    0x0A, 0x20, 0x20, 0x3C, 0x64, 0x69, 0x76, 0x20, 0x69, 0x64, 0x3D, 0x22, 0x61, 0x6C, 0x65, 0x72,
    0x74, 0x65, 0x22, 0x20, 0x63, 0x6C, 0x61, 0x73, 0x73, 0x3D, 0x22, 0x61, 0x6C, 0x65, 0x72, 0x74,
    0x65, 0x2D, 0x63, 0x6F, 0x6C, 0x6C, 0x69, 0x73, 0x69, 0x6F, 0x6E, 0x22, 0x20, 0x68, 0x69, 0x64,
    0x64, 0x65, 0x6E, 0x3E, 0x0A, 0x20, 0x20, 0x20, 0x20, 0x3C, 0x73, 0x70, 0x61, 0x6E, 0x20, 0x63,
    0x6C, 0x61, 0x73, 0x73, 0x3D, 0x22, 0x70, 0x69, 0x63, 0x74, 0x6F, 0x67, 0x72, 0x61, 0x6D, 0x6D,
    0x65, 0x22, 0x3E, 0xE2, 0x9B, 0x94, 0x3C, 0x2F, 0x73, 0x70, 0x61, 0x6E, 0x3E, 0x0A, 0x20, 0x20,
    0x20, 0x20, 0x3C, 0x73, 0x70, 0x61, 0x6E, 0x20, 0x63, 0x6C, 0x61, 0x73, 0x73, 0x3D, 0x22, 0x63,
    0x6F, 0x72, 0x70, 0x73, 0x22, 0x3E, 0x0A, 0x20, 0x20, 0x20, 0x20, 0x20, 0x20, 0x3C, 0x73, 0x70,
    0x61, 0x6E, 0x20, 0x63, 0x6C, 0x61, 0x73, 0x73, 0x3D, 0x22, 0x71, 0x75, 0x6F, 0x69, 0x22, 0x3E,
    0x41, 0x72, 0x72, 0xC3, 0xAA, 0x74, 0x20, 0x64, 0x65, 0x20, 0x73, 0xC3, 0xA9, 0x63, 0x75, 0x72,
    0x69, 0x74, 0xC3, 0xA9, 0x20, 0x70, 0x65, 0x6E, 0x64, 0x61, 0x6E, 0x74, 0x20, 0x75, 0x6E, 0x20,
    0x64, 0xC3, 0xA9, 0x70, 0x6C, 0x61, 0x63, 0x65, 0x6D, 0x65, 0x6E, 0x74, 0x3C, 0x2F, 0x73, 0x70,
    0x61, 0x6E, 0x3E, 0x0A, 0x20, 0x20, 0x20, 0x20, 0x20, 0x20, 0x3C, 0x73, 0x70, 0x61, 0x6E, 0x20,
    0x63, 0x6C, 0x61, 0x73, 0x73, 0x3D, 0x22, 0x64, 0x65, 0x74, 0x61, 0x69, 0x6C, 0x22, 0x20, 0x69,
    0x64, 0x3D, 0x22, 0x61, 0x6C, 0x65, 0x72, 0x74, 0x65, 0x2D, 0x64, 0x65, 0x74, 0x61, 0x69, 0x6C,
    0x22, 0x3E, 0x3C, 0x2F, 0x73, 0x70, 0x61, 0x6E, 0x3E, 0x0A, 0x20, 0x20, 0x20, 0x20, 0x20, 0x20,
    0x3C, 0x73, 0x70, 0x61, 0x6E, 0x20, 0x63, 0x6C, 0x61, 0x73, 0x73, 0x3D, 0x22, 0x64, 0x65, 0x74,
    0x61, 0x69, 0x6C, 0x22, 0x3E, 0x52, 0xC3, 0xA9, 0x61, 0x72, 0x6D, 0x65, 0x6D, 0x65, 0x6E, 0x74,
    0x20, 0x3C, 0x73, 0x74, 0x72, 0x6F, 0x6E, 0x67, 0x3E, 0x70, 0x68, 0x79, 0x73, 0x69, 0x71, 0x75,
    0x65, 0x3C, 0x2F, 0x73, 0x74, 0x72, 0x6F, 0x6E, 0x67, 0x3E, 0x20, 0x72, 0x65, 0x71, 0x75, 0x69,
    0x73, 0x20, 0x73, 0x75, 0x72, 0x20, 0x6C, 0x27, 0x41, 0x47, 0x56, 0x2E, 0x0A, 0x20, 0x20, 0x20,
    0x20, 0x20, 0x20, 0x20, 0x20, 0x4C, 0x65, 0x73, 0x20, 0x64, 0xC3, 0xA9, 0x70, 0x61, 0x72, 0x74,
    0x73, 0x20, 0x70, 0x72, 0x6F, 0x67, 0x72, 0x61, 0x6D, 0x6D, 0xC3, 0xA9, 0x73, 0x20, 0x73, 0x6F,
    0x6E, 0x74, 0x20, 0x73, 0x75, 0x73, 0x70, 0x65, 0x6E, 0x64, 0x75, 0x73, 0x20, 0x6A, 0x75, 0x73,
    0x71, 0x75, 0x27, 0xC3, 0xA0, 0x20, 0x6C, 0x27, 0x61, 0x63, 0x71, 0x75, 0x69, 0x74, 0x74, 0x65,
    0x6D, 0x65, 0x6E, 0x74, 0x2E, 0x3C, 0x2F, 0x73, 0x70, 0x61, 0x6E, 0x3E, 0x0A, 0x20, 0x20, 0x20,
    0x20, 0x3C, 0x2F, 0x73, 0x70, 0x61, 0x6E, 0x3E, 0x0A, 0x20, 0x20, 0x20, 0x20, 0x3C, 0x73, 0x70,
    0x61, 0x6E, 0x20, 0x63, 0x6C, 0x61, 0x73, 0x73, 0x3D, 0x22, 0x6C, 0x69, 0x67, 0x6E, 0x65, 0x22,
    0x3E, 0x0A, 0x20, 0x20, 0x20, 0x20, 0x20, 0x20, 0x3C, 0x69, 0x6E, 0x70, 0x75, 0x74, 0x20, 0x69,
    0x64, 0x3D, 0x22, 0x61, 0x63, 0x71, 0x75, 0x69, 0x74, 0x74, 0x65, 0x2D, 0x70, 0x61, 0x72, 0x22,
    0x20, 0x70, 0x6C, 0x61, 0x63, 0x65, 0x68, 0x6F, 0x6C, 0x64, 0x65, 0x72, 0x3D, 0x22, 0x76, 0x6F,
    0x74, 0x72, 0x65, 0x20, 0x6E, 0x6F, 0x6D, 0x22, 0x20, 0x73, 0x69, 0x7A, 0x65, 0x3D, 0x22, 0x31,
    0x32, 0x22, 0x3E, 0x0A, 0x20, 0x20, 0x20, 0x20, 0x20, 0x20, 0x3C, 0x62, 0x75, 0x74, 0x74, 0x6F,
    0x6E, 0x20, 0x6F, 0x6E, 0x63, 0x6C, 0x69, 0x63, 0x6B, 0x3D, 0x22, 0x61, 0x63, 0x71, 0x75, 0x69,
    0x74, 0x74, 0x65, 0x72, 0x28, 0x29, 0x22, 0x3E, 0x4A, 0x27, 0x61, 0x69, 0x20, 0x76, 0xC3, 0xA9,
    0x72, 0x69, 0x66, 0x69, 0xC3, 0xA9, 0x20, 0x3A, 0x20, 0x61, 0x63, 0x71, 0x75, 0x69, 0x74, 0x74,
    0x65, 0x72, 0x3C, 0x2F, 0x62, 0x75, 0x74, 0x74, 0x6F, 0x6E, 0x3E, 0x0A, 0x20, 0x20, 0x20, 0x20,
    0x3C, 0x2F, 0x73, 0x70, 0x61, 0x6E, 0x3E, 0x0A, 0x20, 0x20, 0x3C, 0x2F, 0x64, 0x69, 0x76, 0x3E,
    0x0A, 0x0A, 0x20, 0x20, 0x3C, 0x64, 0x69, 0x76, 0x20, 0x69, 0x64, 0x3D, 0x22, 0x62, 0x61, 0x6E,
    0x64, 0x65, 0x61, 0x75, 0x22, 0x20, 0x63, 0x6C, 0x61, 0x73, 0x73, 0x3D, 0x22, 0x62, 0x61, 0x6E,
    0x64, 0x65, 0x61, 0x75, 0x20, 0x72, 0x6F, 0x75, 0x67, 0x65, 0x22, 0x3E, 0x0A, 0x20, 0x20, 0x20,
    0x20, 0x3C, 0x73, 0x70, 0x61, 0x6E, 0x20, 0x69, 0x64, 0x3D, 0x22, 0x62, 0x61, 0x6E, 0x64, 0x65,
    0x61, 0x75, 0x2D, 0x74, 0x65, 0x78, 0x74, 0x65, 0x22, 0x3E, 0xE2, 0x80, 0xA6, 0x3C, 0x2F, 0x73,
    0x70, 0x61, 0x6E, 0x3E, 0x0A, 0x20, 0x20, 0x20, 0x20, 0x3C, 0x73, 0x70, 0x61, 0x6E, 0x20, 0x63,
    0x6C, 0x61, 0x73, 0x73, 0x3D, 0x22, 0x6C, 0x69, 0x67, 0x6E, 0x65, 0x22, 0x3E, 0x0A, 0x20, 0x20,
    0x20, 0x20, 0x20, 0x20, 0x3C, 0x69, 0x6E, 0x70, 0x75, 0x74, 0x20, 0x69, 0x64, 0x3D, 0x22, 0x76,
    0x61, 0x6C, 0x69, 0x64, 0x65, 0x2D, 0x70, 0x61, 0x72, 0x22, 0x20, 0x70, 0x6C, 0x61, 0x63, 0x65,
    0x68, 0x6F, 0x6C, 0x64, 0x65, 0x72, 0x3D, 0x22, 0x76, 0x6F, 0x74, 0x72, 0x65, 0x20, 0x6E, 0x6F,
    0x6D, 0x22, 0x20, 0x73, 0x69, 0x7A, 0x65, 0x3D, 0x22, 0x31, 0x32, 0x22, 0x3E, 0x0A, 0x20, 0x20,
    0x20, 0x20, 0x20, 0x20, 0x3C, 0x62, 0x75, 0x74, 0x74, 0x6F, 0x6E, 0x20, 0x6F, 0x6E, 0x63, 0x6C,
    0x69, 0x63, 0x6B, 0x3D, 0x22, 0x76, 0x61, 0x6C, 0x69, 0x64, 0x65, 0x72, 0x28, 0x29, 0x22, 0x3E,
    0x56, 0x61, 0x6C, 0x69, 0x64, 0x65, 0x72, 0x20, 0x6C, 0x61, 0x20, 0x6A, 0x6F, 0x75, 0x72, 0x6E,
    0xC3, 0xA9, 0x65, 0x3C, 0x2F, 0x62, 0x75, 0x74, 0x74, 0x6F, 0x6E, 0x3E, 0x0A, 0x20, 0x20, 0x20,
    0x20, 0x3C, 0x2F, 0x73, 0x70, 0x61, 0x6E, 0x3E, 0x0A, 0x20, 0x20, 0x3C, 0x2F, 0x64, 0x69, 0x76,
    0x3E, 0x0A, 0x0A, 0x20, 0x20, 0x3C, 0x73, 0x65, 0x63, 0x74, 0x69, 0x6F, 0x6E, 0x3E, 0x0A, 0x20,
    0x20, 0x20, 0x20, 0x3C, 0x68, 0x32, 0x3E, 0x4C, 0x61, 0x20, 0x6A, 0x6F, 0x75, 0x72, 0x6E, 0xC3,
    0xA9, 0x65, 0x3C, 0x2F, 0x68, 0x32, 0x3E, 0x0A, 0x20, 0x20, 0x20, 0x20, 0x3C, 0x64, 0x69, 0x76,
    0x20, 0x63, 0x6C, 0x61, 0x73, 0x73, 0x3D, 0x22, 0x66, 0x72, 0x69, 0x73, 0x65, 0x2D, 0x63, 0x61,
    0x64, 0x72, 0x65, 0x22, 0x3E, 0x0A, 0x20, 0x20, 0x20, 0x20, 0x20, 0x20, 0x3C, 0x64, 0x69, 0x76,
    0x20, 0x63, 0x6C, 0x61, 0x73, 0x73, 0x3D, 0x22, 0x66, 0x72, 0x69, 0x73, 0x65, 0x22, 0x20, 0x69,
    0x64, 0x3D, 0x22, 0x66, 0x72, 0x69, 0x73, 0x65, 0x22, 0x3E, 0x3C, 0x2F, 0x64, 0x69, 0x76, 0x3E,
    0x0A, 0x20, 0x20, 0x20, 0x20, 0x20, 0x20, 0x3C, 0x64, 0x69, 0x76, 0x20, 0x63, 0x6C, 0x61, 0x73,
    0x73, 0x3D, 0x22, 0x6C, 0x65, 0x67, 0x65, 0x6E, 0x64, 0x65, 0x22, 0x3E, 0x0A, 0x20, 0x20, 0x20,
    0x20, 0x20, 0x20, 0x20, 0x20, 0x3C, 0x73, 0x70, 0x61, 0x6E, 0x3E, 0x3C, 0x73, 0x70, 0x61, 0x6E,
    0x20, 0x63, 0x6C, 0x61, 0x73, 0x73, 0x3D, 0x22, 0x70, 0x61, 0x73, 0x74, 0x69, 0x6C, 0x6C, 0x65,
    0x22, 0x20, 0x73, 0x74, 0x79, 0x6C, 0x65, 0x3D, 0x22, 0x62, 0x61, 0x63, 0x6B, 0x67, 0x72, 0x6F,
    0x75, 0x6E, 0x64, 0x3A, 0x76, 0x61, 0x72, 0x28, 0x2D, 0x2D, 0x6F, 0x75, 0x74, 0x72, 0x65, 0x6D,
    0x65, 0x72, 0x29, 0x22, 0x3E, 0x3C, 0x2F, 0x73, 0x70, 0x61, 0x6E, 0x3E, 0x64, 0xC3, 0xA9, 0x70,
    0x61, 0x72, 0x74, 0x20, 0x70, 0x72, 0xC3, 0xA9, 0x76, 0x75, 0x3C, 0x2F, 0x73, 0x70, 0x61, 0x6E,
    0x3E, 0x0A, 0x20, 0x20, 0x20, 0x20, 0x20, 0x20, 0x20, 0x20, 0x3C, 0x73, 0x70, 0x61, 0x6E, 0x3E,
    0x3C, 0x73, 0x70, 0x61, 0x6E, 0x20, 0x63, 0x6C, 0x61, 0x73, 0x73, 0x3D, 0x22, 0x70, 0x61, 0x73,
    0x74, 0x69, 0x6C, 0x6C, 0x65, 0x22, 0x20, 0x73, 0x74, 0x79, 0x6C, 0x65, 0x3D, 0x22, 0x62, 0x61,
    0x63, 0x6B, 0x67, 0x72, 0x6F, 0x75, 0x6E, 0x64, 0x3A, 0x76, 0x61, 0x72, 0x28, 0x2D, 0x2D, 0x6F,
    0x6B, 0x29, 0x22, 0x3E, 0x3C, 0x2F, 0x73, 0x70, 0x61, 0x6E, 0x3E, 0x65, 0x66, 0x66, 0x65, 0x63,
    0x74, 0x75, 0xC3, 0xA9, 0x20, 0x2F, 0x20, 0x61, 0x70, 0x70, 0x65, 0x6C, 0x3C, 0x2F, 0x73, 0x70,
    0x61, 0x6E, 0x3E, 0x0A, 0x20, 0x20, 0x20, 0x20, 0x20, 0x20, 0x20, 0x20, 0x3C, 0x73, 0x70, 0x61,
    0x6E, 0x3E, 0x3C, 0x73, 0x70, 0x61, 0x6E, 0x20, 0x63, 0x6C, 0x61, 0x73, 0x73, 0x3D, 0x22, 0x70,
    0x61, 0x73, 0x74, 0x69, 0x6C, 0x6C, 0x65, 0x22, 0x20, 0x73, 0x74, 0x79, 0x6C, 0x65, 0x3D, 0x22,
    0x62, 0x61, 0x63, 0x6B, 0x67, 0x72, 0x6F, 0x75, 0x6E, 0x64, 0x3A, 0x23, 0x38, 0x41, 0x38, 0x46,
    0x41, 0x33, 0x22, 0x3E, 0x3C, 0x2F, 0x73, 0x70, 0x61, 0x6E, 0x3E, 0x73, 0x61, 0x75, 0x74, 0xC3,
    0xA9, 0x3C, 0x2F, 0x73, 0x70, 0x61, 0x6E, 0x3E, 0x0A, 0x20, 0x20, 0x20, 0x20, 0x20, 0x20, 0x20,
    0x20, 0x3C, 0x73, 0x70, 0x61, 0x6E, 0x20, 0x69, 0x64, 0x3D, 0x22, 0x6F, 0x63, 0x63, 0x75, 0x70,
    0x61, 0x74, 0x69, 0x6F, 0x6E, 0x2D, 0x6C, 0x65, 0x67, 0x65, 0x6E, 0x64, 0x65, 0x22, 0x20, 0x63,
    0x6C, 0x61, 0x73, 0x73, 0x3D, 0x22, 0x64, 0x69, 0x73, 0x63, 0x72, 0x65, 0x74, 0x22, 0x3E, 0x3C,
    0x2F, 0x73, 0x70, 0x61, 0x6E, 0x3E, 0x0A, 0x20, 0x20, 0x20, 0x20, 0x20, 0x20, 0x20, 0x20, 0x3C,
    0x73, 0x70, 0x61, 0x6E, 0x20, 0x69, 0x64, 0x3D, 0x22, 0x61, 0x69, 0x64, 0x65, 0x2D, 0x70, 0x6C,
    0x61, 0x63, 0x65, 0x6D, 0x65, 0x6E, 0x74, 0x22, 0x20, 0x63, 0x6C, 0x61, 0x73, 0x73, 0x3D, 0x22,
    0x64, 0x69, 0x73, 0x63, 0x72, 0x65, 0x74, 0x22, 0x3E, 0x3C, 0x2F, 0x73, 0x70, 0x61, 0x6E, 0x3E,
    0x0A, 0x20, 0x20, 0x20, 0x20, 0x20, 0x20, 0x3C, 0x2F, 0x64, 0x69, 0x76, 0x3E, 0x0A, 0x20, 0x20,
    0x20, 0x20, 0x3C, 0x2F, 0x64, 0x69, 0x76, 0x3E, 0x0A, 0x20, 0x20, 0x3C, 0x2F, 0x73, 0x65, 0x63,
    0x74, 0x69, 0x6F, 0x6E, 0x3E, 0x0A, 0x0A, 0x20, 0x20, 0x3C, 0x73, 0x65, 0x63, 0x74, 0x69, 0x6F,
    0x6E, 0x3E, 0x0A, 0x20, 0x20, 0x20, 0x20, 0x3C, 0x68, 0x32, 0x3E, 0x50, 0x6F, 0x73, 0x74, 0x65,
    0x73, 0x3C, 0x2F, 0x68, 0x32, 0x3E, 0x0A, 0x20, 0x20, 0x20, 0x20, 0x3C, 0x64, 0x69, 0x76, 0x20,
    0x63, 0x6C, 0x61, 0x73, 0x73, 0x3D, 0x22, 0x6C, 0x69, 0x67, 0x6E, 0x65, 0x22, 0x20, 0x69, 0x64,
    0x3D, 0x22, 0x70, 0x6F, 0x73, 0x74, 0x65, 0x73, 0x22, 0x3E, 0x3C, 0x2F, 0x64, 0x69, 0x76, 0x3E,
    0x0A, 0x20, 0x20, 0x20, 0x20, 0x3C, 0x64, 0x69, 0x76, 0x20, 0x63, 0x6C, 0x61, 0x73, 0x73, 0x3D,
    0x22, 0x6C, 0x69, 0x67, 0x6E, 0x65, 0x22, 0x20, 0x73, 0x74, 0x79, 0x6C, 0x65, 0x3D, 0x22, 0x6D,
    0x61, 0x72, 0x67, 0x69, 0x6E, 0x2D, 0x74, 0x6F, 0x70, 0x3A, 0x2E, 0x37, 0x72, 0x65, 0x6D, 0x22,
    0x3E, 0x0A, 0x20, 0x20, 0x20, 0x20, 0x20, 0x20, 0x3C, 0x62, 0x75, 0x74, 0x74, 0x6F, 0x6E, 0x20,
    0x69, 0x64, 0x3D, 0x22, 0x64, 0x72, 0x61, 0x70, 0x65, 0x61, 0x75, 0x2D, 0x61, 0x2D, 0x70, 0x72,
    0x65, 0x6E, 0x64, 0x72, 0x65, 0x22, 0x20, 0x6F, 0x6E, 0x63, 0x6C, 0x69, 0x63, 0x6B, 0x3D, 0x22,
    0x70, 0x72, 0x65, 0x6E, 0x64, 0x72, 0x65, 0x44, 0x72, 0x61, 0x70, 0x65, 0x61, 0x75, 0x28, 0x29,
    0x22, 0x20, 0x64, 0x69, 0x73, 0x61, 0x62, 0x6C, 0x65, 0x64, 0x3E, 0xF0, 0x9F, 0x9A, 0xA9, 0x20,
    0x50, 0x72, 0x65, 0x6E, 0x64, 0x72, 0x65, 0x20, 0x6C, 0x65, 0x20, 0x64, 0x72, 0x61, 0x70, 0x65,
    0x61, 0x75, 0x3C, 0x2F, 0x62, 0x75, 0x74, 0x74, 0x6F, 0x6E, 0x3E, 0x0A, 0x20, 0x20, 0x20, 0x20,
    0x20, 0x20, 0x3C, 0x62, 0x75, 0x74, 0x74, 0x6F, 0x6E, 0x20, 0x63, 0x6C, 0x61, 0x73, 0x73, 0x3D,
    0x22, 0x70, 0x72, 0x69, 0x6D, 0x61, 0x69, 0x72, 0x65, 0x22, 0x20, 0x6F, 0x6E, 0x63, 0x6C, 0x69,
    0x63, 0x6B, 0x3D, 0x22, 0x61, 0x70, 0x70, 0x65, 0x6C, 0x65, 0x72, 0x28, 0x29, 0x22, 0x20, 0x69,
    0x64, 0x3D, 0x22, 0x62, 0x74, 0x6E, 0x2D, 0x61, 0x70, 0x70, 0x65, 0x6C, 0x22, 0x20, 0x64, 0x69,
    0x73, 0x61, 0x62, 0x6C, 0x65, 0x64, 0x3E, 0xF0, 0x9F, 0x93, 0xA2, 0x20, 0x4C, 0x27, 0x41, 0x47,
    0x56, 0x20, 0x76, 0x69, 0x65, 0x6E, 0x74, 0x20, 0xC3, 0xA0, 0x20, 0x63, 0x65, 0x20, 0x70, 0x6F,
    0x73, 0x74, 0x65, 0x3C, 0x2F, 0x62, 0x75, 0x74, 0x74, 0x6F, 0x6E, 0x3E, 0x0A, 0x20, 0x20, 0x20,
    0x20, 0x20, 0x20, 0x3C, 0x73, 0x70, 0x61, 0x6E, 0x20, 0x73, 0x74, 0x79, 0x6C, 0x65, 0x3D, 0x22,
    0x66, 0x6C, 0x65, 0x78, 0x3A, 0x31, 0x22, 0x3E, 0x3C, 0x2F, 0x73, 0x70, 0x61, 0x6E, 0x3E, 0x0A,
    0x20, 0x20, 0x20, 0x20, 0x20, 0x20, 0x3C, 0x62, 0x75, 0x74, 0x74, 0x6F, 0x6E, 0x20, 0x6F, 0x6E,
    0x63, 0x6C, 0x69, 0x63, 0x6B, 0x3D, 0x22, 0x6F, 0x75, 0x76, 0x72, 0x69, 0x72, 0x50, 0x6F, 0x73,
    0x74, 0x65, 0x73, 0x28, 0x29, 0x22, 0x3E, 0xE2, 0x9A, 0x99, 0x20, 0x47, 0x65, 0x73, 0x74, 0x69,
    0x6F, 0x6E, 0x20, 0x64, 0x65, 0x73, 0x20, 0x70, 0x6F, 0x73, 0x74, 0x65, 0x73, 0x3C, 0x2F, 0x62,
    0x75, 0x74, 0x74, 0x6F, 0x6E, 0x3E, 0x0A, 0x20, 0x20, 0x20, 0x20, 0x3C, 0x2F, 0x64, 0x69, 0x76,
    0x3E, 0x0A, 0x20, 0x20, 0x20, 0x20, 0x3C, 0x70, 0x20, 0x63, 0x6C, 0x61, 0x73, 0x73, 0x3D, 0x22,
    0x64, 0x69, 0x73, 0x63, 0x72, 0x65, 0x74, 0x22, 0x20, 0x73, 0x74, 0x79, 0x6C, 0x65, 0x3D, 0x22,
    0x6D, 0x61, 0x72, 0x67, 0x69, 0x6E, 0x2D, 0x74, 0x6F, 0x70, 0x3A, 0x2E, 0x35, 0x72, 0x65, 0x6D,
    0x22, 0x3E, 0x43, 0x68, 0x6F, 0x69, 0x73, 0x69, 0x72, 0x20, 0x75, 0x6E, 0x20, 0x70, 0x6F, 0x73,
    0x74, 0x65, 0x2C, 0x20, 0x70, 0x72, 0x65, 0x6E, 0x64, 0x72, 0x65, 0x20, 0x6C, 0x65, 0x20, 0x64,
    0x72, 0x61, 0x70, 0x65, 0x61, 0x75, 0x2C, 0x20, 0x70, 0x75, 0x69, 0x73, 0x20, 0x63, 0x6C, 0x69,
    0x71, 0x75, 0x65, 0x72, 0x20, 0x73, 0x75, 0x72, 0x20, 0x6C, 0x61, 0x20, 0x66, 0x72, 0x69, 0x73,
    0x65, 0x0A, 0x20, 0x20, 0x20, 0x20, 0x20, 0x20, 0x70, 0x6F, 0x75, 0x72, 0x20, 0x70, 0x72, 0x6F,
    0x67, 0x72, 0x61, 0x6D, 0x6D, 0x65, 0x72, 0x20, 0x6C, 0x65, 0x20, 0x64, 0xC3, 0xA9, 0x70, 0x61,
    0x72, 0x74, 0x2C, 0x20, 0x6F, 0x75, 0x20, 0x61, 0x70, 0x70, 0x65, 0x6C, 0x65, 0x72, 0x20, 0x6C,
    0x27, 0x41, 0x47, 0x56, 0x20, 0x69, 0x6D, 0x6D, 0xC3, 0xA9, 0x64, 0x69, 0x61, 0x74, 0x65, 0x6D,
    0x65, 0x6E, 0x74, 0x2E, 0x3C, 0x2F, 0x70, 0x3E, 0x0A, 0x20, 0x20, 0x3C, 0x2F, 0x73, 0x65, 0x63,
    0x74, 0x69, 0x6F, 0x6E, 0x3E, 0x0A, 0x0A, 0x20, 0x20, 0x3C, 0x73, 0x65, 0x63, 0x74, 0x69, 0x6F,
    0x6E, 0x3E, 0x0A, 0x20, 0x20, 0x20, 0x20, 0x3C, 0x68, 0x32, 0x3E, 0x4C, 0x6F, 0x67, 0x73, 0x20,
    0x64, 0x65, 0x73, 0x20, 0x64, 0xC3, 0xA9, 0x70, 0x61, 0x72, 0x74, 0x73, 0x3C, 0x2F, 0x68, 0x32,
    0x3E, 0x0A, 0x20, 0x20, 0x20, 0x20, 0x3C, 0x74, 0x61, 0x62, 0x6C, 0x65, 0x3E, 0x3C, 0x74, 0x68,
    0x65, 0x61, 0x64, 0x3E, 0x3C, 0x74, 0x72, 0x3E, 0x3C, 0x74, 0x68, 0x3E, 0x48, 0x65, 0x75, 0x72,
    0x65, 0x3C, 0x2F, 0x74, 0x68, 0x3E, 0x3C, 0x74, 0x68, 0x3E, 0x44, 0xC3, 0xA9, 0x70, 0x61, 0x72,
    0x74, 0x3C, 0x2F, 0x74, 0x68, 0x3E, 0x3C, 0x74, 0x68, 0x3E, 0x50, 0x6F, 0x73, 0x74, 0x65, 0x3C,
    0x2F, 0x74, 0x68, 0x3E, 0x3C, 0x74, 0x68, 0x3E, 0xC3, 0x89, 0x74, 0x61, 0x74, 0x3C, 0x2F, 0x74,
    0x68, 0x3E, 0x3C, 0x2F, 0x74, 0x72, 0x3E, 0x3C, 0x2F, 0x74, 0x68, 0x65, 0x61, 0x64, 0x3E, 0x0A,
    0x20, 0x20, 0x20, 0x20, 0x3C, 0x74, 0x62, 0x6F, 0x64, 0x79, 0x20, 0x69, 0x64, 0x3D, 0x22, 0x6C,
    0x6F, 0x67, 0x73, 0x22, 0x3E, 0x3C, 0x2F, 0x74, 0x62, 0x6F, 0x64, 0x79, 0x3E, 0x3C, 0x2F, 0x74,
    0x61, 0x62, 0x6C, 0x65, 0x3E, 0x0A, 0x20, 0x20, 0x3C, 0x2F, 0x73, 0x65, 0x63, 0x74, 0x69, 0x6F,
    0x6E, 0x3E, 0x0A, 0x0A, 0x20, 0x20, 0x3C, 0x73, 0x65, 0x63, 0x74, 0x69, 0x6F, 0x6E, 0x20, 0x63,
    0x6C, 0x61, 0x73, 0x73, 0x3D, 0x22, 0x73, 0x69, 0x6D, 0x22, 0x3E, 0x0A, 0x20, 0x20, 0x20, 0x20,
    0x3C, 0x68, 0x32, 0x3E, 0x53, 0x69, 0x6D, 0x75, 0x6C, 0x61, 0x74, 0x69, 0x6F, 0x6E, 0x20, 0x3C,
    0x73, 0x70, 0x61, 0x6E, 0x20, 0x63, 0x6C, 0x61, 0x73, 0x73, 0x3D, 0x22, 0x64, 0x69, 0x73, 0x63,
    0x72, 0x65, 0x74, 0x22, 0x3E, 0x28, 0x62, 0x61, 0x6E, 0x63, 0x20, 0x75, 0x6E, 0x69, 0x71, 0x75,
    0x65, 0x6D, 0x65, 0x6E, 0x74, 0x20, 0x3A, 0x20, 0x6E, 0x27, 0x65, 0x78, 0x69, 0x73, 0x74, 0x65,
    0x20, 0x70, 0x61, 0x73, 0x20, 0x73, 0x75, 0x72, 0x20, 0x6C, 0x61, 0x20, 0x63, 0x69, 0x62, 0x6C,
    0x65, 0x29, 0x3C, 0x2F, 0x73, 0x70, 0x61, 0x6E, 0x3E, 0x3C, 0x2F, 0x68, 0x32, 0x3E, 0x0A, 0x20,
    0x20, 0x20, 0x20, 0x3C, 0x64, 0x69, 0x76, 0x20, 0x63, 0x6C, 0x61, 0x73, 0x73, 0x3D, 0x22, 0x6C,
    0x69, 0x67, 0x6E, 0x65, 0x22, 0x3E, 0x0A, 0x20, 0x20, 0x20, 0x20, 0x20, 0x20, 0x76, 0x69, 0x74,
    0x65, 0x73, 0x73, 0x65, 0x0A, 0x20, 0x20, 0x20, 0x20, 0x20, 0x20, 0x3C, 0x62, 0x75, 0x74, 0x74,
    0x6F, 0x6E, 0x20, 0x6F, 0x6E, 0x63, 0x6C, 0x69, 0x63, 0x6B, 0x3D, 0x22, 0x76, 0x69, 0x74, 0x65,
    0x73, 0x73, 0x65, 0x28, 0x31, 0x29, 0x22, 0x3E, 0xC3, 0x97, 0x31, 0x3C, 0x2F, 0x62, 0x75, 0x74,
    0x74, 0x6F, 0x6E, 0x3E, 0x0A, 0x20, 0x20, 0x20, 0x20, 0x20, 0x20, 0x3C, 0x62, 0x75, 0x74, 0x74,
    0x6F, 0x6E, 0x20, 0x6F, 0x6E, 0x63, 0x6C, 0x69, 0x63, 0x6B, 0x3D, 0x22, 0x76, 0x69, 0x74, 0x65,
    0x73, 0x73, 0x65, 0x28, 0x36, 0x30, 0x29, 0x22, 0x3E, 0xC3, 0x97, 0x36, 0x30, 0x3C, 0x2F, 0x62,
    0x75, 0x74, 0x74, 0x6F, 0x6E, 0x3E, 0x0A, 0x20, 0x20, 0x20, 0x20, 0x20, 0x20, 0x3C, 0x62, 0x75,
    0x74, 0x74, 0x6F, 0x6E, 0x20, 0x6F, 0x6E, 0x63, 0x6C, 0x69, 0x63, 0x6B, 0x3D, 0x22, 0x76, 0x69,
    0x74, 0x65, 0x73, 0x73, 0x65, 0x28, 0x36, 0x30, 0x30, 0x29, 0x22, 0x3E, 0xC3, 0x97, 0x36, 0x30,
    0x30, 0x3C, 0x2F, 0x62, 0x75, 0x74, 0x74, 0x6F, 0x6E, 0x3E, 0x0A, 0x20, 0x20, 0x20, 0x20, 0x20,
    0x20, 0x61, 0x76, 0x61, 0x6E, 0x63, 0x65, 0x72, 0x0A, 0x20, 0x20, 0x20, 0x20, 0x20, 0x20, 0x3C,
    0x62, 0x75, 0x74, 0x74, 0x6F, 0x6E, 0x20, 0x6F, 0x6E, 0x63, 0x6C, 0x69, 0x63, 0x6B, 0x3D, 0x22,
    0x61, 0x76, 0x61, 0x6E, 0x63, 0x65, 0x72, 0x28, 0x36, 0x30, 0x29, 0x22, 0x3E, 0x2B, 0x31, 0x20,
    0x6D, 0x69, 0x6E, 0x3C, 0x2F, 0x62, 0x75, 0x74, 0x74, 0x6F, 0x6E, 0x3E, 0x0A, 0x20, 0x20, 0x20,
    0x20, 0x20, 0x20, 0x3C, 0x62, 0x75, 0x74, 0x74, 0x6F, 0x6E, 0x20, 0x6F, 0x6E, 0x63, 0x6C, 0x69,
    0x63, 0x6B, 0x3D, 0x22, 0x61, 0x76, 0x61, 0x6E, 0x63, 0x65, 0x72, 0x28, 0x33, 0x36, 0x30, 0x30,
    0x29, 0x22, 0x3E, 0x2B, 0x31, 0x20, 0x68, 0x3C, 0x2F, 0x62, 0x75, 0x74, 0x74, 0x6F, 0x6E, 0x3E,
    0x0A, 0x20, 0x20, 0x20, 0x20, 0x20, 0x20, 0x3C, 0x62, 0x75, 0x74, 0x74, 0x6F, 0x6E, 0x20, 0x6F,
    0x6E, 0x63, 0x6C, 0x69, 0x63, 0x6B, 0x3D, 0x22, 0x61, 0x76, 0x61, 0x6E, 0x63, 0x65, 0x72, 0x28,
    0x38, 0x36, 0x34, 0x30, 0x30, 0x29, 0x22, 0x3E, 0x2B, 0x31, 0x20, 0x6A, 0x6F, 0x75, 0x72, 0x3C,
    0x2F, 0x62, 0x75, 0x74, 0x74, 0x6F, 0x6E, 0x3E, 0x0A, 0x20, 0x20, 0x20, 0x20, 0x20, 0x20, 0x3C,
    0x69, 0x6E, 0x70, 0x75, 0x74, 0x20, 0x74, 0x79, 0x70, 0x65, 0x3D, 0x22, 0x64, 0x61, 0x74, 0x65,
    0x74, 0x69, 0x6D, 0x65, 0x2D, 0x6C, 0x6F, 0x63, 0x61, 0x6C, 0x22, 0x20, 0x69, 0x64, 0x3D, 0x22,
    0x61, 0x6C, 0x6C, 0x65, 0x72, 0x2D, 0x61, 0x22, 0x3E, 0x0A, 0x20, 0x20, 0x20, 0x20, 0x20, 0x20,
    0x3C, 0x62, 0x75, 0x74, 0x74, 0x6F, 0x6E, 0x20, 0x6F, 0x6E, 0x63, 0x6C, 0x69, 0x63, 0x6B, 0x3D,
    0x22, 0x61, 0x6C, 0x6C, 0x65, 0x72, 0x41, 0x28, 0x29, 0x22, 0x3E, 0x41, 0x6C, 0x6C, 0x65, 0x72,
    0x20, 0xC3, 0xA0, 0x3C, 0x2F, 0x62, 0x75, 0x74, 0x74, 0x6F, 0x6E, 0x3E, 0x0A, 0x20, 0x20, 0x20,
    0x20, 0x20, 0x20, 0x3C, 0x62, 0x75, 0x74, 0x74, 0x6F, 0x6E, 0x20, 0x6F, 0x6E, 0x63, 0x6C, 0x69,
    0x63, 0x6B, 0x3D, 0x22, 0x62, 0x61, 0x73, 0x63, 0x75, 0x6C, 0x65, 0x72, 0x46, 0x69, 0x61, 0x62,
    0x6C, 0x65, 0x28, 0x29, 0x22, 0x20, 0x69, 0x64, 0x3D, 0x22, 0x62, 0x74, 0x6E, 0x2D, 0x66, 0x69,
    0x61, 0x62, 0x6C, 0x65, 0x22, 0x3E, 0x73, 0x69, 0x6D, 0x75, 0x6C, 0x65, 0x72, 0x20, 0x68, 0x65,
    0x75, 0x72, 0x65, 0x20, 0x64, 0x6F, 0x75, 0x74, 0x65, 0x75, 0x73, 0x65, 0x3C, 0x2F, 0x62, 0x75,
    0x74, 0x74, 0x6F, 0x6E, 0x3E, 0x0A, 0x20, 0x20, 0x20, 0x20, 0x20, 0x20, 0x3C, 0x62, 0x75, 0x74,
    0x74, 0x6F, 0x6E, 0x20, 0x6F, 0x6E, 0x63, 0x6C, 0x69, 0x63, 0x6B, 0x3D, 0x22, 0x62, 0x61, 0x73,
    0x63, 0x75, 0x6C, 0x65, 0x72, 0x50, 0x61, 0x75, 0x73, 0x65, 0x28, 0x29, 0x22, 0x20, 0x69, 0x64,
    0x3D, 0x22, 0x62, 0x74, 0x6E, 0x2D, 0x70, 0x61, 0x75, 0x73, 0x65, 0x22, 0x3E, 0x50, 0x61, 0x75,
    0x73, 0x65, 0x20, 0x70, 0x6C, 0x61, 0x6E, 0x6E, 0x69, 0x6E, 0x67, 0x3C, 0x2F, 0x62, 0x75, 0x74,
    0x74, 0x6F, 0x6E, 0x3E, 0x0A, 0x20, 0x20, 0x20, 0x20, 0x20, 0x20, 0x3C, 0x62, 0x75, 0x74, 0x74,
    0x6F, 0x6E, 0x20, 0x6F, 0x6E, 0x63, 0x6C, 0x69, 0x63, 0x6B, 0x3D, 0x22, 0x73, 0x6B, 0x69, 0x70,
    0x28, 0x29, 0x22, 0x3E, 0x53, 0x61, 0x75, 0x74, 0x65, 0x72, 0x20, 0x6C, 0x65, 0x20, 0x70, 0x72,
    0x6F, 0x63, 0x68, 0x61, 0x69, 0x6E, 0x3C, 0x2F, 0x62, 0x75, 0x74, 0x74, 0x6F, 0x6E, 0x3E, 0x0A,
    0x20, 0x20, 0x20, 0x20, 0x20, 0x20, 0x3C, 0x62, 0x75, 0x74, 0x74, 0x6F, 0x6E, 0x20, 0x6F, 0x6E,
    0x63, 0x6C, 0x69, 0x63, 0x6B, 0x3D, 0x22, 0x73, 0x69, 0x6D, 0x49, 0x6E, 0x74, 0x65, 0x72, 0x72,
    0x75, 0x70, 0x74, 0x69, 0x6F, 0x6E, 0x28, 0x74, 0x72, 0x75, 0x65, 0x29, 0x22, 0x3E, 0xE2, 0x9B,
    0x94, 0x20, 0x63, 0x6F, 0x75, 0x70, 0x75, 0x72, 0x65, 0x20, 0x45, 0x4E, 0x20, 0x64, 0xC3, 0xA9,
    0x70, 0x6C, 0x61, 0x63, 0x65, 0x6D, 0x65, 0x6E, 0x74, 0x3C, 0x2F, 0x62, 0x75, 0x74, 0x74, 0x6F,
    0x6E, 0x3E, 0x0A, 0x20, 0x20, 0x20, 0x20, 0x20, 0x20, 0x3C, 0x62, 0x75, 0x74, 0x74, 0x6F, 0x6E,
    0x20, 0x6F, 0x6E, 0x63, 0x6C, 0x69, 0x63, 0x6B, 0x3D, 0x22, 0x73, 0x69, 0x6D, 0x49, 0x6E, 0x74,
    0x65, 0x72, 0x72, 0x75, 0x70, 0x74, 0x69, 0x6F, 0x6E, 0x28, 0x66, 0x61, 0x6C, 0x73, 0x65, 0x29,
    0x22, 0x3E, 0x63, 0x6F, 0x75, 0x70, 0x75, 0x72, 0x65, 0x20, 0xC3, 0xA0, 0x20, 0x6C, 0x27, 0x61,
    0x72, 0x72, 0xC3, 0xAA, 0x74, 0x3C, 0x2F, 0x62, 0x75, 0x74, 0x74, 0x6F, 0x6E, 0x3E, 0x0A, 0x20,
    0x20, 0x20, 0x20, 0x20, 0x20, 0x3C, 0x62, 0x75, 0x74, 0x74, 0x6F, 0x6E, 0x20, 0x6F, 0x6E, 0x63,
    0x6C, 0x69, 0x63, 0x6B, 0x3D, 0x22, 0x73, 0x69, 0x6D, 0x41, 0x72, 0x72, 0x69, 0x76, 0x65, 0x65,
    0x28, 0x29, 0x22, 0x3E, 0x61, 0x72, 0x72, 0x69, 0x76, 0xC3, 0xA9, 0x65, 0x20, 0x63, 0x6F, 0x6E,
    0x66, 0x69, 0x72, 0x6D, 0xC3, 0xA9, 0x65, 0x3C, 0x2F, 0x62, 0x75, 0x74, 0x74, 0x6F, 0x6E, 0x3E,
    0x0A, 0x20, 0x20, 0x20, 0x20, 0x3C, 0x2F, 0x64, 0x69, 0x76, 0x3E, 0x0A, 0x20, 0x20, 0x3C, 0x2F,
    0x73, 0x65, 0x63, 0x74, 0x69, 0x6F, 0x6E, 0x3E, 0x0A, 0x3C, 0x2F, 0x6D, 0x61, 0x69, 0x6E, 0x3E,
    0x0A, 0x3C, 0x64, 0x69, 0x76, 0x20, 0x69, 0x64, 0x3D, 0x22, 0x76, 0x6F, 0x69, 0x6C, 0x65, 0x2D,
    0x70, 0x6F, 0x73, 0x74, 0x65, 0x73, 0x22, 0x20, 0x63, 0x6C, 0x61, 0x73, 0x73, 0x3D, 0x22, 0x76,
    0x6F, 0x69, 0x6C, 0x65, 0x22, 0x20, 0x68, 0x69, 0x64, 0x64, 0x65, 0x6E, 0x3E, 0x0A, 0x20, 0x20,
    0x3C, 0x64, 0x69, 0x76, 0x20, 0x63, 0x6C, 0x61, 0x73, 0x73, 0x3D, 0x22, 0x6D, 0x6F, 0x64, 0x61,
    0x6C, 0x65, 0x22, 0x20, 0x72, 0x6F, 0x6C, 0x65, 0x3D, 0x22, 0x64, 0x69, 0x61, 0x6C, 0x6F, 0x67,
    0x22, 0x20, 0x61, 0x72, 0x69, 0x61, 0x2D, 0x6D, 0x6F, 0x64, 0x61, 0x6C, 0x3D, 0x22, 0x74, 0x72,
    0x75, 0x65, 0x22, 0x20, 0x61, 0x72, 0x69, 0x61, 0x2D, 0x6C, 0x61, 0x62, 0x65, 0x6C, 0x6C, 0x65,
    0x64, 0x62, 0x79, 0x3D, 0x22, 0x74, 0x69, 0x74, 0x72, 0x65, 0x2D, 0x70, 0x6F, 0x73, 0x74, 0x65,
    0x73, 0x22, 0x3E, 0x0A, 0x20, 0x20, 0x20, 0x20, 0x3C, 0x68, 0x33, 0x20, 0x69, 0x64, 0x3D, 0x22,
    0x74, 0x69, 0x74, 0x72, 0x65, 0x2D, 0x70, 0x6F, 0x73, 0x74, 0x65, 0x73, 0x22, 0x3E, 0x47, 0x65,
    0x73, 0x74, 0x69, 0x6F, 0x6E, 0x20, 0x64, 0x65, 0x73, 0x20, 0x70, 0x6F, 0x73, 0x74, 0x65, 0x73,
    0x3C, 0x2F, 0x68, 0x33, 0x3E, 0x0A, 0x20, 0x20, 0x20, 0x20, 0x3C, 0x75, 0x6C, 0x20, 0x69, 0x64,
    0x3D, 0x22, 0x6C, 0x69, 0x73, 0x74, 0x65, 0x2D, 0x70, 0x6F, 0x73, 0x74, 0x65, 0x73, 0x22, 0x3E,
    0x3C, 0x2F, 0x75, 0x6C, 0x3E, 0x0A, 0x20, 0x20, 0x20, 0x20, 0x3C, 0x64, 0x69, 0x76, 0x20, 0x63,
    0x6C, 0x61, 0x73, 0x73, 0x3D, 0x22, 0x6C, 0x69, 0x67, 0x6E, 0x65, 0x22, 0x3E, 0x0A, 0x20, 0x20,
    0x20, 0x20, 0x20, 0x20, 0x3C, 0x69, 0x6E, 0x70, 0x75, 0x74, 0x20, 0x69, 0x64, 0x3D, 0x22, 0x6E,
    0x6F, 0x75, 0x76, 0x65, 0x61, 0x75, 0x2D, 0x70, 0x6F, 0x73, 0x74, 0x65, 0x22, 0x20, 0x74, 0x79,
    0x70, 0x65, 0x3D, 0x22, 0x6E, 0x75, 0x6D, 0x62, 0x65, 0x72, 0x22, 0x20, 0x6D, 0x69, 0x6E, 0x3D,
    0x22, 0x30, 0x22, 0x20, 0x6D, 0x61, 0x78, 0x3D, 0x22, 0x31, 0x30, 0x32, 0x33, 0x22, 0x0A, 0x20,
    0x20, 0x20, 0x20, 0x20, 0x20, 0x20, 0x20, 0x20, 0x20, 0x20, 0x20, 0x20, 0x70, 0x6C, 0x61, 0x63,
    0x65, 0x68, 0x6F, 0x6C, 0x64, 0x65, 0x72, 0x3D, 0x22, 0x6E, 0xC2, 0xB0, 0x20, 0x64, 0x65, 0x20,
    0x73, 0x74, 0x61, 0x74, 0x69, 0x6F, 0x6E, 0x20, 0x28, 0x30, 0x2D, 0x31, 0x30, 0x32, 0x33, 0x29,
    0x22, 0x20, 0x73, 0x74, 0x79, 0x6C, 0x65, 0x3D, 0x22, 0x66, 0x6C, 0x65, 0x78, 0x3A, 0x31, 0x22,
    0x3E, 0x0A, 0x20, 0x20, 0x20, 0x20, 0x20, 0x20, 0x3C, 0x62, 0x75, 0x74, 0x74, 0x6F, 0x6E, 0x20,
    0x63, 0x6C, 0x61, 0x73, 0x73, 0x3D, 0x22, 0x70, 0x72, 0x69, 0x6D, 0x61, 0x69, 0x72, 0x65, 0x22,
    0x20, 0x6F, 0x6E, 0x63, 0x6C, 0x69, 0x63, 0x6B, 0x3D, 0x22, 0x61, 0x6A, 0x6F, 0x75, 0x74, 0x65,
    0x72, 0x50, 0x6F, 0x73, 0x74, 0x65, 0x28, 0x29, 0x22, 0x3E, 0x41, 0x6A, 0x6F, 0x75, 0x74, 0x65,
    0x72, 0x3C, 0x2F, 0x62, 0x75, 0x74, 0x74, 0x6F, 0x6E, 0x3E, 0x0A, 0x20, 0x20, 0x20, 0x20, 0x3C,
    0x2F, 0x64, 0x69, 0x76, 0x3E, 0x0A, 0x20, 0x20, 0x20, 0x20, 0x3C, 0x70, 0x20, 0x63, 0x6C, 0x61,
    0x73, 0x73, 0x3D, 0x22, 0x64, 0x69, 0x73, 0x63, 0x72, 0x65, 0x74, 0x22, 0x20, 0x73, 0x74, 0x79,
    0x6C, 0x65, 0x3D, 0x22, 0x6D, 0x61, 0x72, 0x67, 0x69, 0x6E, 0x3A, 0x2E, 0x36, 0x72, 0x65, 0x6D,
    0x20, 0x30, 0x22, 0x3E, 0x55, 0x6E, 0x20, 0x70, 0x6F, 0x73, 0x74, 0x65, 0x20, 0x65, 0x73, 0x74,
    0x20, 0x75, 0x6E, 0x65, 0x20, 0x73, 0x74, 0x61, 0x74, 0x69, 0x6F, 0x6E, 0x20, 0x64, 0x75, 0x20,
    0x70, 0x61, 0x72, 0x63, 0x6F, 0x75, 0x72, 0x73, 0x2E, 0x0A, 0x20, 0x20, 0x20, 0x20, 0x20, 0x20,
    0x52, 0x65, 0x74, 0x69, 0x72, 0x65, 0x72, 0x20, 0x75, 0x6E, 0x20, 0x70, 0x6F, 0x73, 0x74, 0x65,
    0x20, 0x6E, 0x65, 0x20, 0x72, 0x65, 0x74, 0x69, 0x72, 0x65, 0x20, 0x71, 0x75, 0x65, 0x20, 0x6C,
    0x61, 0x20, 0x70, 0x61, 0x73, 0x74, 0x69, 0x6C, 0x6C, 0x65, 0x20, 0x3A, 0x20, 0x6C, 0x65, 0x73,
    0x20, 0x64, 0xC3, 0xA9, 0x70, 0x61, 0x72, 0x74, 0x73, 0x20, 0x64, 0xC3, 0xA9, 0x6A, 0xC3, 0xA0,
    0x20, 0x70, 0x6F, 0x73, 0xC3, 0xA9, 0x73, 0x20, 0x72, 0x65, 0x73, 0x74, 0x65, 0x6E, 0x74, 0x2E,
    0x3C, 0x2F, 0x70, 0x3E, 0x0A, 0x20, 0x20, 0x20, 0x20, 0x3C, 0x64, 0x69, 0x76, 0x20, 0x63, 0x6C,
    0x61, 0x73, 0x73, 0x3D, 0x22, 0x6C, 0x69, 0x67, 0x6E, 0x65, 0x22, 0x20, 0x73, 0x74, 0x79, 0x6C,
    0x65, 0x3D, 0x22, 0x6A, 0x75, 0x73, 0x74, 0x69, 0x66, 0x79, 0x2D, 0x63, 0x6F, 0x6E, 0x74, 0x65,
    0x6E, 0x74, 0x3A, 0x66, 0x6C, 0x65, 0x78, 0x2D, 0x65, 0x6E, 0x64, 0x22, 0x3E, 0x0A, 0x20, 0x20,
    0x20, 0x20, 0x20, 0x20, 0x3C, 0x62, 0x75, 0x74, 0x74, 0x6F, 0x6E, 0x20, 0x6F, 0x6E, 0x63, 0x6C,
    0x69, 0x63, 0x6B, 0x3D, 0x22, 0x66, 0x65, 0x72, 0x6D, 0x65, 0x72, 0x50, 0x6F, 0x73, 0x74, 0x65,
    0x73, 0x28, 0x29, 0x22, 0x3E, 0x46, 0x65, 0x72, 0x6D, 0x65, 0x72, 0x3C, 0x2F, 0x62, 0x75, 0x74,
    0x74, 0x6F, 0x6E, 0x3E, 0x0A, 0x20, 0x20, 0x20, 0x20, 0x3C, 0x2F, 0x64, 0x69, 0x76, 0x3E, 0x0A,
    0x20, 0x20, 0x3C, 0x2F, 0x64, 0x69, 0x76, 0x3E, 0x0A, 0x3C, 0x2F, 0x64, 0x69, 0x76, 0x3E, 0x0A,
    0x3C, 0x64, 0x69, 0x76, 0x20, 0x69, 0x64, 0x3D, 0x22, 0x74, 0x6F, 0x61, 0x73, 0x74, 0x22, 0x3E,
    0x3C, 0x2F, 0x64, 0x69, 0x76, 0x3E, 0x0A, 0x0A, 0x3C, 0x73, 0x63, 0x72, 0x69, 0x70, 0x74, 0x3E,
    0x0A, 0x27, 0x75, 0x73, 0x65, 0x20, 0x73, 0x74, 0x72, 0x69, 0x63, 0x74, 0x27, 0x3B, 0x0A, 0x63,
    0x6F, 0x6E, 0x73, 0x74, 0x20, 0x24, 0x20, 0x3D, 0x20, 0x28, 0x69, 0x64, 0x29, 0x20, 0x3D, 0x3E,
    0x20, 0x64, 0x6F, 0x63, 0x75, 0x6D, 0x65, 0x6E, 0x74, 0x2E, 0x67, 0x65, 0x74, 0x45, 0x6C, 0x65,
    0x6D, 0x65, 0x6E, 0x74, 0x42, 0x79, 0x49, 0x64, 0x28, 0x69, 0x64, 0x29, 0x3B, 0x0A, 0x6C, 0x65,
    0x74, 0x20, 0x65, 0x74, 0x61, 0x67, 0x20, 0x3D, 0x20, 0x6E, 0x75, 0x6C, 0x6C, 0x2C, 0x20, 0x65,
    0x6E, 0x74, 0x72, 0x65, 0x65, 0x73, 0x20, 0x3D, 0x20, 0x5B, 0x5D, 0x2C, 0x20, 0x6A, 0x6F, 0x75,
    0x72, 0x20, 0x3D, 0x20, 0x5B, 0x5D, 0x2C, 0x20, 0x6D, 0x69, 0x73, 0x73, 0x69, 0x6F, 0x6E, 0x73,
    0x20, 0x3D, 0x20, 0x5B, 0x5D, 0x2C, 0x20, 0x6A, 0x6F, 0x75, 0x72, 0x6E, 0x61, 0x6C, 0x20, 0x3D,
    0x20, 0x5B, 0x5D, 0x3B, 0x0A, 0x6C, 0x65, 0x74, 0x20, 0x65, 0x74, 0x61, 0x74, 0x54, 0x65, 0x6D,
    0x70, 0x73, 0x20, 0x3D, 0x20, 0x7B, 0x7D, 0x2C, 0x20, 0x70, 0x6F, 0x73, 0x74, 0x65, 0x43, 0x68,
    0x6F, 0x69, 0x73, 0x69, 0x20, 0x3D, 0x20, 0x6E, 0x75, 0x6C, 0x6C, 0x2C, 0x20, 0x64, 0x72, 0x61,
    0x70, 0x65, 0x61, 0x75, 0x45, 0x6E, 0x4D, 0x61, 0x69, 0x6E, 0x20, 0x3D, 0x20, 0x66, 0x61, 0x6C,
    0x73, 0x65, 0x3B, 0x0A, 0x2F, 0x2F, 0x20, 0x43, 0x6C, 0xC3, 0xA9, 0x20, 0x76, 0x65, 0x72, 0x73,
    0x69, 0x6F, 0x6E, 0x6E, 0xC3, 0xA9, 0x65, 0x20, 0x3A, 0x20, 0x6C, 0x27, 0x61, 0x6E, 0x63, 0x69,
    0x65, 0x6E, 0x6E, 0x65, 0x20, 0x70, 0x61, 0x6C, 0x65, 0x74, 0x74, 0x65, 0x20, 0x28, 0x31, 0x30,
    0x2F, 0x32, 0x30, 0x2F, 0x34, 0x32, 0x29, 0x20, 0xC3, 0xA9, 0x74, 0x61, 0x69, 0x74, 0x20, 0x75,
    0x6E, 0x65, 0x20, 0x69, 0x6E, 0x76, 0x65, 0x6E, 0x74, 0x69, 0x6F, 0x6E, 0x20, 0x64, 0x75, 0x20,
    0x62, 0x61, 0x6E, 0x63, 0x2C, 0x0A, 0x2F, 0x2F, 0x20, 0x6C, 0x65, 0x73, 0x20, 0x70, 0x6F, 0x73,
    0x74, 0x65, 0x73, 0x20, 0x72, 0xC3, 0xA9, 0x65, 0x6C, 0x73, 0x20, 0x64, 0x65, 0x20, 0x6C, 0x27,
    0x69, 0x6E, 0x73, 0x74, 0x61, 0x6C, 0x6C, 0x61, 0x74, 0x69, 0x6F, 0x6E, 0x20, 0x73, 0x6F, 0x6E,
    0x74, 0x20, 0x6C, 0x65, 0x20, 0x31, 0x20, 0x65, 0x74, 0x20, 0x6C, 0x65, 0x20, 0x32, 0x2E, 0x0A,
    0x63, 0x6F, 0x6E, 0x73, 0x74, 0x20, 0x70, 0x6F, 0x73, 0x74, 0x65, 0x73, 0x20, 0x3D, 0x20, 0x4A,
    0x53, 0x4F, 0x4E, 0x2E, 0x70, 0x61, 0x72, 0x73, 0x65, 0x28, 0x6C, 0x6F, 0x63, 0x61, 0x6C, 0x53,
    0x74, 0x6F, 0x72, 0x61, 0x67, 0x65, 0x2E, 0x67, 0x65, 0x74, 0x49, 0x74, 0x65, 0x6D, 0x28, 0x27,
    0x61, 0x69, 0x6F, 0x2D, 0x70, 0x6F, 0x73, 0x74, 0x65, 0x73, 0x2D, 0x76, 0x32, 0x27, 0x29, 0x20,
    0x7C, 0x7C, 0x20, 0x27, 0x5B, 0x31, 0x2C, 0x20, 0x32, 0x5D, 0x27, 0x29, 0x3B, 0x0A, 0x63, 0x6F,
    0x6E, 0x73, 0x74, 0x20, 0x73, 0x61, 0x75, 0x76, 0x65, 0x72, 0x50, 0x6F, 0x73, 0x74, 0x65, 0x73,
    0x20, 0x3D, 0x20, 0x28, 0x29, 0x20, 0x3D, 0x3E, 0x20, 0x6C, 0x6F, 0x63, 0x61, 0x6C, 0x53, 0x74,
    0x6F, 0x72, 0x61, 0x67, 0x65, 0x2E, 0x73, 0x65, 0x74, 0x49, 0x74, 0x65, 0x6D, 0x28, 0x27, 0x61,
    0x69, 0x6F, 0x2D, 0x70, 0x6F, 0x73, 0x74, 0x65, 0x73, 0x2D, 0x76, 0x32, 0x27, 0x2C, 0x20, 0x4A,
    0x53, 0x4F, 0x4E, 0x2E, 0x73, 0x74, 0x72, 0x69, 0x6E, 0x67, 0x69, 0x66, 0x79, 0x28, 0x70, 0x6F,
    0x73, 0x74, 0x65, 0x73, 0x29, 0x29, 0x3B, 0x0A, 0x24, 0x28, 0x27, 0x76, 0x61, 0x6C, 0x69, 0x64,
    0x65, 0x2D, 0x70, 0x61, 0x72, 0x27, 0x29, 0x2E, 0x76, 0x61, 0x6C, 0x75, 0x65, 0x20, 0x3D, 0x20,
    0x6C, 0x6F, 0x63, 0x61, 0x6C, 0x53, 0x74, 0x6F, 0x72, 0x61, 0x67, 0x65, 0x2E, 0x67, 0x65, 0x74,
    0x49, 0x74, 0x65, 0x6D, 0x28, 0x27, 0x61, 0x69, 0x6F, 0x2D, 0x6E, 0x6F, 0x6D, 0x27, 0x29, 0x20,
    0x7C, 0x7C, 0x20, 0x27, 0x27, 0x3B, 0x0A, 0x0A, 0x61, 0x73, 0x79, 0x6E, 0x63, 0x20, 0x66, 0x75,
    0x6E, 0x63, 0x74, 0x69, 0x6F, 0x6E, 0x20, 0x61, 0x70, 0x69, 0x28, 0x6D, 0x65, 0x74, 0x68, 0x6F,
    0x64, 0x65, 0x2C, 0x20, 0x63, 0x68, 0x65, 0x6D, 0x69, 0x6E, 0x2C, 0x20, 0x63, 0x6F, 0x72, 0x70,
    0x73, 0x2C, 0x20, 0x65, 0x6E, 0x74, 0x65, 0x74, 0x65, 0x73, 0x29, 0x20, 0x7B, 0x0A, 0x20, 0x20,
    0x63, 0x6F, 0x6E, 0x73, 0x74, 0x20, 0x72, 0x65, 0x70, 0x20, 0x3D, 0x20, 0x61, 0x77, 0x61, 0x69,
    0x74, 0x20, 0x66, 0x65, 0x74, 0x63, 0x68, 0x28, 0x63, 0x68, 0x65, 0x6D, 0x69, 0x6E, 0x2C, 0x20,
    0x7B, 0x20, 0x6D, 0x65, 0x74, 0x68, 0x6F, 0x64, 0x3A, 0x20, 0x6D, 0x65, 0x74, 0x68, 0x6F, 0x64,
    0x65, 0x2C, 0x0A, 0x20, 0x20, 0x20, 0x20, 0x68, 0x65, 0x61, 0x64, 0x65, 0x72, 0x73, 0x3A, 0x20,
    0x7B, 0x20, 0x2E, 0x2E, 0x2E, 0x28, 0x63, 0x6F, 0x72, 0x70, 0x73, 0x20, 0x3F, 0x20, 0x7B, 0x20,
    0x27, 0x43, 0x6F, 0x6E, 0x74, 0x65, 0x6E, 0x74, 0x2D, 0x54, 0x79, 0x70, 0x65, 0x27, 0x3A, 0x20,
    0x27, 0x61, 0x70, 0x70, 0x6C, 0x69, 0x63, 0x61, 0x74, 0x69, 0x6F, 0x6E, 0x2F, 0x6A, 0x73, 0x6F,
    0x6E, 0x27, 0x20, 0x7D, 0x20, 0x3A, 0x20, 0x7B, 0x7D, 0x29, 0x2C, 0x20, 0x2E, 0x2E, 0x2E, 0x28,
    0x65, 0x6E, 0x74, 0x65, 0x74, 0x65, 0x73, 0x20, 0x7C, 0x7C, 0x20, 0x7B, 0x7D, 0x29, 0x20, 0x7D,
    0x2C, 0x0A, 0x20, 0x20, 0x20, 0x20, 0x62, 0x6F, 0x64, 0x79, 0x3A, 0x20, 0x63, 0x6F, 0x72, 0x70,
    0x73, 0x20, 0x3F, 0x20, 0x4A, 0x53, 0x4F, 0x4E, 0x2E, 0x73, 0x74, 0x72, 0x69, 0x6E, 0x67, 0x69,
    0x66, 0x79, 0x28, 0x63, 0x6F, 0x72, 0x70, 0x73, 0x29, 0x20, 0x3A, 0x20, 0x75, 0x6E, 0x64, 0x65,
    0x66, 0x69, 0x6E, 0x65, 0x64, 0x20, 0x7D, 0x29, 0x3B, 0x0A, 0x20, 0x20, 0x63, 0x6F, 0x6E, 0x73,
    0x74, 0x20, 0x64, 0x61, 0x74, 0x61, 0x20, 0x3D, 0x20, 0x61, 0x77, 0x61, 0x69, 0x74, 0x20, 0x72,
    0x65, 0x70, 0x2E, 0x6A, 0x73, 0x6F, 0x6E, 0x28, 0x29, 0x2E, 0x63, 0x61, 0x74, 0x63, 0x68, 0x28,
    0x28, 0x29, 0x20, 0x3D, 0x3E, 0x20, 0x28, 0x7B, 0x7D, 0x29, 0x29, 0x3B, 0x0A, 0x20, 0x20, 0x72,
    0x65, 0x74, 0x75, 0x72, 0x6E, 0x20, 0x7B, 0x20, 0x6F, 0x6B, 0x3A, 0x20, 0x72, 0x65, 0x70, 0x2E,
    0x6F, 0x6B, 0x2C, 0x20, 0x63, 0x6F, 0x64, 0x65, 0x3A, 0x20, 0x72, 0x65, 0x70, 0x2E, 0x73, 0x74,
    0x61, 0x74, 0x75, 0x73, 0x2C, 0x20, 0x64, 0x61, 0x74, 0x61, 0x2C, 0x20, 0x65, 0x74, 0x61, 0x67,
    0x3A, 0x20, 0x72, 0x65, 0x70, 0x2E, 0x68, 0x65, 0x61, 0x64, 0x65, 0x72, 0x73, 0x2E, 0x67, 0x65,
    0x74, 0x28, 0x27, 0x45, 0x54, 0x61, 0x67, 0x27, 0x29, 0x20, 0x7D, 0x3B, 0x0A, 0x7D, 0x0A, 0x0A,
    0x66, 0x75, 0x6E, 0x63, 0x74, 0x69, 0x6F, 0x6E, 0x20, 0x74, 0x6F, 0x61, 0x73, 0x74, 0x28, 0x6D,
    0x65, 0x73, 0x73, 0x61, 0x67, 0x65, 0x29, 0x20, 0x7B, 0x0A, 0x20, 0x20, 0x24, 0x28, 0x27, 0x74,
    0x6F, 0x61, 0x73, 0x74, 0x27, 0x29, 0x2E, 0x74, 0x65, 0x78, 0x74, 0x43, 0x6F, 0x6E, 0x74, 0x65,
    0x6E, 0x74, 0x20, 0x3D, 0x20, 0x6D, 0x65, 0x73, 0x73, 0x61, 0x67, 0x65, 0x3B, 0x0A, 0x20, 0x20,
    0x24, 0x28, 0x27, 0x74, 0x6F, 0x61, 0x73, 0x74, 0x27, 0x29, 0x2E, 0x63, 0x6C, 0x61, 0x73, 0x73,
    0x4C, 0x69, 0x73, 0x74, 0x2E, 0x61, 0x64, 0x64, 0x28, 0x27, 0x76, 0x69, 0x73, 0x69, 0x62, 0x6C,
    0x65, 0x27, 0x29, 0x3B, 0x0A, 0x20, 0x20, 0x63, 0x6C, 0x65, 0x61, 0x72, 0x54, 0x69, 0x6D, 0x65,
    0x6F, 0x75, 0x74, 0x28, 0x74, 0x6F, 0x61, 0x73, 0x74, 0x2E, 0x74, 0x29, 0x3B, 0x0A, 0x20, 0x20,
    0x74, 0x6F, 0x61, 0x73, 0x74, 0x2E, 0x74, 0x20, 0x3D, 0x20, 0x73, 0x65, 0x74, 0x54, 0x69, 0x6D,
    0x65, 0x6F, 0x75, 0x74, 0x28, 0x28, 0x29, 0x20, 0x3D, 0x3E, 0x20, 0x24, 0x28, 0x27, 0x74, 0x6F,
    0x61, 0x73, 0x74, 0x27, 0x29, 0x2E, 0x63, 0x6C, 0x61, 0x73, 0x73, 0x4C, 0x69, 0x73, 0x74, 0x2E,
    0x72, 0x65, 0x6D, 0x6F, 0x76, 0x65, 0x28, 0x27, 0x76, 0x69, 0x73, 0x69, 0x62, 0x6C, 0x65, 0x27,
    0x29, 0x2C, 0x20, 0x34, 0x32, 0x30, 0x30, 0x29, 0x3B, 0x0A, 0x7D, 0x0A, 0x0A, 0x2F, 0x2F, 0x20,
    0x2D, 0x2D, 0x2D, 0x20, 0x52, 0x65, 0x6E, 0x64, 0x75, 0x20, 0x2D, 0x2D, 0x2D, 0x2D, 0x2D, 0x2D,
    0x2D, 0x2D, 0x2D, 0x2D, 0x2D, 0x2D, 0x2D, 0x2D, 0x2D, 0x2D, 0x2D, 0x2D, 0x2D, 0x2D, 0x2D, 0x2D,
    0x2D, 0x2D, 0x2D, 0x2D, 0x2D, 0x2D, 0x2D, 0x2D, 0x2D, 0x2D, 0x2D, 0x2D, 0x2D, 0x2D, 0x2D, 0x2D,
    0x2D, 0x2D, 0x2D, 0x2D, 0x2D, 0x2D, 0x2D, 0x2D, 0x2D, 0x2D, 0x2D, 0x2D, 0x2D, 0x2D, 0x2D, 0x2D,
    0x2D, 0x2D, 0x2D, 0x2D, 0x2D, 0x2D, 0x2D, 0x2D, 0x2D, 0x2D, 0x2D, 0x0A, 0x63, 0x6F, 0x6E, 0x73,
    0x74, 0x20, 0x70, 0x6F, 0x73, 0x44, 0x61, 0x6E, 0x73, 0x4A, 0x6F, 0x75, 0x72, 0x20, 0x3D, 0x20,
    0x28, 0x6C, 0x6F, 0x63, 0x61, 0x6C, 0x65, 0x29, 0x20, 0x3D, 0x3E, 0x20, 0x7B, 0x0A, 0x20, 0x20,
    0x63, 0x6F, 0x6E, 0x73, 0x74, 0x20, 0x5B, 0x68, 0x2C, 0x20, 0x6D, 0x2C, 0x20, 0x73, 0x5D, 0x20,
    0x3D, 0x20, 0x6C, 0x6F, 0x63, 0x61, 0x6C, 0x65, 0x2E, 0x73, 0x6C, 0x69, 0x63, 0x65, 0x28, 0x31,
    0x31, 0x29, 0x2E, 0x73, 0x70, 0x6C, 0x69, 0x74, 0x28, 0x27, 0x3A, 0x27, 0x29, 0x2E, 0x6D, 0x61,
    0x70, 0x28, 0x4E, 0x75, 0x6D, 0x62, 0x65, 0x72, 0x29, 0x3B, 0x0A, 0x20, 0x20, 0x72, 0x65, 0x74,
    0x75, 0x72, 0x6E, 0x20, 0x28, 0x28, 0x68, 0x20, 0x2A, 0x20, 0x33, 0x36, 0x30, 0x30, 0x20, 0x2B,
    0x20, 0x6D, 0x20, 0x2A, 0x20, 0x36, 0x30, 0x20, 0x2B, 0x20, 0x28, 0x73, 0x20, 0x7C, 0x7C, 0x20,
    0x30, 0x29, 0x29, 0x20, 0x2F, 0x20, 0x38, 0x36, 0x34, 0x30, 0x30, 0x29, 0x20, 0x2A, 0x20, 0x31,
    0x30, 0x30, 0x3B, 0x0A, 0x7D, 0x3B, 0x0A, 0x63, 0x6F, 0x6E, 0x73, 0x74, 0x20, 0x61, 0x75, 0x6A,
    0x6F, 0x75, 0x72, 0x64, 0x68, 0x75, 0x69, 0x20, 0x3D, 0x20, 0x28, 0x29, 0x20, 0x3D, 0x3E, 0x20,
    0x28, 0x65, 0x74, 0x61, 0x74, 0x54, 0x65, 0x6D, 0x70, 0x73, 0x2E, 0x6C, 0x6F, 0x63, 0x61, 0x6C,
    0x65, 0x20, 0x7C, 0x7C, 0x20, 0x27, 0x27, 0x29, 0x2E, 0x73, 0x6C, 0x69, 0x63, 0x65, 0x28, 0x30,
    0x2C, 0x20, 0x31, 0x30, 0x29, 0x3B, 0x0A, 0x0A, 0x2F, 0x2F, 0x20, 0x2D, 0x2D, 0x2D, 0x20, 0x47,
    0xC3, 0xA9, 0x6F, 0x6D, 0xC3, 0xA9, 0x74, 0x72, 0x69, 0x65, 0x20, 0x76, 0x65, 0x72, 0x74, 0x69,
    0x63, 0x61, 0x6C, 0x65, 0x20, 0x64, 0x65, 0x20, 0x6C, 0x61, 0x20, 0x66, 0x72, 0x69, 0x73, 0x65,
    0x2C, 0x20, 0x65, 0x6E, 0x20, 0x75, 0x6E, 0x20, 0x73, 0x65, 0x75, 0x6C, 0x20, 0x65, 0x6E, 0x64,
    0x72, 0x6F, 0x69, 0x74, 0x20, 0x2D, 0x2D, 0x2D, 0x2D, 0x2D, 0x2D, 0x2D, 0x2D, 0x2D, 0x2D, 0x2D,
    0x2D, 0x2D, 0x2D, 0x2D, 0x2D, 0x2D, 0x2D, 0x2D, 0x0A, 0x2F, 0x2F, 0x20, 0x45, 0x6C, 0x6C, 0x65,
    0x20, 0x65, 0x73, 0x74, 0x20, 0x63, 0x61, 0x6C, 0x63, 0x75, 0x6C, 0xC3, 0xA9, 0x65, 0x2C, 0x20,
    0x70, 0x61, 0x73, 0x20, 0x66, 0x69, 0x67, 0xC3, 0xA9, 0x65, 0x20, 0x3A, 0x20, 0x6C, 0x61, 0x20,
    0x66, 0x72, 0x69, 0x73, 0x65, 0x20, 0x67, 0x72, 0x61, 0x6E, 0x64, 0x69, 0x74, 0x20, 0x61, 0x76,
    0x65, 0x63, 0x20, 0x6C, 0x65, 0x20, 0x6E, 0x6F, 0x6D, 0x62, 0x72, 0x65, 0x20, 0x64, 0x65, 0x20,
    0x72, 0x61, 0x6E, 0x67, 0xC3, 0xA9, 0x65, 0x73, 0x0A, 0x2F, 0x2F, 0x20, 0x6F, 0x63, 0x63, 0x75,
    0x70, 0xC3, 0xA9, 0x65, 0x73, 0x20, 0x65, 0x74, 0x20, 0x72, 0x65, 0x64, 0x65, 0x73, 0x63, 0x65,
    0x6E, 0x64, 0x20, 0x71, 0x75, 0x61, 0x6E, 0x64, 0x20, 0x65, 0x6C, 0x6C, 0x65, 0x73, 0x20, 0x73,
    0x65, 0x20, 0x6C, 0x69, 0x62, 0xC3, 0xA8, 0x72, 0x65, 0x6E, 0x74, 0x2E, 0x20, 0x55, 0x6E, 0x65,
    0x20, 0x68, 0x61, 0x75, 0x74, 0x65, 0x75, 0x72, 0x20, 0x66, 0x69, 0x78, 0x65, 0x20, 0x73, 0x61,
    0x74, 0x75, 0x72, 0x61, 0x69, 0x74, 0x0A, 0x2F, 0x2F, 0x20, 0x64, 0xC3, 0xA8, 0x73, 0x20, 0x74,
    0x72, 0x6F, 0x69, 0x73, 0x20, 0x64, 0xC3, 0xA9, 0x70, 0x61, 0x72, 0x74, 0x73, 0x2E, 0x0A, 0x63,
    0x6F, 0x6E, 0x73, 0x74, 0x20, 0x47, 0x45, 0x4F, 0x20, 0x3D, 0x20, 0x7B, 0x0A, 0x20, 0x20, 0x68,
    0x61, 0x75, 0x74, 0x4D, 0x61, 0x72, 0x67, 0x65, 0x3A, 0x20, 0x36, 0x2C, 0x20, 0x20, 0x20, 0x20,
    0x20, 0x2F, 0x2F, 0x20, 0x61, 0x75, 0x2D, 0x64, 0x65, 0x73, 0x73, 0x75, 0x73, 0x20, 0x64, 0x65,
    0x20, 0x6C, 0x61, 0x20, 0x70, 0x72, 0x65, 0x6D, 0x69, 0xC3, 0xA8, 0x72, 0x65, 0x20, 0xC3, 0xA9,
    0x74, 0x69, 0x71, 0x75, 0x65, 0x74, 0x74, 0x65, 0x0A, 0x20, 0x20, 0x70, 0x61, 0x73, 0x52, 0x61,
    0x6E, 0x67, 0x65, 0x65, 0x3A, 0x20, 0x32, 0x32, 0x2C, 0x20, 0x20, 0x20, 0x20, 0x2F, 0x2F, 0x20,
    0x65, 0x6E, 0x74, 0x72, 0x65, 0x20, 0x64, 0x65, 0x75, 0x78, 0x20, 0xC3, 0xA9, 0x74, 0x69, 0x71,
    0x75, 0x65, 0x74, 0x74, 0x65, 0x73, 0x0A, 0x20, 0x20, 0x68, 0x61, 0x75, 0x74, 0x65, 0x75, 0x72,
    0x45, 0x74, 0x69, 0x71, 0x3A, 0x20, 0x31, 0x39, 0x2C, 0x0A, 0x20, 0x20, 0x72, 0x61, 0x6E, 0x67,
    0x73, 0x4D, 0x61, 0x78, 0x3A, 0x20, 0x31, 0x30, 0x2C, 0x20, 0x20, 0x20, 0x20, 0x20, 0x2F, 0x2F,
    0x20, 0x61, 0x75, 0x2D, 0x64, 0x65, 0x6C, 0xC3, 0xA0, 0x2C, 0x20, 0x6F, 0x6E, 0x20, 0x65, 0x6D,
    0x70, 0x69, 0x6C, 0x65, 0x20, 0x64, 0x61, 0x6E, 0x73, 0x20, 0x6C, 0x61, 0x20, 0x64, 0x65, 0x72,
    0x6E, 0x69, 0xC3, 0xA8, 0x72, 0x65, 0x20, 0x70, 0x6C, 0x75, 0x74, 0xC3, 0xB4, 0x74, 0x20, 0x71,
    0x75, 0x65, 0x20, 0x67, 0x72, 0x61, 0x6E, 0x64, 0x69, 0x72, 0x0A, 0x20, 0x20, 0x72, 0x61, 0x6E,
    0x67, 0x73, 0x4D, 0x69, 0x6E, 0x3A, 0x20, 0x33, 0x2C, 0x20, 0x20, 0x20, 0x20, 0x20, 0x20, 0x2F,
    0x2F, 0x20, 0x68, 0x61, 0x75, 0x74, 0x65, 0x75, 0x72, 0x20, 0x70, 0x6C, 0x61, 0x6E, 0x63, 0x68,
    0x65, 0x72, 0x2C, 0x20, 0x70, 0x6F, 0x75, 0x72, 0x20, 0x71, 0x75, 0x65, 0x20, 0x6C, 0x61, 0x20,
    0x66, 0x72, 0x69, 0x73, 0x65, 0x20, 0x76, 0x69, 0x64, 0x65, 0x20, 0x72, 0x65, 0x73, 0x74, 0x65,
    0x20, 0x6C, 0x69, 0x73, 0x69, 0x62, 0x6C, 0x65, 0x0A, 0x20, 0x20, 0x6F, 0x63, 0x63, 0x75, 0x70,
    0x61, 0x74, 0x69, 0x6F, 0x6E, 0x3A, 0x20, 0x31, 0x32, 0x2C, 0x20, 0x20, 0x20, 0x2F, 0x2F, 0x20,
    0x62, 0x6C, 0x6F, 0x63, 0x20, 0x64, 0x27, 0x6F, 0x63, 0x63, 0x75, 0x70, 0x61, 0x74, 0x69, 0x6F,
    0x6E, 0x20, 0x73, 0x75, 0x72, 0x20, 0x6C, 0x27, 0x61, 0x78, 0x65, 0x0A, 0x20, 0x20, 0x61, 0x78,
    0x65, 0x3A, 0x20, 0x32, 0x36, 0x2C, 0x20, 0x20, 0x20, 0x20, 0x20, 0x20, 0x20, 0x20, 0x20, 0x20,
    0x2F, 0x2F, 0x20, 0x62, 0x61, 0x6E, 0x64, 0x65, 0x61, 0x75, 0x20, 0x64, 0x65, 0x73, 0x20, 0x67,
    0x72, 0x61, 0x64, 0x75, 0x61, 0x74, 0x69, 0x6F, 0x6E, 0x73, 0x20, 0x68, 0x6F, 0x72, 0x61, 0x69,
    0x72, 0x65, 0x73, 0x0A, 0x20, 0x20, 0x72, 0x65, 0x73, 0x70, 0x69, 0x72, 0x61, 0x74, 0x69, 0x6F,
    0x6E, 0x3A, 0x20, 0x31, 0x30, 0x2C, 0x20, 0x20, 0x2F, 0x2F, 0x20, 0x65, 0x6E, 0x74, 0x72, 0x65,
    0x20, 0x6C, 0x61, 0x20, 0x64, 0x65, 0x72, 0x6E, 0x69, 0xC3, 0xA8, 0x72, 0x65, 0x20, 0xC3, 0xA9,
    0x74, 0x69, 0x71, 0x75, 0x65, 0x74, 0x74, 0x65, 0x20, 0x65, 0x74, 0x20, 0x6C, 0x65, 0x20, 0x62,
    0x6C, 0x6F, 0x63, 0x20, 0x64, 0x27, 0x6F, 0x63, 0x63, 0x75, 0x70, 0x61, 0x74, 0x69, 0x6F, 0x6E,
    0x0A, 0x7D, 0x3B, 0x0A, 0x63, 0x6F, 0x6E, 0x73, 0x74, 0x20, 0x68, 0x61, 0x75, 0x74, 0x65, 0x75,
    0x72, 0x46, 0x72, 0x69, 0x73, 0x65, 0x20, 0x3D, 0x20, 0x28, 0x72, 0x61, 0x6E, 0x67, 0x73, 0x29,
    0x20, 0x3D, 0x3E, 0x0A, 0x20, 0x20, 0x47, 0x45, 0x4F, 0x2E, 0x68, 0x61, 0x75, 0x74, 0x4D, 0x61,
    0x72, 0x67, 0x65, 0x20, 0x2B, 0x20, 0x4D, 0x61, 0x74, 0x68, 0x2E, 0x6D, 0x61, 0x78, 0x28, 0x72,
    0x61, 0x6E, 0x67, 0x73, 0x2C, 0x20, 0x47, 0x45, 0x4F, 0x2E, 0x72, 0x61, 0x6E, 0x67, 0x73, 0x4D,
    0x69, 0x6E, 0x29, 0x20, 0x2A, 0x20, 0x47, 0x45, 0x4F, 0x2E, 0x70, 0x61, 0x73, 0x52, 0x61, 0x6E,
    0x67, 0x65, 0x65, 0x20, 0x2B, 0x0A, 0x20, 0x20, 0x47, 0x45, 0x4F, 0x2E, 0x72, 0x65, 0x73, 0x70,
    0x69, 0x72, 0x61, 0x74, 0x69, 0x6F, 0x6E, 0x20, 0x2B, 0x20, 0x47, 0x45, 0x4F, 0x2E, 0x6F, 0x63,
    0x63, 0x75, 0x70, 0x61, 0x74, 0x69, 0x6F, 0x6E, 0x20, 0x2B, 0x20, 0x47, 0x45, 0x4F, 0x2E, 0x61,
    0x78, 0x65, 0x3B, 0x0A, 0x0A, 0x2F, 0x2F, 0x20, 0x42, 0x6F, 0x72, 0x64, 0x20, 0x64, 0x72, 0x6F,
    0x69, 0x74, 0x20, 0x64, 0x65, 0x20, 0x6C, 0x61, 0x20, 0x64, 0x65, 0x72, 0x6E, 0x69, 0xC3, 0xA8,
    0x72, 0x65, 0x20, 0xC3, 0xA9, 0x74, 0x69, 0x71, 0x75, 0x65, 0x74, 0x74, 0x65, 0x20, 0x70, 0x6F,
    0x73, 0xC3, 0xA9, 0x65, 0x2C, 0x20, 0x70, 0x61, 0x72, 0x20, 0x72, 0x61, 0x6E, 0x67, 0xC3, 0xA9,
    0x65, 0x2E, 0x20, 0x55, 0x6E, 0x65, 0x20, 0xC3, 0xA9, 0x74, 0x69, 0x71, 0x75, 0x65, 0x74, 0x74,
    0x65, 0x20, 0x73, 0x65, 0x0A, 0x2F, 0x2F, 0x20, 0x70, 0x6C, 0x61, 0x63, 0x65, 0x20, 0x64, 0x61,
    0x6E, 0x73, 0x20, 0x6C, 0x61, 0x20, 0x70, 0x72, 0x65, 0x6D, 0x69, 0xC3, 0xA8, 0x72, 0x65, 0x20,
    0x72, 0x61, 0x6E, 0x67, 0xC3, 0xA9, 0x65, 0x20, 0x6C, 0x69, 0x62, 0x72, 0x65, 0x20, 0x3A, 0x20,
    0x61, 0x6C, 0x74, 0x65, 0x72, 0x6E, 0x65, 0x72, 0x20, 0xC3, 0xA0, 0x20, 0x6C, 0x27, 0x61, 0x76,
    0x65, 0x75, 0x67, 0x6C, 0x65, 0x20, 0x66, 0x61, 0x69, 0x73, 0x61, 0x69, 0x74, 0x20, 0x73, 0x65,
    0x0A, 0x2F, 0x2F, 0x20, 0x72, 0x65, 0x63, 0x6F, 0x75, 0x76, 0x72, 0x69, 0x72, 0x20, 0x64, 0x65,
    0x75, 0x78, 0x20, 0x64, 0xC3, 0xA9, 0x70, 0x61, 0x72, 0x74, 0x73, 0x20, 0x70, 0x72, 0x6F, 0x63,
    0x68, 0x65, 0x73, 0x2E, 0x0A, 0x6C, 0x65, 0x74, 0x20, 0x72, 0x61, 0x6E, 0x67, 0x65, 0x65, 0x73,
    0x20, 0x3D, 0x20, 0x5B, 0x5D, 0x3B, 0x0A, 0x66, 0x75, 0x6E, 0x63, 0x74, 0x69, 0x6F, 0x6E, 0x20,
    0x72, 0x61, 0x6E, 0x67, 0x65, 0x65, 0x4C, 0x69, 0x62, 0x72, 0x65, 0x28, 0x67, 0x61, 0x75, 0x63,
    0x68, 0x65, 0x2C, 0x20, 0x74, 0x65, 0x78, 0x74, 0x65, 0x29, 0x20, 0x7B, 0x0A, 0x20, 0x20, 0x63,
    0x6F, 0x6E, 0x73, 0x74, 0x20, 0x6C, 0x61, 0x72, 0x67, 0x65, 0x75, 0x72, 0x20, 0x3D, 0x20, 0x28,
    0x74, 0x65, 0x78, 0x74, 0x65, 0x2E, 0x6C, 0x65, 0x6E, 0x67, 0x74, 0x68, 0x20, 0x2A, 0x20, 0x36,
    0x2E, 0x36, 0x20, 0x2B, 0x20, 0x31, 0x32, 0x29, 0x20, 0x2F, 0x20, 0x24, 0x28, 0x27, 0x66, 0x72,
    0x69, 0x73, 0x65, 0x27, 0x29, 0x2E, 0x63, 0x6C, 0x69, 0x65, 0x6E, 0x74, 0x57, 0x69, 0x64, 0x74,
    0x68, 0x20, 0x2A, 0x20, 0x31, 0x30, 0x30, 0x3B, 0x0A, 0x20, 0x20, 0x63, 0x6F, 0x6E, 0x73, 0x74,
    0x20, 0x64, 0x65, 0x62, 0x75, 0x74, 0x20, 0x3D, 0x20, 0x67, 0x61, 0x75, 0x63, 0x68, 0x65, 0x20,
    0x2D, 0x20, 0x6C, 0x61, 0x72, 0x67, 0x65, 0x75, 0x72, 0x20, 0x2F, 0x20, 0x32, 0x3B, 0x0A, 0x20,
    0x20, 0x66, 0x6F, 0x72, 0x20, 0x28, 0x6C, 0x65, 0x74, 0x20, 0x72, 0x20, 0x3D, 0x20, 0x30, 0x3B,
    0x20, 0x72, 0x20, 0x3C, 0x20, 0x47, 0x45, 0x4F, 0x2E, 0x72, 0x61, 0x6E, 0x67, 0x73, 0x4D, 0x61,
    0x78, 0x3B, 0x20, 0x2B, 0x2B, 0x72, 0x29, 0x20, 0x7B, 0x0A, 0x20, 0x20, 0x20, 0x20, 0x69, 0x66,
    0x20, 0x28, 0x72, 0x61, 0x6E, 0x67, 0x65, 0x65, 0x73, 0x5B, 0x72, 0x5D, 0x20, 0x3D, 0x3D, 0x3D,
    0x20, 0x75, 0x6E, 0x64, 0x65, 0x66, 0x69, 0x6E, 0x65, 0x64, 0x20, 0x7C, 0x7C, 0x20, 0x64, 0x65,
    0x62, 0x75, 0x74, 0x20, 0x3E, 0x20, 0x72, 0x61, 0x6E, 0x67, 0x65, 0x65, 0x73, 0x5B, 0x72, 0x5D,
    0x20, 0x2B, 0x20, 0x30, 0x2E, 0x34, 0x29, 0x20, 0x7B, 0x0A, 0x20, 0x20, 0x20, 0x20, 0x20, 0x20,
    0x72, 0x61, 0x6E, 0x67, 0x65, 0x65, 0x73, 0x5B, 0x72, 0x5D, 0x20, 0x3D, 0x20, 0x64, 0x65, 0x62,
    0x75, 0x74, 0x20, 0x2B, 0x20, 0x6C, 0x61, 0x72, 0x67, 0x65, 0x75, 0x72, 0x3B, 0x0A, 0x20, 0x20,
    0x20, 0x20, 0x20, 0x20, 0x72, 0x65, 0x74, 0x75, 0x72, 0x6E, 0x20, 0x72, 0x3B, 0x0A, 0x20, 0x20,
    0x20, 0x20, 0x7D, 0x0A, 0x20, 0x20, 0x7D, 0x0A, 0x20, 0x20, 0x72, 0x65, 0x74, 0x75, 0x72, 0x6E,
    0x20, 0x47, 0x45, 0x4F, 0x2E, 0x72, 0x61, 0x6E, 0x67, 0x73, 0x4D, 0x61, 0x78, 0x20, 0x2D, 0x20,
    0x31, 0x3B, 0x0A, 0x7D, 0x0A, 0x0A, 0x66, 0x75, 0x6E, 0x63, 0x74, 0x69, 0x6F, 0x6E, 0x20, 0x72,
    0x65, 0x6E, 0x64, 0x72, 0x65, 0x46, 0x72, 0x69, 0x73, 0x65, 0x28, 0x29, 0x20, 0x7B, 0x0A, 0x20,
    0x20, 0x63, 0x6F, 0x6E, 0x73, 0x74, 0x20, 0x66, 0x72, 0x69, 0x73, 0x65, 0x20, 0x3D, 0x20, 0x24,
    0x28, 0x27, 0x66, 0x72, 0x69, 0x73, 0x65, 0x27, 0x29, 0x3B, 0x0A, 0x20, 0x20, 0x66, 0x72, 0x69,
    0x73, 0x65, 0x2E, 0x69, 0x6E, 0x6E, 0x65, 0x72, 0x48, 0x54, 0x4D, 0x4C, 0x20, 0x3D, 0x20, 0x27,
    0x27, 0x3B, 0x0A, 0x20, 0x20, 0x72, 0x61, 0x6E, 0x67, 0x65, 0x65, 0x73, 0x20, 0x3D, 0x20, 0x5B,
    0x5D, 0x3B, 0x0A, 0x20, 0x20, 0x66, 0x6F, 0x72, 0x20, 0x28, 0x6C, 0x65, 0x74, 0x20, 0x68, 0x20,
    0x3D, 0x20, 0x30, 0x3B, 0x20, 0x68, 0x20, 0x3C, 0x3D, 0x20, 0x32, 0x34, 0x3B, 0x20, 0x68, 0x20,
    0x2B, 0x3D, 0x20, 0x32, 0x29, 0x20, 0x7B, 0x0A, 0x20, 0x20, 0x20, 0x20, 0x63, 0x6F, 0x6E, 0x73,
    0x74, 0x20, 0x74, 0x69, 0x63, 0x6B, 0x20, 0x3D, 0x20, 0x64, 0x6F, 0x63, 0x75, 0x6D, 0x65, 0x6E,
    0x74, 0x2E, 0x63, 0x72, 0x65, 0x61, 0x74, 0x65, 0x45, 0x6C, 0x65, 0x6D, 0x65, 0x6E, 0x74, 0x28,
    0x27, 0x64, 0x69, 0x76, 0x27, 0x29, 0x3B, 0x0A, 0x20, 0x20, 0x20, 0x20, 0x74, 0x69, 0x63, 0x6B,
    0x2E, 0x63, 0x6C, 0x61, 0x73, 0x73, 0x4E, 0x61, 0x6D, 0x65, 0x20, 0x3D, 0x20, 0x27, 0x68, 0x65,
    0x75, 0x72, 0x65, 0x2D, 0x74, 0x69, 0x63, 0x6B, 0x27, 0x3B, 0x0A, 0x20, 0x20, 0x20, 0x20, 0x74,
    0x69, 0x63, 0x6B, 0x2E, 0x73, 0x74, 0x79, 0x6C, 0x65, 0x2E, 0x6C, 0x65, 0x66, 0x74, 0x20, 0x3D,
    0x20, 0x28, 0x68, 0x20, 0x2F, 0x20, 0x32, 0x34, 0x20, 0x2A, 0x20, 0x31, 0x30, 0x30, 0x29, 0x20,
    0x2B, 0x20, 0x27, 0x25, 0x27, 0x3B, 0x0A, 0x20, 0x20, 0x20, 0x20, 0x74, 0x69, 0x63, 0x6B, 0x2E,
    0x74, 0x65, 0x78, 0x74, 0x43, 0x6F, 0x6E, 0x74, 0x65, 0x6E, 0x74, 0x20, 0x3D, 0x20, 0x53, 0x74,
    0x72, 0x69, 0x6E, 0x67, 0x28, 0x68, 0x29, 0x2E, 0x70, 0x61, 0x64, 0x53, 0x74, 0x61, 0x72, 0x74,
    0x28, 0x32, 0x2C, 0x20, 0x27, 0x30, 0x27, 0x29, 0x20, 0x2B, 0x20, 0x27, 0x68, 0x27, 0x3B, 0x0A,
    0x20, 0x20, 0x20, 0x20, 0x66, 0x72, 0x69, 0x73, 0x65, 0x2E, 0x61, 0x70, 0x70, 0x65, 0x6E, 0x64,
    0x43, 0x68, 0x69, 0x6C, 0x64, 0x28, 0x74, 0x69, 0x63, 0x6B, 0x29, 0x3B, 0x0A, 0x20, 0x20, 0x7D,
    0x0A, 0x20, 0x20, 0x69, 0x66, 0x20, 0x28, 0x65, 0x74, 0x61, 0x74, 0x54, 0x65, 0x6D, 0x70, 0x73,
    0x2E, 0x6C, 0x6F, 0x63, 0x61, 0x6C, 0x65, 0x29, 0x20, 0x7B, 0x0A, 0x20, 0x20, 0x20, 0x20, 0x63,
    0x6F, 0x6E, 0x73, 0x74, 0x20, 0x63, 0x75, 0x72, 0x73, 0x65, 0x75, 0x72, 0x20, 0x3D, 0x20, 0x64,
    0x6F, 0x63, 0x75, 0x6D, 0x65, 0x6E, 0x74, 0x2E, 0x63, 0x72, 0x65, 0x61, 0x74, 0x65, 0x45, 0x6C,
    0x65, 0x6D, 0x65, 0x6E, 0x74, 0x28, 0x27, 0x64, 0x69, 0x76, 0x27, 0x29, 0x3B, 0x0A, 0x20, 0x20,
    0x20, 0x20, 0x63, 0x75, 0x72, 0x73, 0x65, 0x75, 0x72, 0x2E, 0x63, 0x6C, 0x61, 0x73, 0x73, 0x4E,
    0x61, 0x6D, 0x65, 0x20, 0x3D, 0x20, 0x27, 0x63, 0x75, 0x72, 0x73, 0x65, 0x75, 0x72, 0x27, 0x3B,
    0x0A, 0x20, 0x20, 0x20, 0x20, 0x63, 0x75, 0x72, 0x73, 0x65, 0x75, 0x72, 0x2E, 0x73, 0x74, 0x79,
    0x6C, 0x65, 0x2E, 0x6C, 0x65, 0x66, 0x74, 0x20, 0x3D, 0x20, 0x70, 0x6F, 0x73, 0x44, 0x61, 0x6E,
    0x73, 0x4A, 0x6F, 0x75, 0x72, 0x28, 0x65, 0x74, 0x61, 0x74, 0x54, 0x65, 0x6D, 0x70, 0x73, 0x2E,
    0x6C, 0x6F, 0x63, 0x61, 0x6C, 0x65, 0x29, 0x20, 0x2B, 0x20, 0x27, 0x25, 0x27, 0x3B, 0x0A, 0x20,
    0x20, 0x20, 0x20, 0x63, 0x75, 0x72, 0x73, 0x65, 0x75, 0x72, 0x2E, 0x64, 0x61, 0x74, 0x61, 0x73,
    0x65, 0x74, 0x2E, 0x68, 0x65, 0x75, 0x72, 0x65, 0x20, 0x3D, 0x20, 0x65, 0x74, 0x61, 0x74, 0x54,
    0x65, 0x6D, 0x70, 0x73, 0x2E, 0x6C, 0x6F, 0x63, 0x61, 0x6C, 0x65, 0x2E, 0x73, 0x6C, 0x69, 0x63,
    0x65, 0x28, 0x31, 0x31, 0x2C, 0x20, 0x31, 0x36, 0x29, 0x3B, 0x0A, 0x20, 0x20, 0x20, 0x20, 0x66,
    0x72, 0x69, 0x73, 0x65, 0x2E, 0x61, 0x70, 0x70, 0x65, 0x6E, 0x64, 0x43, 0x68, 0x69, 0x6C, 0x64,
    0x28, 0x63, 0x75, 0x72, 0x73, 0x65, 0x75, 0x72, 0x29, 0x3B, 0x0A, 0x20, 0x20, 0x7D, 0x0A, 0x0A,
    0x20, 0x20, 0x63, 0x6F, 0x6E, 0x73, 0x74, 0x20, 0x66, 0x61, 0x69, 0x74, 0x65, 0x73, 0x20, 0x3D,
    0x20, 0x6E, 0x65, 0x77, 0x20, 0x53, 0x65, 0x74, 0x28, 0x6D, 0x69, 0x73, 0x73, 0x69, 0x6F, 0x6E,
    0x73, 0x2E, 0x66, 0x69, 0x6C, 0x74, 0x65, 0x72, 0x28, 0x28, 0x6D, 0x29, 0x20, 0x3D, 0x3E, 0x20,
    0x6D, 0x2E, 0x69, 0x64, 0x20, 0x21, 0x3D, 0x3D, 0x20, 0x27, 0x61, 0x70, 0x70, 0x65, 0x6C, 0x27,
    0x20, 0x26, 0x26, 0x0A, 0x20, 0x20, 0x20, 0x20, 0x6D, 0x2E, 0x70, 0x72, 0x65, 0x76, 0x75, 0x2E,
    0x73, 0x74, 0x61, 0x72, 0x74, 0x73, 0x57, 0x69, 0x74, 0x68, 0x28, 0x61, 0x75, 0x6A, 0x6F, 0x75,
    0x72, 0x64, 0x68, 0x75, 0x69, 0x28, 0x29, 0x29, 0x29, 0x2E, 0x6D, 0x61, 0x70, 0x28, 0x28, 0x6D,
    0x29, 0x20, 0x3D, 0x3E, 0x20, 0x6D, 0x2E, 0x69, 0x64, 0x29, 0x29, 0x3B, 0x0A, 0x20, 0x20, 0x63,
    0x6F, 0x6E, 0x73, 0x74, 0x20, 0x73, 0x61, 0x75, 0x74, 0x65, 0x65, 0x73, 0x20, 0x3D, 0x20, 0x6E,
    0x65, 0x77, 0x20, 0x53, 0x65, 0x74, 0x28, 0x6A, 0x6F, 0x75, 0x72, 0x6E, 0x61, 0x6C, 0x2E, 0x66,
    0x69, 0x6C, 0x74, 0x65, 0x72, 0x28, 0x28, 0x65, 0x29, 0x20, 0x3D, 0x3E, 0x20, 0x65, 0x2E, 0x6D,
    0x6F, 0x74, 0x69, 0x66, 0x2E, 0x73, 0x74, 0x61, 0x72, 0x74, 0x73, 0x57, 0x69, 0x74, 0x68, 0x28,
    0x27, 0x73, 0x61, 0x75, 0x74, 0x65, 0x65, 0x27, 0x29, 0x20, 0x26, 0x26, 0x0A, 0x20, 0x20, 0x20,
    0x20, 0x65, 0x2E, 0x71, 0x75, 0x61, 0x6E, 0x64, 0x2E, 0x73, 0x74, 0x61, 0x72, 0x74, 0x73, 0x57,
    0x69, 0x74, 0x68, 0x28, 0x61, 0x75, 0x6A, 0x6F, 0x75, 0x72, 0x64, 0x68, 0x75, 0x69, 0x28, 0x29,
    0x29, 0x29, 0x2E, 0x6D, 0x61, 0x70, 0x28, 0x28, 0x65, 0x29, 0x20, 0x3D, 0x3E, 0x20, 0x65, 0x2E,
    0x69, 0x64, 0x29, 0x29, 0x3B, 0x0A, 0x0A, 0x20, 0x20, 0x6A, 0x6F, 0x75, 0x72, 0x2E, 0x66, 0x6F,
    0x72, 0x45, 0x61, 0x63, 0x68, 0x28, 0x28, 0x6F, 0x63, 0x63, 0x2C, 0x20, 0x69, 0x29, 0x20, 0x3D,
    0x3E, 0x20, 0x7B, 0x0A, 0x20, 0x20, 0x20, 0x20, 0x6C, 0x65, 0x74, 0x20, 0x65, 0x74, 0x61, 0x74,
    0x20, 0x3D, 0x20, 0x66, 0x61, 0x69, 0x74, 0x65, 0x73, 0x2E, 0x68, 0x61, 0x73, 0x28, 0x6F, 0x63,
    0x63, 0x2E, 0x69, 0x64, 0x29, 0x20, 0x3F, 0x20, 0x27, 0x66, 0x61, 0x69, 0x74, 0x27, 0x20, 0x3A,
    0x20, 0x73, 0x61, 0x75, 0x74, 0x65, 0x65, 0x73, 0x2E, 0x68, 0x61, 0x73, 0x28, 0x6F, 0x63, 0x63,
    0x2E, 0x69, 0x64, 0x29, 0x20, 0x3F, 0x20, 0x27, 0x73, 0x61, 0x75, 0x74, 0x65, 0x27, 0x20, 0x3A,
    0x20, 0x27, 0x61, 0x74, 0x74, 0x65, 0x6E, 0x74, 0x65, 0x27, 0x3B, 0x0A, 0x20, 0x20, 0x20, 0x20,
    0x69, 0x66, 0x20, 0x28, 0x6F, 0x63, 0x63, 0x2E, 0x63, 0x6F, 0x6E, 0x66, 0x6C, 0x69, 0x74, 0x29,
    0x20, 0x65, 0x74, 0x61, 0x74, 0x20, 0x2B, 0x3D, 0x20, 0x27, 0x20, 0x63, 0x6F, 0x6E, 0x66, 0x6C,
    0x69, 0x74, 0x27, 0x3B, 0x0A, 0x20, 0x20, 0x20, 0x20, 0x70, 0x6F, 0x73, 0x65, 0x72, 0x44, 0x72,
    0x61, 0x70, 0x65, 0x61, 0x75, 0x28, 0x6F, 0x63, 0x63, 0x2E, 0x6C, 0x6F, 0x63, 0x61, 0x6C, 0x65,
    0x2C, 0x20, 0x60, 0x24, 0x7B, 0x6F, 0x63, 0x63, 0x2E, 0x6C, 0x6F, 0x63, 0x61, 0x6C, 0x65, 0x2E,
    0x73, 0x6C, 0x69, 0x63, 0x65, 0x28, 0x31, 0x31, 0x2C, 0x20, 0x31, 0x36, 0x29, 0x7D, 0x20, 0xE2,
    0x86, 0x92, 0x20, 0x50, 0x24, 0x7B, 0x6F, 0x63, 0x63, 0x2E, 0x73, 0x74, 0x61, 0x74, 0x69, 0x6F,
    0x6E, 0x7D, 0x60, 0x2C, 0x0A, 0x20, 0x20, 0x20, 0x20, 0x20, 0x20, 0x20, 0x20, 0x20, 0x20, 0x20,
    0x20, 0x20, 0x20, 0x20, 0x20, 0x20, 0x65, 0x74, 0x61, 0x74, 0x2C, 0x20, 0x6E, 0x75, 0x6C, 0x6C,
    0x2C, 0x20, 0x28, 0x29, 0x20, 0x3D, 0x3E, 0x20, 0x72, 0x65, 0x74, 0x69, 0x72, 0x65, 0x72, 0x28,
    0x6F, 0x63, 0x63, 0x29, 0x29, 0x3B, 0x0A, 0x20, 0x20, 0x7D, 0x29, 0x3B, 0x0A, 0x20, 0x20, 0x2F,
    0x2F, 0x20, 0x44, 0x65, 0x75, 0x78, 0x69, 0xC3, 0xA8, 0x6D, 0x65, 0x20, 0x70, 0x61, 0x73, 0x73,
    0x65, 0x20, 0x3A, 0x20, 0x6C, 0x61, 0x20, 0x68, 0x61, 0x75, 0x74, 0x65, 0x75, 0x72, 0x20, 0x64,
    0xC3, 0xA9, 0x70, 0x65, 0x6E, 0x64, 0x20, 0x64, 0x65, 0x73, 0x20, 0x72, 0x61, 0x6E, 0x67, 0xC3,
    0xA9, 0x65, 0x73, 0x20, 0x72, 0xC3, 0xA9, 0x65, 0x6C, 0x6C, 0x65, 0x6D, 0x65, 0x6E, 0x74, 0x20,
    0x6F, 0x63, 0x63, 0x75, 0x70, 0xC3, 0xA9, 0x65, 0x73, 0x2C, 0x20, 0x65, 0x74, 0x0A, 0x20, 0x20,
    0x2F, 0x2F, 0x20, 0x63, 0x68, 0x61, 0x71, 0x75, 0x65, 0x20, 0x61, 0x6D, 0x6F, 0x72, 0x63, 0x65,
    0x20, 0x64, 0x6F, 0x69, 0x74, 0x20, 0x64, 0x65, 0x73, 0x63, 0x65, 0x6E, 0x64, 0x72, 0x65, 0x20,
    0x6A, 0x75, 0x73, 0x71, 0x75, 0x27, 0x61, 0x75, 0x20, 0x62, 0x6C, 0x6F, 0x63, 0x20, 0x64, 0x27,
    0x6F, 0x63, 0x63, 0x75, 0x70, 0x61, 0x74, 0x69, 0x6F, 0x6E, 0x2E, 0x0A, 0x20, 0x20, 0x63, 0x6F,
    0x6E, 0x73, 0x74, 0x20, 0x72, 0x61, 0x6E, 0x67, 0x73, 0x55, 0x74, 0x69, 0x6C, 0x69, 0x73, 0x65,
    0x73, 0x20, 0x3D, 0x20, 0x72, 0x61, 0x6E, 0x67, 0x65, 0x65, 0x73, 0x2E, 0x6C, 0x65, 0x6E, 0x67,
    0x74, 0x68, 0x3B, 0x0A, 0x20, 0x20, 0x63, 0x6F, 0x6E, 0x73, 0x74, 0x20, 0x68, 0x61, 0x75, 0x74,
    0x65, 0x75, 0x72, 0x20, 0x3D, 0x20, 0x68, 0x61, 0x75, 0x74, 0x65, 0x75, 0x72, 0x46, 0x72, 0x69,
    0x73, 0x65, 0x28, 0x72, 0x61, 0x6E, 0x67, 0x73, 0x55, 0x74, 0x69, 0x6C, 0x69, 0x73, 0x65, 0x73,
    0x29, 0x3B, 0x0A, 0x20, 0x20, 0x66, 0x72, 0x69, 0x73, 0x65, 0x2E, 0x73, 0x74, 0x79, 0x6C, 0x65,
    0x2E, 0x68, 0x65, 0x69, 0x67, 0x68, 0x74, 0x20, 0x3D, 0x20, 0x68, 0x61, 0x75, 0x74, 0x65, 0x75,
    0x72, 0x20, 0x2B, 0x20, 0x27, 0x70, 0x78, 0x27, 0x3B, 0x0A, 0x20, 0x20, 0x63, 0x6F, 0x6E, 0x73,
    0x74, 0x20, 0x68, 0x61, 0x75, 0x74, 0x4F, 0x63, 0x63, 0x75, 0x70, 0x61, 0x74, 0x69, 0x6F, 0x6E,
    0x20, 0x3D, 0x20, 0x68, 0x61, 0x75, 0x74, 0x65, 0x75, 0x72, 0x20, 0x2D, 0x20, 0x47, 0x45, 0x4F,
    0x2E, 0x61, 0x78, 0x65, 0x20, 0x2D, 0x20, 0x47, 0x45, 0x4F, 0x2E, 0x6F, 0x63, 0x63, 0x75, 0x70,
    0x61, 0x74, 0x69, 0x6F, 0x6E, 0x3B, 0x0A, 0x20, 0x20, 0x66, 0x6F, 0x72, 0x20, 0x28, 0x63, 0x6F,
    0x6E, 0x73, 0x74, 0x20, 0x64, 0x20, 0x6F, 0x66, 0x20, 0x66, 0x72, 0x69, 0x73, 0x65, 0x2E, 0x71,
    0x75, 0x65, 0x72, 0x79, 0x53, 0x65, 0x6C, 0x65, 0x63, 0x74, 0x6F, 0x72, 0x41, 0x6C, 0x6C, 0x28,
    0x27, 0x2E, 0x64, 0x72, 0x61, 0x70, 0x65, 0x61, 0x75, 0x27, 0x29, 0x29, 0x20, 0x7B, 0x0A, 0x20,
    0x20, 0x20, 0x20, 0x63, 0x6F, 0x6E, 0x73, 0x74, 0x20, 0x68, 0x61, 0x75, 0x74, 0x20, 0x3D, 0x20,
    0x47, 0x45, 0x4F, 0x2E, 0x68, 0x61, 0x75, 0x74, 0x4D, 0x61, 0x72, 0x67, 0x65, 0x20, 0x2B, 0x20,
    0x4E, 0x75, 0x6D, 0x62, 0x65, 0x72, 0x28, 0x64, 0x2E, 0x64, 0x61, 0x74, 0x61, 0x73, 0x65, 0x74,
    0x2E, 0x72, 0x61, 0x6E, 0x67, 0x29, 0x20, 0x2A, 0x20, 0x47, 0x45, 0x4F, 0x2E, 0x70, 0x61, 0x73,
    0x52, 0x61, 0x6E, 0x67, 0x65, 0x65, 0x3B, 0x0A, 0x20, 0x20, 0x20, 0x20, 0x64, 0x2E, 0x71, 0x75,
    0x65, 0x72, 0x79, 0x53, 0x65, 0x6C, 0x65, 0x63, 0x74, 0x6F, 0x72, 0x28, 0x27, 0x2E, 0x61, 0x6D,
    0x6F, 0x72, 0x63, 0x65, 0x27, 0x29, 0x2E, 0x73, 0x74, 0x79, 0x6C, 0x65, 0x2E, 0x68, 0x65, 0x69,
    0x67, 0x68, 0x74, 0x20, 0x3D, 0x0A, 0x20, 0x20, 0x20, 0x20, 0x20, 0x20, 0x4D, 0x61, 0x74, 0x68,
    0x2E, 0x6D, 0x61, 0x78, 0x28, 0x34, 0x2C, 0x20, 0x68, 0x61, 0x75, 0x74, 0x4F, 0x63, 0x63, 0x75,
    0x70, 0x61, 0x74, 0x69, 0x6F, 0x6E, 0x20, 0x2D, 0x20, 0x68, 0x61, 0x75, 0x74, 0x20, 0x2D, 0x20,
    0x47, 0x45, 0x4F, 0x2E, 0x68, 0x61, 0x75, 0x74, 0x65, 0x75, 0x72, 0x45, 0x74, 0x69, 0x71, 0x29,
    0x20, 0x2B, 0x20, 0x27, 0x70, 0x78, 0x27, 0x3B, 0x0A, 0x20, 0x20, 0x7D, 0x0A, 0x20, 0x20, 0x66,
    0x6F, 0x72, 0x20, 0x28, 0x63, 0x6F, 0x6E, 0x73, 0x74, 0x20, 0x6F, 0x20, 0x6F, 0x66, 0x20, 0x66,
    0x72, 0x69, 0x73, 0x65, 0x2E, 0x71, 0x75, 0x65, 0x72, 0x79, 0x53, 0x65, 0x6C, 0x65, 0x63, 0x74,
    0x6F, 0x72, 0x41, 0x6C, 0x6C, 0x28, 0x27, 0x2E, 0x6F, 0x63, 0x63, 0x75, 0x70, 0x61, 0x74, 0x69,
    0x6F, 0x6E, 0x27, 0x29, 0x29, 0x20, 0x7B, 0x0A, 0x20, 0x20, 0x20, 0x20, 0x6F, 0x2E, 0x73, 0x74,
    0x79, 0x6C, 0x65, 0x2E, 0x62, 0x6F, 0x74, 0x74, 0x6F, 0x6D, 0x20, 0x3D, 0x20, 0x47, 0x45, 0x4F,
    0x2E, 0x61, 0x78, 0x65, 0x20, 0x2B, 0x20, 0x27, 0x70, 0x78, 0x27, 0x3B, 0x0A, 0x20, 0x20, 0x7D,
    0x0A, 0x0A, 0x20, 0x20, 0x63, 0x6F, 0x6E, 0x73, 0x74, 0x20, 0x63, 0x6F, 0x6E, 0x66, 0x6C, 0x69,
    0x74, 0x73, 0x20, 0x3D, 0x20, 0x6A, 0x6F, 0x75, 0x72, 0x2E, 0x66, 0x69, 0x6C, 0x74, 0x65, 0x72,
    0x28, 0x28, 0x6F, 0x29, 0x20, 0x3D, 0x3E, 0x20, 0x6F, 0x2E, 0x63, 0x6F, 0x6E, 0x66, 0x6C, 0x69,
    0x74, 0x29, 0x2E, 0x6C, 0x65, 0x6E, 0x67, 0x74, 0x68, 0x3B, 0x0A, 0x20, 0x20, 0x24, 0x28, 0x27,
    0x6F, 0x63, 0x63, 0x75, 0x70, 0x61, 0x74, 0x69, 0x6F, 0x6E, 0x2D, 0x6C, 0x65, 0x67, 0x65, 0x6E,
    0x64, 0x65, 0x27, 0x29, 0x2E, 0x74, 0x65, 0x78, 0x74, 0x43, 0x6F, 0x6E, 0x74, 0x65, 0x6E, 0x74,
    0x20, 0x3D, 0x20, 0x63, 0x6F, 0x6E, 0x66, 0x6C, 0x69, 0x74, 0x73, 0x0A, 0x20, 0x20, 0x20, 0x20,
    0x3F, 0x20, 0x60, 0xE2, 0x9A, 0xA0, 0x20, 0x24, 0x7B, 0x63, 0x6F, 0x6E, 0x66, 0x6C, 0x69, 0x74,
    0x73, 0x7D, 0x20, 0x64, 0xC3, 0xA9, 0x70, 0x61, 0x72, 0x74, 0x28, 0x73, 0x29, 0x20, 0x74, 0x72,
    0x6F, 0x70, 0x20, 0x72, 0x61, 0x70, 0x70, 0x72, 0x6F, 0x63, 0x68, 0xC3, 0xA9, 0x28, 0x73, 0x29,
    0x20, 0x3A, 0x20, 0x6C, 0x27, 0x41, 0x47, 0x56, 0x20, 0x73, 0x65, 0x72, 0x61, 0x20, 0x65, 0x6E,
    0x63, 0x6F, 0x72, 0x65, 0x20, 0x65, 0x6E, 0x20, 0x72, 0x6F, 0x75, 0x74, 0x65, 0x60, 0x0A, 0x20,
    0x20, 0x20, 0x20, 0x3A, 0x20, 0x60, 0x6F, 0x63, 0x63, 0x75, 0x70, 0x61, 0x74, 0x69, 0x6F, 0x6E,
    0x20, 0x72, 0xC3, 0xA9, 0x65, 0x6C, 0x6C, 0x65, 0x20, 0x3A, 0x20, 0x24, 0x7B, 0x4D, 0x61, 0x74,
    0x68, 0x2E, 0x72, 0x6F, 0x75, 0x6E, 0x64, 0x28, 0x28, 0x65, 0x74, 0x61, 0x74, 0x54, 0x65, 0x6D,
    0x70, 0x73, 0x2E, 0x64, 0x75, 0x72, 0x65, 0x65, 0x5F, 0x6D, 0x69, 0x73, 0x73, 0x69, 0x6F, 0x6E,
    0x5F, 0x73, 0x20, 0x7C, 0x7C, 0x20, 0x33, 0x30, 0x30, 0x29, 0x20, 0x2F, 0x20, 0x36, 0x30, 0x29,
    0x7D, 0x20, 0x6D, 0x69, 0x6E, 0x20, 0x70, 0x61, 0x72, 0x20, 0x74, 0x72, 0x61, 0x6A, 0x65, 0x74,
    0x60, 0x3B, 0x0A, 0x20, 0x20, 0x6D, 0x69, 0x73, 0x73, 0x69, 0x6F, 0x6E, 0x73, 0x2E, 0x66, 0x69,
    0x6C, 0x74, 0x65, 0x72, 0x28, 0x28, 0x6D, 0x29, 0x20, 0x3D, 0x3E, 0x20, 0x6D, 0x2E, 0x69, 0x64,
    0x20, 0x3D, 0x3D, 0x3D, 0x20, 0x27, 0x61, 0x70, 0x70, 0x65, 0x6C, 0x27, 0x20, 0x26, 0x26, 0x20,
    0x6D, 0x2E, 0x65, 0x6D, 0x69, 0x73, 0x65, 0x2E, 0x73, 0x74, 0x61, 0x72, 0x74, 0x73, 0x57, 0x69,
    0x74, 0x68, 0x28, 0x61, 0x75, 0x6A, 0x6F, 0x75, 0x72, 0x64, 0x68, 0x75, 0x69, 0x28, 0x29, 0x29,
    0x29, 0x0A, 0x20, 0x20, 0x20, 0x20, 0x2E, 0x66, 0x6F, 0x72, 0x45, 0x61, 0x63, 0x68, 0x28, 0x28,
    0x6D, 0x29, 0x20, 0x3D, 0x3E, 0x20, 0x70, 0x6F, 0x73, 0x65, 0x72, 0x44, 0x72, 0x61, 0x70, 0x65,
    0x61, 0x75, 0x28, 0x6D, 0x2E, 0x65, 0x6D, 0x69, 0x73, 0x65, 0x2C, 0x20, 0x60, 0xF0, 0x9F, 0x93,
    0xA2, 0x20, 0x50, 0x24, 0x7B, 0x6D, 0x2E, 0x73, 0x74, 0x61, 0x74, 0x69, 0x6F, 0x6E, 0x7D, 0x60,
    0x2C, 0x20, 0x27, 0x61, 0x70, 0x70, 0x65, 0x6C, 0x27, 0x2C, 0x20, 0x6E, 0x75, 0x6C, 0x6C, 0x29,
    0x29, 0x3B, 0x0A, 0x7D, 0x0A, 0x0A, 0x2F, 0x2F, 0x20, 0x4C, 0x61, 0x72, 0x67, 0x65, 0x75, 0x72,
    0x20, 0x64, 0x27, 0x75, 0x6E, 0x65, 0x20, 0x6D, 0x69, 0x73, 0x73, 0x69, 0x6F, 0x6E, 0x20, 0x65,
    0x6E, 0x20, 0x25, 0x20, 0x64, 0x65, 0x20, 0x6C, 0x61, 0x20, 0x6A, 0x6F, 0x75, 0x72, 0x6E, 0xC3,
    0xA9, 0x65, 0x20, 0x3A, 0x20, 0x6C, 0x61, 0x20, 0x56, 0x52, 0x41, 0x49, 0x45, 0x2C, 0x20, 0x70,
    0x61, 0x73, 0x20, 0x63, 0x65, 0x6C, 0x6C, 0x65, 0x20, 0x64, 0x75, 0x20, 0x74, 0x65, 0x78, 0x74,
    0x65, 0x2E, 0x0A, 0x63, 0x6F, 0x6E, 0x73, 0x74, 0x20, 0x6C, 0x61, 0x72, 0x67, 0x65, 0x75, 0x72,
    0x4D, 0x69, 0x73, 0x73, 0x69, 0x6F, 0x6E, 0x20, 0x3D, 0x20, 0x28, 0x29, 0x20, 0x3D, 0x3E, 0x20,
    0x28, 0x28, 0x65, 0x74, 0x61, 0x74, 0x54, 0x65, 0x6D, 0x70, 0x73, 0x2E, 0x64, 0x75, 0x72, 0x65,
    0x65, 0x5F, 0x6D, 0x69, 0x73, 0x73, 0x69, 0x6F, 0x6E, 0x5F, 0x73, 0x20, 0x7C, 0x7C, 0x20, 0x33,
    0x30, 0x30, 0x29, 0x20, 0x2F, 0x20, 0x38, 0x36, 0x34, 0x30, 0x30, 0x29, 0x20, 0x2A, 0x20, 0x31,
    0x30, 0x30, 0x3B, 0x0A, 0x0A, 0x66, 0x75, 0x6E, 0x63, 0x74, 0x69, 0x6F, 0x6E, 0x20, 0x70, 0x6F,
    0x73, 0x65, 0x72, 0x44, 0x72, 0x61, 0x70, 0x65, 0x61, 0x75, 0x28, 0x6C, 0x6F, 0x63, 0x61, 0x6C,
    0x65, 0x2C, 0x20, 0x74, 0x65, 0x78, 0x74, 0x65, 0x2C, 0x20, 0x65, 0x74, 0x61, 0x74, 0x2C, 0x20,
    0x72, 0x61, 0x6E, 0x67, 0x2C, 0x20, 0x73, 0x75, 0x72, 0x43, 0x6C, 0x69, 0x63, 0x29, 0x20, 0x7B,
    0x0A, 0x20, 0x20, 0x63, 0x6F, 0x6E, 0x73, 0x74, 0x20, 0x67, 0x61, 0x75, 0x63, 0x68, 0x65, 0x20,
    0x3D, 0x20, 0x70, 0x6F, 0x73, 0x44, 0x61, 0x6E, 0x73, 0x4A, 0x6F, 0x75, 0x72, 0x28, 0x6C, 0x6F,
    0x63, 0x61, 0x6C, 0x65, 0x29, 0x3B, 0x0A, 0x20, 0x20, 0x69, 0x66, 0x20, 0x28, 0x72, 0x61, 0x6E,
    0x67, 0x20, 0x3D, 0x3D, 0x3D, 0x20, 0x6E, 0x75, 0x6C, 0x6C, 0x29, 0x20, 0x72, 0x61, 0x6E, 0x67,
    0x20, 0x3D, 0x20, 0x72, 0x61, 0x6E, 0x67, 0x65, 0x65, 0x4C, 0x69, 0x62, 0x72, 0x65, 0x28, 0x67,
    0x61, 0x75, 0x63, 0x68, 0x65, 0x2C, 0x20, 0x74, 0x65, 0x78, 0x74, 0x65, 0x29, 0x3B, 0x0A, 0x0A,
    0x20, 0x20, 0x2F, 0x2F, 0x20, 0x31, 0x2E, 0x20, 0x4C, 0x27, 0x6F, 0x63, 0x63, 0x75, 0x70, 0x61,
    0x74, 0x69, 0x6F, 0x6E, 0x2C, 0x20, 0xC3, 0xA0, 0x20, 0x6C, 0x27, 0xC3, 0xA9, 0x63, 0x68, 0x65,
    0x6C, 0x6C, 0x65, 0x2C, 0x20, 0x73, 0x75, 0x72, 0x20, 0x6C, 0x27, 0x61, 0x78, 0x65, 0x2E, 0x0A,
    0x20, 0x20, 0x63, 0x6F, 0x6E, 0x73, 0x74, 0x20, 0x6F, 0x63, 0x63, 0x20, 0x3D, 0x20, 0x64, 0x6F,
    0x63, 0x75, 0x6D, 0x65, 0x6E, 0x74, 0x2E, 0x63, 0x72, 0x65, 0x61, 0x74, 0x65, 0x45, 0x6C, 0x65,
    0x6D, 0x65, 0x6E, 0x74, 0x28, 0x27, 0x64, 0x69, 0x76, 0x27, 0x29, 0x3B, 0x0A, 0x20, 0x20, 0x6F,
    0x63, 0x63, 0x2E, 0x63, 0x6C, 0x61, 0x73, 0x73, 0x4E, 0x61, 0x6D, 0x65, 0x20, 0x3D, 0x20, 0x27,
    0x6F, 0x63, 0x63, 0x75, 0x70, 0x61, 0x74, 0x69, 0x6F, 0x6E, 0x20, 0x27, 0x20, 0x2B, 0x20, 0x65,
    0x74, 0x61, 0x74, 0x3B, 0x0A, 0x20, 0x20, 0x6F, 0x63, 0x63, 0x2E, 0x73, 0x74, 0x79, 0x6C, 0x65,
    0x2E, 0x6C, 0x65, 0x66, 0x74, 0x20, 0x3D, 0x20, 0x67, 0x61, 0x75, 0x63, 0x68, 0x65, 0x20, 0x2B,
    0x20, 0x27, 0x25, 0x27, 0x3B, 0x0A, 0x20, 0x20, 0x6F, 0x63, 0x63, 0x2E, 0x73, 0x74, 0x79, 0x6C,
    0x65, 0x2E, 0x77, 0x69, 0x64, 0x74, 0x68, 0x20, 0x3D, 0x20, 0x6C, 0x61, 0x72, 0x67, 0x65, 0x75,
    0x72, 0x4D, 0x69, 0x73, 0x73, 0x69, 0x6F, 0x6E, 0x28, 0x29, 0x20, 0x2B, 0x20, 0x27, 0x25, 0x27,
    0x3B, 0x0A, 0x20, 0x20, 0x6F, 0x63, 0x63, 0x2E, 0x74, 0x69, 0x74, 0x6C, 0x65, 0x20, 0x3D, 0x20,
    0x60, 0x24, 0x7B, 0x74, 0x65, 0x78, 0x74, 0x65, 0x7D, 0x20, 0x3A, 0x20, 0x41, 0x47, 0x56, 0x20,
    0x6F, 0x63, 0x63, 0x75, 0x70, 0xC3, 0xA9, 0x20, 0x24, 0x7B, 0x4D, 0x61, 0x74, 0x68, 0x2E, 0x72,
    0x6F, 0x75, 0x6E, 0x64, 0x28, 0x28, 0x65, 0x74, 0x61, 0x74, 0x54, 0x65, 0x6D, 0x70, 0x73, 0x2E,
    0x64, 0x75, 0x72, 0x65, 0x65, 0x5F, 0x6D, 0x69, 0x73, 0x73, 0x69, 0x6F, 0x6E, 0x5F, 0x73, 0x20,
    0x7C, 0x7C, 0x20, 0x33, 0x30, 0x30, 0x29, 0x20, 0x2F, 0x20, 0x36, 0x30, 0x29, 0x7D, 0x20, 0x6D,
    0x69, 0x6E, 0x60, 0x3B, 0x0A, 0x20, 0x20, 0x69, 0x66, 0x20, 0x28, 0x73, 0x75, 0x72, 0x43, 0x6C,
    0x69, 0x63, 0x29, 0x20, 0x6F, 0x63, 0x63, 0x2E, 0x6F, 0x6E, 0x63, 0x6C, 0x69, 0x63, 0x6B, 0x20,
    0x3D, 0x20, 0x28, 0x65, 0x29, 0x20, 0x3D, 0x3E, 0x20, 0x7B, 0x20, 0x65, 0x2E, 0x73, 0x74, 0x6F,
    0x70, 0x50, 0x72, 0x6F, 0x70, 0x61, 0x67, 0x61, 0x74, 0x69, 0x6F, 0x6E, 0x28, 0x29, 0x3B, 0x20,
    0x73, 0x75, 0x72, 0x43, 0x6C, 0x69, 0x63, 0x28, 0x29, 0x3B, 0x20, 0x7D, 0x3B, 0x0A, 0x20, 0x20,
    0x24, 0x28, 0x27, 0x66, 0x72, 0x69, 0x73, 0x65, 0x27, 0x29, 0x2E, 0x61, 0x70, 0x70, 0x65, 0x6E,
    0x64, 0x43, 0x68, 0x69, 0x6C, 0x64, 0x28, 0x6F, 0x63, 0x63, 0x29, 0x3B, 0x0A, 0x0A, 0x20, 0x20,
    0x2F, 0x2F, 0x20, 0x32, 0x2E, 0x20, 0x4C, 0x27, 0xC3, 0xA9, 0x74, 0x69, 0x71, 0x75, 0x65, 0x74,
    0x74, 0x65, 0x2C, 0x20, 0x64, 0xC3, 0xA9, 0x74, 0x61, 0x63, 0x68, 0xC3, 0xA9, 0x65, 0x2C, 0x20,
    0x72, 0x65, 0x6C, 0x69, 0xC3, 0xA9, 0x65, 0x20, 0x70, 0x61, 0x72, 0x20, 0x75, 0x6E, 0x65, 0x20,
    0x61, 0x6D, 0x6F, 0x72, 0x63, 0x65, 0x20, 0x64, 0x27, 0x75, 0x6E, 0x20, 0x70, 0x69, 0x78, 0x65,
    0x6C, 0x2E, 0x0A, 0x20, 0x20, 0x63, 0x6F, 0x6E, 0x73, 0x74, 0x20, 0x64, 0x20, 0x3D, 0x20, 0x64,
    0x6F, 0x63, 0x75, 0x6D, 0x65, 0x6E, 0x74, 0x2E, 0x63, 0x72, 0x65, 0x61, 0x74, 0x65, 0x45, 0x6C,
    0x65, 0x6D, 0x65, 0x6E, 0x74, 0x28, 0x27, 0x64, 0x69, 0x76, 0x27, 0x29, 0x3B, 0x0A, 0x20, 0x20,
    0x64, 0x2E, 0x63, 0x6C, 0x61, 0x73, 0x73, 0x4E, 0x61, 0x6D, 0x65, 0x20, 0x3D, 0x20, 0x27, 0x64,
    0x72, 0x61, 0x70, 0x65, 0x61, 0x75, 0x20, 0x27, 0x20, 0x2B, 0x20, 0x65, 0x74, 0x61, 0x74, 0x3B,
    0x0A, 0x20, 0x20, 0x64, 0x2E, 0x73, 0x74, 0x79, 0x6C, 0x65, 0x2E, 0x6C, 0x65, 0x66, 0x74, 0x20,
    0x3D, 0x20, 0x67, 0x61, 0x75, 0x63, 0x68, 0x65, 0x20, 0x2B, 0x20, 0x27, 0x25, 0x27, 0x3B, 0x0A,
    0x20, 0x20, 0x64, 0x2E, 0x64, 0x61, 0x74, 0x61, 0x73, 0x65, 0x74, 0x2E, 0x72, 0x61, 0x6E, 0x67,
    0x20, 0x3D, 0x20, 0x72, 0x61, 0x6E, 0x67, 0x3B, 0x0A, 0x20, 0x20, 0x64, 0x2E, 0x73, 0x74, 0x79,
    0x6C, 0x65, 0x2E, 0x74, 0x6F, 0x70, 0x20, 0x3D, 0x20, 0x28, 0x47, 0x45, 0x4F, 0x2E, 0x68, 0x61,
    0x75, 0x74, 0x4D, 0x61, 0x72, 0x67, 0x65, 0x20, 0x2B, 0x20, 0x72, 0x61, 0x6E, 0x67, 0x20, 0x2A,
    0x20, 0x47, 0x45, 0x4F, 0x2E, 0x70, 0x61, 0x73, 0x52, 0x61, 0x6E, 0x67, 0x65, 0x65, 0x29, 0x20,
    0x2B, 0x20, 0x27, 0x70, 0x78, 0x27, 0x3B, 0x0A, 0x20, 0x20, 0x64, 0x2E, 0x69, 0x6E, 0x6E, 0x65,
    0x72, 0x48, 0x54, 0x4D, 0x4C, 0x20, 0x3D, 0x20, 0x60, 0x3C, 0x64, 0x69, 0x76, 0x20, 0x63, 0x6C,
    0x61, 0x73, 0x73, 0x3D, 0x22, 0x66, 0x61, 0x6E, 0x69, 0x6F, 0x6E, 0x22, 0x3E, 0x3C, 0x73, 0x70,
    0x61, 0x6E, 0x3E, 0x24, 0x7B, 0x74, 0x65, 0x78, 0x74, 0x65, 0x7D, 0x3C, 0x2F, 0x73, 0x70, 0x61,
    0x6E, 0x3E, 0x3C, 0x2F, 0x64, 0x69, 0x76, 0x3E, 0x3C, 0x64, 0x69, 0x76, 0x20, 0x63, 0x6C, 0x61,
    0x73, 0x73, 0x3D, 0x22, 0x61, 0x6D, 0x6F, 0x72, 0x63, 0x65, 0x22, 0x3E, 0x3C, 0x2F, 0x64, 0x69,
    0x76, 0x3E, 0x60, 0x3B, 0x0A, 0x20, 0x20, 0x69, 0x66, 0x20, 0x28, 0x73, 0x75, 0x72, 0x43, 0x6C,
    0x69, 0x63, 0x29, 0x20, 0x64, 0x2E, 0x6F, 0x6E, 0x63, 0x6C, 0x69, 0x63, 0x6B, 0x20, 0x3D, 0x20,
    0x28, 0x65, 0x29, 0x20, 0x3D, 0x3E, 0x20, 0x7B, 0x20, 0x65, 0x2E, 0x73, 0x74, 0x6F, 0x70, 0x50,
    0x72, 0x6F, 0x70, 0x61, 0x67, 0x61, 0x74, 0x69, 0x6F, 0x6E, 0x28, 0x29, 0x3B, 0x20, 0x73, 0x75,
    0x72, 0x43, 0x6C, 0x69, 0x63, 0x28, 0x29, 0x3B, 0x20, 0x7D, 0x3B, 0x0A, 0x20, 0x20, 0x24, 0x28,
    0x27, 0x66, 0x72, 0x69, 0x73, 0x65, 0x27, 0x29, 0x2E, 0x61, 0x70, 0x70, 0x65, 0x6E, 0x64, 0x43,
    0x68, 0x69, 0x6C, 0x64, 0x28, 0x64, 0x29, 0x3B, 0x0A, 0x20, 0x20, 0x72, 0x65, 0x74, 0x75, 0x72,
    0x6E, 0x20, 0x64, 0x3B, 0x0A, 0x7D, 0x0A, 0x0A, 0x66, 0x75, 0x6E, 0x63, 0x74, 0x69, 0x6F, 0x6E,
    0x20, 0x72, 0x65, 0x6E, 0x64, 0x72, 0x65, 0x50, 0x6F, 0x73, 0x74, 0x65, 0x73, 0x28, 0x29, 0x20,
    0x7B, 0x0A, 0x20, 0x20, 0x63, 0x6F, 0x6E, 0x73, 0x74, 0x20, 0x63, 0x6F, 0x6E, 0x74, 0x65, 0x6E,
    0x65, 0x75, 0x72, 0x20, 0x3D, 0x20, 0x24, 0x28, 0x27, 0x70, 0x6F, 0x73, 0x74, 0x65, 0x73, 0x27,
    0x29, 0x3B, 0x0A, 0x20, 0x20, 0x63, 0x6F, 0x6E, 0x74, 0x65, 0x6E, 0x65, 0x75, 0x72, 0x2E, 0x69,
    0x6E, 0x6E, 0x65, 0x72, 0x48, 0x54, 0x4D, 0x4C, 0x20, 0x3D, 0x20, 0x27, 0x27, 0x3B, 0x0A, 0x20,
    0x20, 0x66, 0x6F, 0x72, 0x20, 0x28, 0x63, 0x6F, 0x6E, 0x73, 0x74, 0x20, 0x70, 0x20, 0x6F, 0x66,
    0x20, 0x70, 0x6F, 0x73, 0x74, 0x65, 0x73, 0x29, 0x20, 0x7B, 0x0A, 0x20, 0x20, 0x20, 0x20, 0x63,
    0x6F, 0x6E, 0x73, 0x74, 0x20, 0x63, 0x68, 0x69, 0x70, 0x20, 0x3D, 0x20, 0x64, 0x6F, 0x63, 0x75,
    0x6D, 0x65, 0x6E, 0x74, 0x2E, 0x63, 0x72, 0x65, 0x61, 0x74, 0x65, 0x45, 0x6C, 0x65, 0x6D, 0x65,
    0x6E, 0x74, 0x28, 0x27, 0x62, 0x75, 0x74, 0x74, 0x6F, 0x6E, 0x27, 0x29, 0x3B, 0x0A, 0x20, 0x20,
    0x20, 0x20, 0x63, 0x68, 0x69, 0x70, 0x2E, 0x63, 0x6C, 0x61, 0x73, 0x73, 0x4E, 0x61, 0x6D, 0x65,
    0x20, 0x3D, 0x20, 0x27, 0x70, 0x6F, 0x73, 0x74, 0x65, 0x27, 0x20, 0x2B, 0x20, 0x28, 0x70, 0x20,
    0x3D, 0x3D, 0x3D, 0x20, 0x70, 0x6F, 0x73, 0x74, 0x65, 0x43, 0x68, 0x6F, 0x69, 0x73, 0x69, 0x20,
    0x3F, 0x20, 0x27, 0x20, 0x63, 0x68, 0x6F, 0x69, 0x73, 0x69, 0x27, 0x20, 0x3A, 0x20, 0x27, 0x27,
    0x29, 0x3B, 0x0A, 0x20, 0x20, 0x20, 0x20, 0x63, 0x68, 0x69, 0x70, 0x2E, 0x74, 0x65, 0x78, 0x74,
    0x43, 0x6F, 0x6E, 0x74, 0x65, 0x6E, 0x74, 0x20, 0x3D, 0x20, 0x27, 0x50, 0x6F, 0x73, 0x74, 0x65,
    0x20, 0x27, 0x20, 0x2B, 0x20, 0x70, 0x3B, 0x0A, 0x20, 0x20, 0x20, 0x20, 0x63, 0x68, 0x69, 0x70,
    0x2E, 0x6F, 0x6E, 0x63, 0x6C, 0x69, 0x63, 0x6B, 0x20, 0x3D, 0x20, 0x28, 0x29, 0x20, 0x3D, 0x3E,
    0x20, 0x7B, 0x0A, 0x20, 0x20, 0x20, 0x20, 0x20, 0x20, 0x70, 0x6F, 0x73, 0x74, 0x65, 0x43, 0x68,
    0x6F, 0x69, 0x73, 0x69, 0x20, 0x3D, 0x20, 0x28, 0x70, 0x6F, 0x73, 0x74, 0x65, 0x43, 0x68, 0x6F,
    0x69, 0x73, 0x69, 0x20, 0x3D, 0x3D, 0x3D, 0x20, 0x70, 0x29, 0x20, 0x3F, 0x20, 0x6E, 0x75, 0x6C,
    0x6C, 0x20, 0x3A, 0x20, 0x70, 0x3B, 0x0A, 0x20, 0x20, 0x20, 0x20, 0x20, 0x20, 0x64, 0x72, 0x61,
    0x70, 0x65, 0x61, 0x75, 0x45, 0x6E, 0x4D, 0x61, 0x69, 0x6E, 0x20, 0x3D, 0x20, 0x66, 0x61, 0x6C,
    0x73, 0x65, 0x3B, 0x0A, 0x20, 0x20, 0x20, 0x20, 0x20, 0x20, 0x72, 0x65, 0x6E, 0x64, 0x72, 0x65,
    0x50, 0x6F, 0x73, 0x74, 0x65, 0x73, 0x28, 0x29, 0x3B, 0x0A, 0x20, 0x20, 0x20, 0x20, 0x7D, 0x3B,
    0x0A, 0x20, 0x20, 0x20, 0x20, 0x63, 0x6F, 0x6E, 0x74, 0x65, 0x6E, 0x65, 0x75, 0x72, 0x2E, 0x61,
    0x70, 0x70, 0x65, 0x6E, 0x64, 0x43, 0x68, 0x69, 0x6C, 0x64, 0x28, 0x63, 0x68, 0x69, 0x70, 0x29,
    0x3B, 0x0A, 0x20, 0x20, 0x7D, 0x0A, 0x20, 0x20, 0x24, 0x28, 0x27, 0x64, 0x72, 0x61, 0x70, 0x65,
    0x61, 0x75, 0x2D, 0x61, 0x2D, 0x70, 0x72, 0x65, 0x6E, 0x64, 0x72, 0x65, 0x27, 0x29, 0x2E, 0x64,
    0x69, 0x73, 0x61, 0x62, 0x6C, 0x65, 0x64, 0x20, 0x3D, 0x20, 0x70, 0x6F, 0x73, 0x74, 0x65, 0x43,
    0x68, 0x6F, 0x69, 0x73, 0x69, 0x20, 0x3D, 0x3D, 0x3D, 0x20, 0x6E, 0x75, 0x6C, 0x6C, 0x3B, 0x0A,
    0x20, 0x20, 0x24, 0x28, 0x27, 0x62, 0x74, 0x6E, 0x2D, 0x61, 0x70, 0x70, 0x65, 0x6C, 0x27, 0x29,
    0x2E, 0x64, 0x69, 0x73, 0x61, 0x62, 0x6C, 0x65, 0x64, 0x20, 0x3D, 0x20, 0x70, 0x6F, 0x73, 0x74,
    0x65, 0x43, 0x68, 0x6F, 0x69, 0x73, 0x69, 0x20, 0x3D, 0x3D, 0x3D, 0x20, 0x6E, 0x75, 0x6C, 0x6C,
    0x3B, 0x0A, 0x20, 0x20, 0x24, 0x28, 0x27, 0x66, 0x72, 0x69, 0x73, 0x65, 0x27, 0x29, 0x2E, 0x63,
    0x6C, 0x61, 0x73, 0x73, 0x4C, 0x69, 0x73, 0x74, 0x2E, 0x74, 0x6F, 0x67, 0x67, 0x6C, 0x65, 0x28,
    0x27, 0x61, 0x72, 0x6D, 0x65, 0x65, 0x27, 0x2C, 0x20, 0x64, 0x72, 0x61, 0x70, 0x65, 0x61, 0x75,
    0x45, 0x6E, 0x4D, 0x61, 0x69, 0x6E, 0x29, 0x3B, 0x0A, 0x20, 0x20, 0x24, 0x28, 0x27, 0x61, 0x69,
    0x64, 0x65, 0x2D, 0x70, 0x6C, 0x61, 0x63, 0x65, 0x6D, 0x65, 0x6E, 0x74, 0x27, 0x29, 0x2E, 0x74,
    0x65, 0x78, 0x74, 0x43, 0x6F, 0x6E, 0x74, 0x65, 0x6E, 0x74, 0x20, 0x3D, 0x20, 0x64, 0x72, 0x61,
    0x70, 0x65, 0x61, 0x75, 0x45, 0x6E, 0x4D, 0x61, 0x69, 0x6E, 0x0A, 0x20, 0x20, 0x20, 0x20, 0x3F,
    0x20, 0x60, 0xF0, 0x9F, 0x9A, 0xA9, 0x20, 0x50, 0x6F, 0x73, 0x74, 0x65, 0x20, 0x24, 0x7B, 0x70,
    0x6F, 0x73, 0x74, 0x65, 0x43, 0x68, 0x6F, 0x69, 0x73, 0x69, 0x7D, 0x20, 0x65, 0x6E, 0x20, 0x6D,
    0x61, 0x69, 0x6E, 0x20, 0x3A, 0x20, 0x63, 0x6C, 0x69, 0x71, 0x75, 0x65, 0x7A, 0x20, 0x73, 0x75,
    0x72, 0x20, 0x6C, 0x61, 0x20, 0x66, 0x72, 0x69, 0x73, 0x65, 0x20, 0xC3, 0xA0, 0x20, 0x6C, 0x27,
    0x68, 0x65, 0x75, 0x72, 0x65, 0x20, 0x76, 0x6F, 0x75, 0x6C, 0x75, 0x65, 0x60, 0x0A, 0x20, 0x20,
    0x20, 0x20, 0x3A, 0x20, 0x27, 0x27, 0x3B, 0x0A, 0x7D, 0x0A, 0x0A, 0x66, 0x75, 0x6E, 0x63, 0x74,
    0x69, 0x6F, 0x6E, 0x20, 0x72, 0x65, 0x6E, 0x64, 0x72, 0x65, 0x4C, 0x6F, 0x67, 0x73, 0x28, 0x29,
    0x20, 0x7B, 0x0A, 0x20, 0x20, 0x63, 0x6F, 0x6E, 0x73, 0x74, 0x20, 0x6C, 0x69, 0x67, 0x6E, 0x65,
    0x73, 0x20, 0x3D, 0x20, 0x5B, 0x5D, 0x3B, 0x0A, 0x20, 0x20, 0x66, 0x6F, 0x72, 0x20, 0x28, 0x63,
    0x6F, 0x6E, 0x73, 0x74, 0x20, 0x6D, 0x20, 0x6F, 0x66, 0x20, 0x6D, 0x69, 0x73, 0x73, 0x69, 0x6F,
    0x6E, 0x73, 0x29, 0x20, 0x7B, 0x0A, 0x20, 0x20, 0x20, 0x20, 0x6C, 0x69, 0x67, 0x6E, 0x65, 0x73,
    0x2E, 0x70, 0x75, 0x73, 0x68, 0x28, 0x7B, 0x20, 0x71, 0x75, 0x61, 0x6E, 0x64, 0x3A, 0x20, 0x6D,
    0x2E, 0x65, 0x6D, 0x69, 0x73, 0x65, 0x2C, 0x20, 0x6E, 0x6F, 0x6D, 0x3A, 0x20, 0x6D, 0x2E, 0x69,
    0x64, 0x20, 0x3D, 0x3D, 0x3D, 0x20, 0x27, 0x61, 0x70, 0x70, 0x65, 0x6C, 0x27, 0x20, 0x3F, 0x20,
    0x27, 0x41, 0x70, 0x70, 0x65, 0x6C, 0x20, 0x6F, 0x70, 0xC3, 0xA9, 0x72, 0x61, 0x74, 0x65, 0x75,
    0x72, 0x27, 0x20, 0x3A, 0x20, 0x6D, 0x2E, 0x69, 0x64, 0x2C, 0x0A, 0x20, 0x20, 0x20, 0x20, 0x20,
    0x20, 0x20, 0x20, 0x20, 0x20, 0x20, 0x20, 0x20, 0x20, 0x20, 0x20, 0x20, 0x20, 0x73, 0x74, 0x61,
    0x74, 0x69, 0x6F, 0x6E, 0x3A, 0x20, 0x6D, 0x2E, 0x73, 0x74, 0x61, 0x74, 0x69, 0x6F, 0x6E, 0x2C,
    0x0A, 0x20, 0x20, 0x20, 0x20, 0x20, 0x20, 0x20, 0x20, 0x20, 0x20, 0x20, 0x20, 0x20, 0x20, 0x20,
    0x20, 0x20, 0x20, 0x65, 0x74, 0x61, 0x74, 0x3A, 0x20, 0x60, 0x3C, 0x73, 0x70, 0x61, 0x6E, 0x20,
    0x63, 0x6C, 0x61, 0x73, 0x73, 0x3D, 0x22, 0x65, 0x74, 0x61, 0x74, 0x2D, 0x66, 0x61, 0x69, 0x74,
    0x22, 0x3E, 0xE2, 0x9C, 0x93, 0x20, 0x65, 0x66, 0x66, 0x65, 0x63, 0x74, 0x75, 0xC3, 0xA9, 0x24,
    0x7B, 0x6D, 0x2E, 0x69, 0x64, 0x20, 0x3D, 0x3D, 0x3D, 0x20, 0x27, 0x61, 0x70, 0x70, 0x65, 0x6C,
    0x27, 0x20, 0x3F, 0x20, 0x27, 0x27, 0x20, 0x3A, 0x20, 0x27, 0x20, 0x28, 0x70, 0x72, 0xC3, 0xA9,
    0x76, 0x75, 0x20, 0x27, 0x20, 0x2B, 0x20, 0x6D, 0x2E, 0x70, 0x72, 0x65, 0x76, 0x75, 0x2E, 0x73,
    0x6C, 0x69, 0x63, 0x65, 0x28, 0x31, 0x31, 0x2C, 0x20, 0x31, 0x36, 0x29, 0x20, 0x2B, 0x20, 0x27,
    0x29, 0x27, 0x7D, 0x3C, 0x2F, 0x73, 0x70, 0x61, 0x6E, 0x3E, 0x60, 0x20, 0x7D, 0x29, 0x3B, 0x0A,
    0x20, 0x20, 0x7D, 0x0A, 0x20, 0x20, 0x66, 0x6F, 0x72, 0x20, 0x28, 0x63, 0x6F, 0x6E, 0x73, 0x74,
    0x20, 0x65, 0x20, 0x6F, 0x66, 0x20, 0x6A, 0x6F, 0x75, 0x72, 0x6E, 0x61, 0x6C, 0x29, 0x20, 0x7B,
    0x0A, 0x20, 0x20, 0x20, 0x20, 0x69, 0x66, 0x20, 0x28, 0x65, 0x2E, 0x6D, 0x6F, 0x74, 0x69, 0x66,
    0x2E, 0x73, 0x74, 0x61, 0x72, 0x74, 0x73, 0x57, 0x69, 0x74, 0x68, 0x28, 0x27, 0x41, 0x52, 0x52,
    0x45, 0x54, 0x20, 0x44, 0x45, 0x20, 0x53, 0x45, 0x43, 0x55, 0x52, 0x49, 0x54, 0x45, 0x27, 0x29,
    0x29, 0x20, 0x7B, 0x0A, 0x20, 0x20, 0x20, 0x20, 0x20, 0x20, 0x63, 0x6F, 0x6E, 0x73, 0x74, 0x20,
    0x65, 0x6E, 0x74, 0x72, 0x65, 0x65, 0x20, 0x3D, 0x20, 0x65, 0x6E, 0x74, 0x72, 0x65, 0x65, 0x73,
    0x2E, 0x66, 0x69, 0x6E, 0x64, 0x28, 0x28, 0x78, 0x29, 0x20, 0x3D, 0x3E, 0x20, 0x78, 0x2E, 0x69,
    0x64, 0x20, 0x3D, 0x3D, 0x3D, 0x20, 0x65, 0x2E, 0x69, 0x64, 0x29, 0x3B, 0x0A, 0x20, 0x20, 0x20,
    0x20, 0x20, 0x20, 0x6C, 0x69, 0x67, 0x6E, 0x65, 0x73, 0x2E, 0x70, 0x75, 0x73, 0x68, 0x28, 0x7B,
    0x20, 0x71, 0x75, 0x61, 0x6E, 0x64, 0x3A, 0x20, 0x65, 0x2E, 0x71, 0x75, 0x61, 0x6E, 0x64, 0x2C,
    0x20, 0x6E, 0x6F, 0x6D, 0x3A, 0x20, 0x65, 0x2E, 0x69, 0x64, 0x20, 0x7C, 0x7C, 0x20, 0x27, 0x2D,
    0x27, 0x2C, 0x0A, 0x20, 0x20, 0x20, 0x20, 0x20, 0x20, 0x20, 0x20, 0x20, 0x20, 0x20, 0x20, 0x20,
    0x20, 0x20, 0x20, 0x20, 0x20, 0x20, 0x20, 0x73, 0x74, 0x61, 0x74, 0x69, 0x6F, 0x6E, 0x3A, 0x20,
    0x65, 0x6E, 0x74, 0x72, 0x65, 0x65, 0x20, 0x3F, 0x20, 0x65, 0x6E, 0x74, 0x72, 0x65, 0x65, 0x2E,
    0x73, 0x74, 0x61, 0x74, 0x69, 0x6F, 0x6E, 0x20, 0x3A, 0x20, 0x27, 0x2D, 0x27, 0x2C, 0x0A, 0x20,
    0x20, 0x20, 0x20, 0x20, 0x20, 0x20, 0x20, 0x20, 0x20, 0x20, 0x20, 0x20, 0x20, 0x20, 0x20, 0x20,
    0x20, 0x20, 0x20, 0x65, 0x74, 0x61, 0x74, 0x3A, 0x20, 0x27, 0x3C, 0x73, 0x70, 0x61, 0x6E, 0x20,
    0x63, 0x6C, 0x61, 0x73, 0x73, 0x3D, 0x22, 0x65, 0x74, 0x61, 0x74, 0x2D, 0x63, 0x6F, 0x6C, 0x6C,
    0x69, 0x73, 0x69, 0x6F, 0x6E, 0x22, 0x3E, 0xE2, 0x9B, 0x94, 0x20, 0x61, 0x72, 0x72, 0xC3, 0xAA,
    0x74, 0x20, 0x64, 0x65, 0x20, 0x73, 0xC3, 0xA9, 0x63, 0x75, 0x72, 0x69, 0x74, 0xC3, 0xA9, 0x20,
    0x65, 0x6E, 0x20, 0x64, 0xC3, 0xA9, 0x70, 0x6C, 0x61, 0x63, 0x65, 0x6D, 0x65, 0x6E, 0x74, 0x3C,
    0x2F, 0x73, 0x70, 0x61, 0x6E, 0x3E, 0x27, 0x20, 0x7D, 0x29, 0x3B, 0x0A, 0x20, 0x20, 0x20, 0x20,
    0x20, 0x20, 0x63, 0x6F, 0x6E, 0x74, 0x69, 0x6E, 0x75, 0x65, 0x3B, 0x0A, 0x20, 0x20, 0x20, 0x20,
    0x7D, 0x0A, 0x20, 0x20, 0x20, 0x20, 0x69, 0x66, 0x20, 0x28, 0x21, 0x65, 0x2E, 0x6D, 0x6F, 0x74,
    0x69, 0x66, 0x2E, 0x73, 0x74, 0x61, 0x72, 0x74, 0x73, 0x57, 0x69, 0x74, 0x68, 0x28, 0x27, 0x73,
    0x61, 0x75, 0x74, 0x65, 0x65, 0x27, 0x29, 0x29, 0x20, 0x63, 0x6F, 0x6E, 0x74, 0x69, 0x6E, 0x75,
    0x65, 0x3B, 0x0A, 0x20, 0x20, 0x20, 0x20, 0x63, 0x6F, 0x6E, 0x73, 0x74, 0x20, 0x65, 0x6E, 0x74,
    0x72, 0x65, 0x65, 0x20, 0x3D, 0x20, 0x65, 0x6E, 0x74, 0x72, 0x65, 0x65, 0x73, 0x2E, 0x66, 0x69,
    0x6E, 0x64, 0x28, 0x28, 0x78, 0x29, 0x20, 0x3D, 0x3E, 0x20, 0x78, 0x2E, 0x69, 0x64, 0x20, 0x3D,
    0x3D, 0x3D, 0x20, 0x65, 0x2E, 0x69, 0x64, 0x29, 0x3B, 0x0A, 0x20, 0x20, 0x20, 0x20, 0x6C, 0x69,
    0x67, 0x6E, 0x65, 0x73, 0x2E, 0x70, 0x75, 0x73, 0x68, 0x28, 0x7B, 0x20, 0x71, 0x75, 0x61, 0x6E,
    0x64, 0x3A, 0x20, 0x65, 0x2E, 0x71, 0x75, 0x61, 0x6E, 0x64, 0x2C, 0x20, 0x6E, 0x6F, 0x6D, 0x3A,
    0x20, 0x65, 0x2E, 0x69, 0x64, 0x2C, 0x20, 0x73, 0x74, 0x61, 0x74, 0x69, 0x6F, 0x6E, 0x3A, 0x20,
    0x65, 0x6E, 0x74, 0x72, 0x65, 0x65, 0x20, 0x3F, 0x20, 0x65, 0x6E, 0x74, 0x72, 0x65, 0x65, 0x2E,
    0x73, 0x74, 0x61, 0x74, 0x69, 0x6F, 0x6E, 0x20, 0x3A, 0x20, 0x27, 0x2D, 0x27, 0x2C, 0x0A, 0x20,
    0x20, 0x20, 0x20, 0x20, 0x20, 0x20, 0x20, 0x20, 0x20, 0x20, 0x20, 0x20, 0x20, 0x20, 0x20, 0x20,
    0x20, 0x65, 0x74, 0x61, 0x74, 0x3A, 0x20, 0x60, 0x3C, 0x73, 0x70, 0x61, 0x6E, 0x20, 0x63, 0x6C,
    0x61, 0x73, 0x73, 0x3D, 0x22, 0x65, 0x74, 0x61, 0x74, 0x2D, 0x73, 0x61, 0x75, 0x74, 0x65, 0x22,
    0x3E, 0xE2, 0x9C, 0x97, 0x20, 0x24, 0x7B, 0x65, 0x2E, 0x6D, 0x6F, 0x74, 0x69, 0x66, 0x2E, 0x72,
    0x65, 0x70, 0x6C, 0x61, 0x63, 0x65, 0x28, 0x27, 0x73, 0x61, 0x75, 0x74, 0x65, 0x65, 0x20, 0x3A,
    0x20, 0x27, 0x2C, 0x20, 0x27, 0x73, 0x61, 0x75, 0x74, 0xC3, 0xA9, 0x20, 0x3A, 0x20, 0x27, 0x29,
    0x7D, 0x3C, 0x2F, 0x73, 0x70, 0x61, 0x6E, 0x3E, 0x60, 0x20, 0x7D, 0x29, 0x3B, 0x0A, 0x20, 0x20,
    0x7D, 0x0A, 0x20, 0x20, 0x6C, 0x69, 0x67, 0x6E, 0x65, 0x73, 0x2E, 0x73, 0x6F, 0x72, 0x74, 0x28,
    0x28, 0x61, 0x2C, 0x20, 0x62, 0x29, 0x20, 0x3D, 0x3E, 0x20, 0x62, 0x2E, 0x71, 0x75, 0x61, 0x6E,
    0x64, 0x2E, 0x6C, 0x6F, 0x63, 0x61, 0x6C, 0x65, 0x43, 0x6F, 0x6D, 0x70, 0x61, 0x72, 0x65, 0x28,
    0x61, 0x2E, 0x71, 0x75, 0x61, 0x6E, 0x64, 0x29, 0x29, 0x3B, 0x0A, 0x20, 0x20, 0x24, 0x28, 0x27,
    0x6C, 0x6F, 0x67, 0x73, 0x27, 0x29, 0x2E, 0x69, 0x6E, 0x6E, 0x65, 0x72, 0x48, 0x54, 0x4D, 0x4C,
    0x20, 0x3D, 0x20, 0x6C, 0x69, 0x67, 0x6E, 0x65, 0x73, 0x2E, 0x73, 0x6C, 0x69, 0x63, 0x65, 0x28,
    0x30, 0x2C, 0x20, 0x33, 0x30, 0x29, 0x2E, 0x6D, 0x61, 0x70, 0x28, 0x28, 0x6C, 0x29, 0x20, 0x3D,
    0x3E, 0x0A, 0x20, 0x20, 0x20, 0x20, 0x60, 0x3C, 0x74, 0x72, 0x3E, 0x3C, 0x74, 0x64, 0x3E, 0x24,
    0x7B, 0x6C, 0x2E, 0x71, 0x75, 0x61, 0x6E, 0x64, 0x7D, 0x3C, 0x2F, 0x74, 0x64, 0x3E, 0x3C, 0x74,
    0x64, 0x3E, 0x24, 0x7B, 0x6C, 0x2E, 0x6E, 0x6F, 0x6D, 0x7D, 0x3C, 0x2F, 0x74, 0x64, 0x3E, 0x3C,
    0x74, 0x64, 0x3E, 0x24, 0x7B, 0x6C, 0x2E, 0x73, 0x74, 0x61, 0x74, 0x69, 0x6F, 0x6E, 0x7D, 0x3C,
    0x2F, 0x74, 0x64, 0x3E, 0x3C, 0x74, 0x64, 0x3E, 0x24, 0x7B, 0x6C, 0x2E, 0x65, 0x74, 0x61, 0x74,
    0x7D, 0x3C, 0x2F, 0x74, 0x64, 0x3E, 0x3C, 0x2F, 0x74, 0x72, 0x3E, 0x60, 0x29, 0x2E, 0x6A, 0x6F,
    0x69, 0x6E, 0x28, 0x27, 0x27, 0x29, 0x3B, 0x0A, 0x7D, 0x0A, 0x0A, 0x61, 0x73, 0x79, 0x6E, 0x63,
    0x20, 0x66, 0x75, 0x6E, 0x63, 0x74, 0x69, 0x6F, 0x6E, 0x20, 0x72, 0x61, 0x66, 0x72, 0x61, 0x69,
    0x63, 0x68, 0x69, 0x72, 0x28, 0x29, 0x20, 0x7B, 0x0A, 0x20, 0x20, 0x65, 0x74, 0x61, 0x74, 0x54,
    0x65, 0x6D, 0x70, 0x73, 0x20, 0x3D, 0x20, 0x28, 0x61, 0x77, 0x61, 0x69, 0x74, 0x20, 0x61, 0x70,
    0x69, 0x28, 0x27, 0x47, 0x45, 0x54, 0x27, 0x2C, 0x20, 0x27, 0x2F, 0x61, 0x70, 0x69, 0x2F, 0x74,
    0x69, 0x6D, 0x65, 0x27, 0x29, 0x29, 0x2E, 0x64, 0x61, 0x74, 0x61, 0x3B, 0x0A, 0x20, 0x20, 0x6A,
    0x6F, 0x75, 0x72, 0x20, 0x3D, 0x20, 0x28, 0x61, 0x77, 0x61, 0x69, 0x74, 0x20, 0x61, 0x70, 0x69,
    0x28, 0x27, 0x47, 0x45, 0x54, 0x27, 0x2C, 0x20, 0x27, 0x2F, 0x61, 0x70, 0x69, 0x2F, 0x70, 0x6C,
    0x61, 0x6E, 0x6E, 0x69, 0x6E, 0x67, 0x2F, 0x6A, 0x6F, 0x75, 0x72, 0x27, 0x29, 0x29, 0x2E, 0x64,
    0x61, 0x74, 0x61, 0x2E, 0x6F, 0x63, 0x63, 0x75, 0x72, 0x72, 0x65, 0x6E, 0x63, 0x65, 0x73, 0x20,
    0x7C, 0x7C, 0x20, 0x5B, 0x5D, 0x3B, 0x0A, 0x20, 0x20, 0x6D, 0x69, 0x73, 0x73, 0x69, 0x6F, 0x6E,
    0x73, 0x20, 0x3D, 0x20, 0x28, 0x61, 0x77, 0x61, 0x69, 0x74, 0x20, 0x61, 0x70, 0x69, 0x28, 0x27,
    0x47, 0x45, 0x54, 0x27, 0x2C, 0x20, 0x27, 0x2F, 0x61, 0x70, 0x69, 0x2F, 0x6D, 0x69, 0x73, 0x73,
    0x69, 0x6F, 0x6E, 0x73, 0x27, 0x29, 0x29, 0x2E, 0x64, 0x61, 0x74, 0x61, 0x2E, 0x6D, 0x69, 0x73,
    0x73, 0x69, 0x6F, 0x6E, 0x73, 0x20, 0x7C, 0x7C, 0x20, 0x5B, 0x5D, 0x3B, 0x0A, 0x20, 0x20, 0x6A,
    0x6F, 0x75, 0x72, 0x6E, 0x61, 0x6C, 0x20, 0x3D, 0x20, 0x28, 0x61, 0x77, 0x61, 0x69, 0x74, 0x20,
    0x61, 0x70, 0x69, 0x28, 0x27, 0x47, 0x45, 0x54, 0x27, 0x2C, 0x20, 0x27, 0x2F, 0x61, 0x70, 0x69,
    0x2F, 0x6A, 0x6F, 0x75, 0x72, 0x6E, 0x61, 0x6C, 0x27, 0x29, 0x29, 0x2E, 0x64, 0x61, 0x74, 0x61,
    0x2E, 0x65, 0x76, 0x65, 0x6E, 0x65, 0x6D, 0x65, 0x6E, 0x74, 0x73, 0x20, 0x7C, 0x7C, 0x20, 0x5B,
    0x5D, 0x3B, 0x0A, 0x0A, 0x20, 0x20, 0x24, 0x28, 0x27, 0x68, 0x6F, 0x72, 0x6C, 0x6F, 0x67, 0x65,
    0x27, 0x29, 0x2E, 0x74, 0x65, 0x78, 0x74, 0x43, 0x6F, 0x6E, 0x74, 0x65, 0x6E, 0x74, 0x20, 0x3D,
    0x20, 0x65, 0x74, 0x61, 0x74, 0x54, 0x65, 0x6D, 0x70, 0x73, 0x2E, 0x6C, 0x6F, 0x63, 0x61, 0x6C,
    0x65, 0x20, 0x7C, 0x7C, 0x20, 0x27, 0x2D, 0x27, 0x3B, 0x0A, 0x20, 0x20, 0x24, 0x28, 0x27, 0x62,
    0x61, 0x64, 0x67, 0x65, 0x2D, 0x66, 0x69, 0x61, 0x62, 0x6C, 0x65, 0x27, 0x29, 0x2E, 0x74, 0x65,
    0x78, 0x74, 0x43, 0x6F, 0x6E, 0x74, 0x65, 0x6E, 0x74, 0x20, 0x3D, 0x20, 0x65, 0x74, 0x61, 0x74,
    0x54, 0x65, 0x6D, 0x70, 0x73, 0x2E, 0x66, 0x69, 0x61, 0x62, 0x6C, 0x65, 0x20, 0x3F, 0x20, 0x27,
    0x68, 0x65, 0x75, 0x72, 0x65, 0x20, 0x66, 0x69, 0x61, 0x62, 0x6C, 0x65, 0x27, 0x20, 0x3A, 0x20,
    0x27, 0x48, 0x45, 0x55, 0x52, 0x45, 0x20, 0x4E, 0x4F, 0x4E, 0x20, 0x46, 0x49, 0x41, 0x42, 0x4C,
    0x45, 0x2C, 0x20, 0x47, 0x45, 0x4C, 0xC3, 0x89, 0x27, 0x3B, 0x0A, 0x20, 0x20, 0x24, 0x28, 0x27,
    0x62, 0x61, 0x64, 0x67, 0x65, 0x2D, 0x66, 0x69, 0x61, 0x62, 0x6C, 0x65, 0x27, 0x29, 0x2E, 0x63,
    0x6C, 0x61, 0x73, 0x73, 0x4E, 0x61, 0x6D, 0x65, 0x20, 0x3D, 0x20, 0x27, 0x62, 0x61, 0x64, 0x67,
    0x65, 0x27, 0x20, 0x2B, 0x20, 0x28, 0x65, 0x74, 0x61, 0x74, 0x54, 0x65, 0x6D, 0x70, 0x73, 0x2E,
    0x66, 0x69, 0x61, 0x62, 0x6C, 0x65, 0x20, 0x3F, 0x20, 0x27, 0x27, 0x20, 0x3A, 0x20, 0x27, 0x20,
    0x61, 0x6C, 0x65, 0x72, 0x74, 0x65, 0x27, 0x29, 0x3B, 0x0A, 0x20, 0x20, 0x24, 0x28, 0x27, 0x62,
    0x74, 0x6E, 0x2D, 0x66, 0x69, 0x61, 0x62, 0x6C, 0x65, 0x27, 0x29, 0x2E, 0x74, 0x65, 0x78, 0x74,
    0x43, 0x6F, 0x6E, 0x74, 0x65, 0x6E, 0x74, 0x20, 0x3D, 0x20, 0x65, 0x74, 0x61, 0x74, 0x54, 0x65,
    0x6D, 0x70, 0x73, 0x2E, 0x66, 0x69, 0x61, 0x62, 0x6C, 0x65, 0x20, 0x3F, 0x20, 0x27, 0x73, 0x69,
    0x6D, 0x75, 0x6C, 0x65, 0x72, 0x20, 0x68, 0x65, 0x75, 0x72, 0x65, 0x20, 0x64, 0x6F, 0x75, 0x74,
    0x65, 0x75, 0x73, 0x65, 0x27, 0x20, 0x3A, 0x20, 0x22, 0x72, 0xC3, 0xA9, 0x74, 0x61, 0x62, 0x6C,
    0x69, 0x72, 0x20, 0x6C, 0x27, 0x68, 0x65, 0x75, 0x72, 0x65, 0x22, 0x3B, 0x0A, 0x20, 0x20, 0x24,
    0x28, 0x27, 0x62, 0x61, 0x64, 0x67, 0x65, 0x2D, 0x70, 0x61, 0x75, 0x73, 0x65, 0x27, 0x29, 0x2E,
    0x68, 0x69, 0x64, 0x64, 0x65, 0x6E, 0x20, 0x3D, 0x20, 0x21, 0x65, 0x74, 0x61, 0x74, 0x54, 0x65,
    0x6D, 0x70, 0x73, 0x2E, 0x70, 0x61, 0x75, 0x73, 0x65, 0x3B, 0x0A, 0x20, 0x20, 0x24, 0x28, 0x27,
    0x62, 0x74, 0x6E, 0x2D, 0x70, 0x61, 0x75, 0x73, 0x65, 0x27, 0x29, 0x2E, 0x74, 0x65, 0x78, 0x74,
    0x43, 0x6F, 0x6E, 0x74, 0x65, 0x6E, 0x74, 0x20, 0x3D, 0x20, 0x65, 0x74, 0x61, 0x74, 0x54, 0x65,
    0x6D, 0x70, 0x73, 0x2E, 0x70, 0x61, 0x75, 0x73, 0x65, 0x20, 0x3F, 0x20, 0x27, 0x52, 0x65, 0x70,
    0x72, 0x65, 0x6E, 0x64, 0x72, 0x65, 0x20, 0x6C, 0x65, 0x20, 0x70, 0x6C, 0x61, 0x6E, 0x6E, 0x69,
    0x6E, 0x67, 0x27, 0x20, 0x3A, 0x20, 0x27, 0x50, 0x61, 0x75, 0x73, 0x65, 0x20, 0x70, 0x6C, 0x61,
    0x6E, 0x6E, 0x69, 0x6E, 0x67, 0x27, 0x3B, 0x0A, 0x0A, 0x20, 0x20, 0x2F, 0x2F, 0x20, 0x4C, 0x27,
    0x61, 0x6C, 0x65, 0x72, 0x74, 0x65, 0x20, 0x70, 0x72, 0x69, 0x6D, 0x65, 0x20, 0x73, 0x75, 0x72,
    0x20, 0x74, 0x6F, 0x75, 0x74, 0x20, 0x6C, 0x65, 0x20, 0x72, 0x65, 0x73, 0x74, 0x65, 0x20, 0x3A,
    0x20, 0x63, 0x27, 0x65, 0x73, 0x74, 0x20, 0x6C, 0x65, 0x20, 0x73, 0x65, 0x75, 0x6C, 0x20, 0x6D,
    0x65, 0x73, 0x73, 0x61, 0x67, 0x65, 0x20, 0x71, 0x75, 0x69, 0x20, 0x64, 0x69, 0x73, 0x65, 0x20,
    0x71, 0x75, 0x27, 0x75, 0x6E, 0x0A, 0x20, 0x20, 0x2F, 0x2F, 0x20, 0x64, 0xC3, 0xA9, 0x70, 0x61,
    0x72, 0x74, 0x20, 0x6E, 0x65, 0x20, 0x73, 0x27, 0x65, 0x73, 0x74, 0x20, 0x50, 0x41, 0x53, 0x20,
    0x74, 0x65, 0x72, 0x6D, 0x69, 0x6E, 0xC3, 0xA9, 0x2E, 0x0A, 0x20, 0x20, 0x63, 0x6F, 0x6E, 0x73,
    0x74, 0x20, 0x61, 0x6C, 0x65, 0x72, 0x74, 0x65, 0x41, 0x63, 0x74, 0x69, 0x76, 0x65, 0x20, 0x3D,
    0x20, 0x21, 0x21, 0x65, 0x74, 0x61, 0x74, 0x54, 0x65, 0x6D, 0x70, 0x73, 0x2E, 0x61, 0x6C, 0x65,
    0x72, 0x74, 0x65, 0x3B, 0x0A, 0x20, 0x20, 0x24, 0x28, 0x27, 0x61, 0x6C, 0x65, 0x72, 0x74, 0x65,
    0x27, 0x29, 0x2E, 0x68, 0x69, 0x64, 0x64, 0x65, 0x6E, 0x20, 0x3D, 0x20, 0x21, 0x61, 0x6C, 0x65,
    0x72, 0x74, 0x65, 0x41, 0x63, 0x74, 0x69, 0x76, 0x65, 0x3B, 0x0A, 0x20, 0x20, 0x24, 0x28, 0x27,
    0x61, 0x6C, 0x65, 0x72, 0x74, 0x65, 0x27, 0x29, 0x2E, 0x73, 0x74, 0x79, 0x6C, 0x65, 0x2E, 0x64,
    0x69, 0x73, 0x70, 0x6C, 0x61, 0x79, 0x20, 0x3D, 0x20, 0x61, 0x6C, 0x65, 0x72, 0x74, 0x65, 0x41,
    0x63, 0x74, 0x69, 0x76, 0x65, 0x20, 0x3F, 0x20, 0x27, 0x66, 0x6C, 0x65, 0x78, 0x27, 0x20, 0x3A,
    0x20, 0x27, 0x6E, 0x6F, 0x6E, 0x65, 0x27, 0x3B, 0x0A, 0x20, 0x20, 0x69, 0x66, 0x20, 0x28, 0x61,
    0x6C, 0x65, 0x72, 0x74, 0x65, 0x41, 0x63, 0x74, 0x69, 0x76, 0x65, 0x29, 0x20, 0x7B, 0x0A, 0x20,
    0x20, 0x20, 0x20, 0x24, 0x28, 0x27, 0x61, 0x6C, 0x65, 0x72, 0x74, 0x65, 0x2D, 0x64, 0x65, 0x74,
    0x61, 0x69, 0x6C, 0x27, 0x29, 0x2E, 0x74, 0x65, 0x78, 0x74, 0x43, 0x6F, 0x6E, 0x74, 0x65, 0x6E,
    0x74, 0x20, 0x3D, 0x0A, 0x20, 0x20, 0x20, 0x20, 0x20, 0x20, 0x60, 0x44, 0xC3, 0xA9, 0x70, 0x61,
    0x72, 0x74, 0x20, 0xC2, 0xAB, 0x20, 0x24, 0x7B, 0x65, 0x74, 0x61, 0x74, 0x54, 0x65, 0x6D, 0x70,
    0x73, 0x2E, 0x61, 0x6C, 0x65, 0x72, 0x74, 0x65, 0x5F, 0x6D, 0x69, 0x73, 0x73, 0x69, 0x6F, 0x6E,
    0x20, 0x7C, 0x7C, 0x20, 0x27, 0x3F, 0x27, 0x7D, 0x20, 0xC2, 0xBB, 0x20, 0x76, 0x65, 0x72, 0x73,
    0x20, 0x6C, 0x65, 0x20, 0x70, 0x6F, 0x73, 0x74, 0x65, 0x20, 0x60, 0x20, 0x2B, 0x0A, 0x20, 0x20,
    0x20, 0x20, 0x20, 0x20, 0x60, 0x24, 0x7B, 0x65, 0x74, 0x61, 0x74, 0x54, 0x65, 0x6D, 0x70, 0x73,
    0x2E, 0x61, 0x6C, 0x65, 0x72, 0x74, 0x65, 0x5F, 0x73, 0x74, 0x61, 0x74, 0x69, 0x6F, 0x6E, 0x7D,
    0x20, 0x3A, 0x20, 0x69, 0x6E, 0x74, 0x65, 0x72, 0x72, 0x6F, 0x6D, 0x70, 0x75, 0x20, 0xC3, 0xA0,
    0x20, 0x24, 0x7B, 0x28, 0x65, 0x74, 0x61, 0x74, 0x54, 0x65, 0x6D, 0x70, 0x73, 0x2E, 0x61, 0x6C,
    0x65, 0x72, 0x74, 0x65, 0x5F, 0x71, 0x75, 0x61, 0x6E, 0x64, 0x20, 0x7C, 0x7C, 0x20, 0x27, 0x27,
    0x29, 0x2E, 0x73, 0x6C, 0x69, 0x63, 0x65, 0x28, 0x31, 0x31, 0x2C, 0x20, 0x31, 0x39, 0x29, 0x7D,
    0x2E, 0x60, 0x3B, 0x0A, 0x20, 0x20, 0x7D, 0x0A, 0x0A, 0x20, 0x20, 0x63, 0x6F, 0x6E, 0x73, 0x74,
    0x20, 0x62, 0x61, 0x6E, 0x64, 0x65, 0x61, 0x75, 0x20, 0x3D, 0x20, 0x24, 0x28, 0x27, 0x62, 0x61,
    0x6E, 0x64, 0x65, 0x61, 0x75, 0x27, 0x29, 0x3B, 0x0A, 0x20, 0x20, 0x69, 0x66, 0x20, 0x28, 0x61,
    0x6C, 0x65, 0x72, 0x74, 0x65, 0x41, 0x63, 0x74, 0x69, 0x76, 0x65, 0x29, 0x20, 0x7B, 0x0A, 0x20,
    0x20, 0x20, 0x20, 0x62, 0x61, 0x6E, 0x64, 0x65, 0x61, 0x75, 0x2E, 0x63, 0x6C, 0x61, 0x73, 0x73,
    0x4E, 0x61, 0x6D, 0x65, 0x20, 0x3D, 0x20, 0x27, 0x62, 0x61, 0x6E, 0x64, 0x65, 0x61, 0x75, 0x20,
    0x72, 0x6F, 0x75, 0x67, 0x65, 0x27, 0x3B, 0x0A, 0x20, 0x20, 0x20, 0x20, 0x24, 0x28, 0x27, 0x62,
    0x61, 0x6E, 0x64, 0x65, 0x61, 0x75, 0x2D, 0x74, 0x65, 0x78, 0x74, 0x65, 0x27, 0x29, 0x2E, 0x74,
    0x65, 0x78, 0x74, 0x43, 0x6F, 0x6E, 0x74, 0x65, 0x6E, 0x74, 0x20, 0x3D, 0x0A, 0x20, 0x20, 0x20,
    0x20, 0x20, 0x20, 0x27, 0x44, 0xC3, 0xA9, 0x70, 0x61, 0x72, 0x74, 0x73, 0x20, 0x73, 0x75, 0x73,
    0x70, 0x65, 0x6E, 0x64, 0x75, 0x73, 0x20, 0x3A, 0x20, 0x61, 0x72, 0x72, 0xC3, 0xAA, 0x74, 0x20,
    0x64, 0x65, 0x20, 0x73, 0xC3, 0xA9, 0x63, 0x75, 0x72, 0x69, 0x74, 0xC3, 0xA9, 0x20, 0xC3, 0xA0,
    0x20, 0x61, 0x63, 0x71, 0x75, 0x69, 0x74, 0x74, 0x65, 0x72, 0x20, 0x63, 0x69, 0x2D, 0x64, 0x65,
    0x73, 0x73, 0x75, 0x73, 0x27, 0x3B, 0x0A, 0x20, 0x20, 0x7D, 0x20, 0x65, 0x6C, 0x73, 0x65, 0x20,
    0x69, 0x66, 0x20, 0x28, 0x65, 0x74, 0x61, 0x74, 0x54, 0x65, 0x6D, 0x70, 0x73, 0x2E, 0x6A, 0x6F,
    0x75, 0x72, 0x6E, 0x65, 0x65, 0x5F, 0x76, 0x61, 0x6C, 0x69, 0x64, 0x65, 0x65, 0x29, 0x20, 0x7B,
    0x0A, 0x20, 0x20, 0x20, 0x20, 0x62, 0x61, 0x6E, 0x64, 0x65, 0x61, 0x75, 0x2E, 0x63, 0x6C, 0x61,
    0x73, 0x73, 0x4E, 0x61, 0x6D, 0x65, 0x20, 0x3D, 0x20, 0x27, 0x62, 0x61, 0x6E, 0x64, 0x65, 0x61,
    0x75, 0x20, 0x76, 0x65, 0x72, 0x74, 0x27, 0x3B, 0x0A, 0x20, 0x20, 0x20, 0x20, 0x24, 0x28, 0x27,
    0x62, 0x61, 0x6E, 0x64, 0x65, 0x61, 0x75, 0x2D, 0x74, 0x65, 0x78, 0x74, 0x65, 0x27, 0x29, 0x2E,
    0x74, 0x65, 0x78, 0x74, 0x43, 0x6F, 0x6E, 0x74, 0x65, 0x6E, 0x74, 0x20, 0x3D, 0x0A, 0x20, 0x20,
    0x20, 0x20, 0x20, 0x20, 0x60, 0x50, 0x6C, 0x61, 0x6E, 0x6E, 0x69, 0x6E, 0x67, 0x20, 0x64, 0x75,
    0x20, 0x24, 0x7B, 0x61, 0x75, 0x6A, 0x6F, 0x75, 0x72, 0x64, 0x68, 0x75, 0x69, 0x28, 0x29, 0x7D,
    0x20, 0x76, 0x61, 0x6C, 0x69, 0x64, 0xC3, 0xA9, 0x20, 0x70, 0x61, 0x72, 0x20, 0x24, 0x7B, 0x65,
    0x74, 0x61, 0x74, 0x54, 0x65, 0x6D, 0x70, 0x73, 0x2E, 0x76, 0x61, 0x6C, 0x69, 0x64, 0x65, 0x5F,
    0x70, 0x61, 0x72, 0x7D, 0x20, 0x3A, 0x20, 0x64, 0xC3, 0xA9, 0x70, 0x61, 0x72, 0x74, 0x73, 0x20,
    0x61, 0x75, 0x74, 0x6F, 0x72, 0x69, 0x73, 0xC3, 0xA9, 0x73, 0x60, 0x3B, 0x0A, 0x20, 0x20, 0x7D,
    0x20, 0x65, 0x6C, 0x73, 0x65, 0x20, 0x7B, 0x0A, 0x20, 0x20, 0x20, 0x20, 0x62, 0x61, 0x6E, 0x64,
    0x65, 0x61, 0x75, 0x2E, 0x63, 0x6C, 0x61, 0x73, 0x73, 0x4E, 0x61, 0x6D, 0x65, 0x20, 0x3D, 0x20,
    0x27, 0x62, 0x61, 0x6E, 0x64, 0x65, 0x61, 0x75, 0x20, 0x72, 0x6F, 0x75, 0x67, 0x65, 0x27, 0x3B,
    0x0A, 0x20, 0x20, 0x20, 0x20, 0x24, 0x28, 0x27, 0x62, 0x61, 0x6E, 0x64, 0x65, 0x61, 0x75, 0x2D,
    0x74, 0x65, 0x78, 0x74, 0x65, 0x27, 0x29, 0x2E, 0x74, 0x65, 0x78, 0x74, 0x43, 0x6F, 0x6E, 0x74,
    0x65, 0x6E, 0x74, 0x20, 0x3D, 0x0A, 0x20, 0x20, 0x20, 0x20, 0x20, 0x20, 0x60, 0x50, 0x6C, 0x61,
    0x6E, 0x6E, 0x69, 0x6E, 0x67, 0x20, 0x64, 0x75, 0x20, 0x24, 0x7B, 0x61, 0x75, 0x6A, 0x6F, 0x75,
    0x72, 0x64, 0x68, 0x75, 0x69, 0x28, 0x29, 0x7D, 0x20, 0x4E, 0x4F, 0x4E, 0x20, 0x56, 0x41, 0x4C,
    0x49, 0x44, 0xC3, 0x89, 0x20, 0x3A, 0x20, 0x61, 0x75, 0x63, 0x75, 0x6E, 0x20, 0x64, 0xC3, 0xA9,
    0x70, 0x61, 0x72, 0x74, 0x20, 0x61, 0x75, 0x74, 0x6F, 0x6D, 0x61, 0x74, 0x69, 0x71, 0x75, 0x65,
    0x60, 0x3B, 0x0A, 0x20, 0x20, 0x7D, 0x0A, 0x20, 0x20, 0x72, 0x65, 0x6E, 0x64, 0x72, 0x65, 0x46,
    0x72, 0x69, 0x73, 0x65, 0x28, 0x29, 0x3B, 0x0A, 0x20, 0x20, 0x72, 0x65, 0x6E, 0x64, 0x72, 0x65,
    0x4C, 0x6F, 0x67, 0x73, 0x28, 0x29, 0x3B, 0x0A, 0x7D, 0x0A, 0x0A, 0x61, 0x73, 0x79, 0x6E, 0x63,
    0x20, 0x66, 0x75, 0x6E, 0x63, 0x74, 0x69, 0x6F, 0x6E, 0x20, 0x63, 0x68, 0x61, 0x72, 0x67, 0x65,
    0x72, 0x50, 0x6C, 0x61, 0x6E, 0x6E, 0x69, 0x6E, 0x67, 0x28, 0x29, 0x20, 0x7B, 0x0A, 0x20, 0x20,
    0x63, 0x6F, 0x6E, 0x73, 0x74, 0x20, 0x72, 0x20, 0x3D, 0x20, 0x61, 0x77, 0x61, 0x69, 0x74, 0x20,
    0x61, 0x70, 0x69, 0x28, 0x27, 0x47, 0x45, 0x54, 0x27, 0x2C, 0x20, 0x27, 0x2F, 0x61, 0x70, 0x69,
    0x2F, 0x70, 0x6C, 0x61, 0x6E, 0x6E, 0x69, 0x6E, 0x67, 0x27, 0x29, 0x3B, 0x0A, 0x20, 0x20, 0x65,
    0x74, 0x61, 0x67, 0x20, 0x3D, 0x20, 0x72, 0x2E, 0x65, 0x74, 0x61, 0x67, 0x3B, 0x0A, 0x20, 0x20,
    0x65, 0x6E, 0x74, 0x72, 0x65, 0x65, 0x73, 0x20, 0x3D, 0x20, 0x72, 0x2E, 0x64, 0x61, 0x74, 0x61,
    0x2E, 0x65, 0x6E, 0x74, 0x72, 0x65, 0x65, 0x73, 0x20, 0x7C, 0x7C, 0x20, 0x5B, 0x5D, 0x3B, 0x0A,
    0x7D, 0x0A, 0x0A, 0x2F, 0x2F, 0x20, 0x2D, 0x2D, 0x2D, 0x20, 0x44, 0x72, 0x61, 0x67, 0x20, 0x26,
    0x20, 0x64, 0x72, 0x6F, 0x70, 0x20, 0x64, 0x75, 0x20, 0x64, 0x72, 0x61, 0x70, 0x65, 0x61, 0x75,
    0x20, 0x2D, 0x2D, 0x2D, 0x2D, 0x2D, 0x2D, 0x2D, 0x2D, 0x2D, 0x2D, 0x2D, 0x2D, 0x2D, 0x2D, 0x2D,
    0x2D, 0x2D, 0x2D, 0x2D, 0x2D, 0x2D, 0x2D, 0x2D, 0x2D, 0x2D, 0x2D, 0x2D, 0x2D, 0x2D, 0x2D, 0x2D,
    0x2D, 0x2D, 0x2D, 0x2D, 0x2D, 0x2D, 0x2D, 0x2D, 0x2D, 0x2D, 0x2D, 0x2D, 0x2D, 0x2D, 0x2D, 0x2D,
    0x2D, 0x2D, 0x0A, 0x66, 0x75, 0x6E, 0x63, 0x74, 0x69, 0x6F, 0x6E, 0x20, 0x70, 0x72, 0x65, 0x6E,
    0x64, 0x72, 0x65, 0x44, 0x72, 0x61, 0x70, 0x65, 0x61, 0x75, 0x28, 0x29, 0x20, 0x7B, 0x0A, 0x20,
    0x20, 0x64, 0x72, 0x61, 0x70, 0x65, 0x61, 0x75, 0x45, 0x6E, 0x4D, 0x61, 0x69, 0x6E, 0x20, 0x3D,
    0x20, 0x74, 0x72, 0x75, 0x65, 0x3B, 0x0A, 0x20, 0x20, 0x72, 0x65, 0x6E, 0x64, 0x72, 0x65, 0x50,
    0x6F, 0x73, 0x74, 0x65, 0x73, 0x28, 0x29, 0x3B, 0x0A, 0x7D, 0x0A, 0x0A, 0x24, 0x28, 0x27, 0x66,
    0x72, 0x69, 0x73, 0x65, 0x27, 0x29, 0x2E, 0x61, 0x64, 0x64, 0x45, 0x76, 0x65, 0x6E, 0x74, 0x4C,
    0x69, 0x73, 0x74, 0x65, 0x6E, 0x65, 0x72, 0x28, 0x27, 0x6D, 0x6F, 0x75, 0x73, 0x65, 0x6D, 0x6F,
    0x76, 0x65, 0x27, 0x2C, 0x20, 0x28, 0x65, 0x29, 0x20, 0x3D, 0x3E, 0x20, 0x7B, 0x0A, 0x20, 0x20,
    0x64, 0x6F, 0x63, 0x75, 0x6D, 0x65, 0x6E, 0x74, 0x2E, 0x71, 0x75, 0x65, 0x72, 0x79, 0x53, 0x65,
    0x6C, 0x65, 0x63, 0x74, 0x6F, 0x72, 0x41, 0x6C, 0x6C, 0x28, 0x27, 0x2E, 0x66, 0x61, 0x6E, 0x74,
    0x6F, 0x6D, 0x65, 0x27, 0x29, 0x2E, 0x66, 0x6F, 0x72, 0x45, 0x61, 0x63, 0x68, 0x28, 0x28, 0x66,
    0x29, 0x20, 0x3D, 0x3E, 0x20, 0x66, 0x2E, 0x72, 0x65, 0x6D, 0x6F, 0x76, 0x65, 0x28, 0x29, 0x29,
    0x3B, 0x0A, 0x20, 0x20, 0x69, 0x66, 0x20, 0x28, 0x21, 0x64, 0x72, 0x61, 0x70, 0x65, 0x61, 0x75,
    0x45, 0x6E, 0x4D, 0x61, 0x69, 0x6E, 0x29, 0x20, 0x72, 0x65, 0x74, 0x75, 0x72, 0x6E, 0x3B, 0x0A,
    0x20, 0x20, 0x63, 0x6F, 0x6E, 0x73, 0x74, 0x20, 0x7B, 0x20, 0x6C, 0x6F, 0x63, 0x61, 0x6C, 0x65,
    0x20, 0x7D, 0x20, 0x3D, 0x20, 0x68, 0x65, 0x75, 0x72, 0x65, 0x41, 0x75, 0x50, 0x6F, 0x69, 0x6E,
    0x74, 0x28, 0x65, 0x29, 0x3B, 0x0A, 0x20, 0x20, 0x70, 0x6F, 0x73, 0x65, 0x72, 0x44, 0x72, 0x61,
    0x70, 0x65, 0x61, 0x75, 0x28, 0x61, 0x75, 0x6A, 0x6F, 0x75, 0x72, 0x64, 0x68, 0x75, 0x69, 0x28,
    0x29, 0x20, 0x2B, 0x20, 0x27, 0x20, 0x27, 0x20, 0x2B, 0x20, 0x6C, 0x6F, 0x63, 0x61, 0x6C, 0x65,
    0x20, 0x2B, 0x20, 0x27, 0x3A, 0x30, 0x30, 0x27, 0x2C, 0x0A, 0x20, 0x20, 0x20, 0x20, 0x20, 0x20,
    0x20, 0x20, 0x20, 0x20, 0x20, 0x20, 0x20, 0x20, 0x20, 0x60, 0x24, 0x7B, 0x6C, 0x6F, 0x63, 0x61,
    0x6C, 0x65, 0x7D, 0x20, 0xE2, 0x86, 0x92, 0x20, 0x50, 0x24, 0x7B, 0x70, 0x6F, 0x73, 0x74, 0x65,
    0x43, 0x68, 0x6F, 0x69, 0x73, 0x69, 0x7D, 0x60, 0x2C, 0x20, 0x27, 0x66, 0x61, 0x6E, 0x74, 0x6F,
    0x6D, 0x65, 0x27, 0x2C, 0x20, 0x30, 0x29, 0x3B, 0x0A, 0x7D, 0x29, 0x3B, 0x0A, 0x24, 0x28, 0x27,
    0x66, 0x72, 0x69, 0x73, 0x65, 0x27, 0x29, 0x2E, 0x61, 0x64, 0x64, 0x45, 0x76, 0x65, 0x6E, 0x74,
    0x4C, 0x69, 0x73, 0x74, 0x65, 0x6E, 0x65, 0x72, 0x28, 0x27, 0x6D, 0x6F, 0x75, 0x73, 0x65, 0x6C,
    0x65, 0x61, 0x76, 0x65, 0x27, 0x2C, 0x20, 0x28, 0x29, 0x20, 0x3D, 0x3E, 0x0A, 0x20, 0x20, 0x64,
    0x6F, 0x63, 0x75, 0x6D, 0x65, 0x6E, 0x74, 0x2E, 0x71, 0x75, 0x65, 0x72, 0x79, 0x53, 0x65, 0x6C,
    0x65, 0x63, 0x74, 0x6F, 0x72, 0x41, 0x6C, 0x6C, 0x28, 0x27, 0x2E, 0x66, 0x61, 0x6E, 0x74, 0x6F,
    0x6D, 0x65, 0x27, 0x29, 0x2E, 0x66, 0x6F, 0x72, 0x45, 0x61, 0x63, 0x68, 0x28, 0x28, 0x66, 0x29,
    0x20, 0x3D, 0x3E, 0x20, 0x66, 0x2E, 0x72, 0x65, 0x6D, 0x6F, 0x76, 0x65, 0x28, 0x29, 0x29, 0x29,
    0x3B, 0x0A, 0x0A, 0x66, 0x75, 0x6E, 0x63, 0x74, 0x69, 0x6F, 0x6E, 0x20, 0x68, 0x65, 0x75, 0x72,
    0x65, 0x41, 0x75, 0x50, 0x6F, 0x69, 0x6E, 0x74, 0x28, 0x65, 0x29, 0x20, 0x7B, 0x0A, 0x20, 0x20,
    0x63, 0x6F, 0x6E, 0x73, 0x74, 0x20, 0x72, 0x65, 0x63, 0x74, 0x20, 0x3D, 0x20, 0x24, 0x28, 0x27,
    0x66, 0x72, 0x69, 0x73, 0x65, 0x27, 0x29, 0x2E, 0x67, 0x65, 0x74, 0x42, 0x6F, 0x75, 0x6E, 0x64,
    0x69, 0x6E, 0x67, 0x43, 0x6C, 0x69, 0x65, 0x6E, 0x74, 0x52, 0x65, 0x63, 0x74, 0x28, 0x29, 0x3B,
    0x0A, 0x20, 0x20, 0x63, 0x6F, 0x6E, 0x73, 0x74, 0x20, 0x66, 0x72, 0x61, 0x63, 0x20, 0x3D, 0x20,
    0x4D, 0x61, 0x74, 0x68, 0x2E, 0x6D, 0x69, 0x6E, 0x28, 0x4D, 0x61, 0x74, 0x68, 0x2E, 0x6D, 0x61,
    0x78, 0x28, 0x28, 0x65, 0x2E, 0x63, 0x6C, 0x69, 0x65, 0x6E, 0x74, 0x58, 0x20, 0x2D, 0x20, 0x72,
    0x65, 0x63, 0x74, 0x2E, 0x6C, 0x65, 0x66, 0x74, 0x29, 0x20, 0x2F, 0x20, 0x72, 0x65, 0x63, 0x74,
    0x2E, 0x77, 0x69, 0x64, 0x74, 0x68, 0x2C, 0x20, 0x30, 0x29, 0x2C, 0x20, 0x31, 0x29, 0x3B, 0x0A,
    0x20, 0x20, 0x63, 0x6F, 0x6E, 0x73, 0x74, 0x20, 0x6D, 0x69, 0x6E, 0x75, 0x74, 0x65, 0x73, 0x20,
    0x3D, 0x20, 0x4D, 0x61, 0x74, 0x68, 0x2E, 0x72, 0x6F, 0x75, 0x6E, 0x64, 0x28, 0x66, 0x72, 0x61,
    0x63, 0x20, 0x2A, 0x20, 0x31, 0x34, 0x34, 0x30, 0x20, 0x2F, 0x20, 0x35, 0x29, 0x20, 0x2A, 0x20,
    0x35, 0x3B, 0x20, 0x20, 0x20, 0x2F, 0x2F, 0x20, 0x70, 0x61, 0x73, 0x20, 0x64, 0x65, 0x20, 0x35,
    0x20, 0x6D, 0x69, 0x6E, 0x75, 0x74, 0x65, 0x73, 0x0A, 0x20, 0x20, 0x63, 0x6F, 0x6E, 0x73, 0x74,
    0x20, 0x68, 0x20, 0x3D, 0x20, 0x53, 0x74, 0x72, 0x69, 0x6E, 0x67, 0x28, 0x4D, 0x61, 0x74, 0x68,
    0x2E, 0x6D, 0x69, 0x6E, 0x28, 0x32, 0x33, 0x2C, 0x20, 0x4D, 0x61, 0x74, 0x68, 0x2E, 0x66, 0x6C,
    0x6F, 0x6F, 0x72, 0x28, 0x6D, 0x69, 0x6E, 0x75, 0x74, 0x65, 0x73, 0x20, 0x2F, 0x20, 0x36, 0x30,
    0x29, 0x29, 0x29, 0x2E, 0x70, 0x61, 0x64, 0x53, 0x74, 0x61, 0x72, 0x74, 0x28, 0x32, 0x2C, 0x20,
    0x27, 0x30, 0x27, 0x29, 0x3B, 0x0A, 0x20, 0x20, 0x63, 0x6F, 0x6E, 0x73, 0x74, 0x20, 0x6D, 0x20,
    0x3D, 0x20, 0x53, 0x74, 0x72, 0x69, 0x6E, 0x67, 0x28, 0x6D, 0x69, 0x6E, 0x75, 0x74, 0x65, 0x73,
    0x20, 0x25, 0x20, 0x36, 0x30, 0x29, 0x2E, 0x70, 0x61, 0x64, 0x53, 0x74, 0x61, 0x72, 0x74, 0x28,
    0x32, 0x2C, 0x20, 0x27, 0x30, 0x27, 0x29, 0x3B, 0x0A, 0x20, 0x20, 0x72, 0x65, 0x74, 0x75, 0x72,
    0x6E, 0x20, 0x7B, 0x20, 0x6C, 0x6F, 0x63, 0x61, 0x6C, 0x65, 0x3A, 0x20, 0x60, 0x24, 0x7B, 0x68,
    0x7D, 0x3A, 0x24, 0x7B, 0x6D, 0x7D, 0x60, 0x2C, 0x20, 0x6D, 0x69, 0x6E, 0x75, 0x74, 0x65, 0x73,
    0x20, 0x7D, 0x3B, 0x0A, 0x7D, 0x0A, 0x0A, 0x24, 0x28, 0x27, 0x66, 0x72, 0x69, 0x73, 0x65, 0x27,
    0x29, 0x2E, 0x61, 0x64, 0x64, 0x45, 0x76, 0x65, 0x6E, 0x74, 0x4C, 0x69, 0x73, 0x74, 0x65, 0x6E,
    0x65, 0x72, 0x28, 0x27, 0x63, 0x6C, 0x69, 0x63, 0x6B, 0x27, 0x2C, 0x20, 0x61, 0x73, 0x79, 0x6E,
    0x63, 0x20, 0x28, 0x65, 0x29, 0x20, 0x3D, 0x3E, 0x20, 0x7B, 0x0A, 0x20, 0x20, 0x69, 0x66, 0x20,
    0x28, 0x21, 0x64, 0x72, 0x61, 0x70, 0x65, 0x61, 0x75, 0x45, 0x6E, 0x4D, 0x61, 0x69, 0x6E, 0x29,
    0x20, 0x72, 0x65, 0x74, 0x75, 0x72, 0x6E, 0x3B, 0x0A, 0x20, 0x20, 0x63, 0x6F, 0x6E, 0x73, 0x74,
    0x20, 0x7B, 0x20, 0x6C, 0x6F, 0x63, 0x61, 0x6C, 0x65, 0x20, 0x7D, 0x20, 0x3D, 0x20, 0x68, 0x65,
    0x75, 0x72, 0x65, 0x41, 0x75, 0x50, 0x6F, 0x69, 0x6E, 0x74, 0x28, 0x65, 0x29, 0x3B, 0x0A, 0x20,
    0x20, 0x69, 0x66, 0x20, 0x28, 0x61, 0x75, 0x6A, 0x6F, 0x75, 0x72, 0x64, 0x68, 0x75, 0x69, 0x28,
    0x29, 0x20, 0x2B, 0x20, 0x27, 0x20, 0x27, 0x20, 0x2B, 0x20, 0x6C, 0x6F, 0x63, 0x61, 0x6C, 0x65,
    0x20, 0x2B, 0x20, 0x27, 0x3A, 0x30, 0x30, 0x27, 0x20, 0x3C, 0x3D, 0x20, 0x65, 0x74, 0x61, 0x74,
    0x54, 0x65, 0x6D, 0x70, 0x73, 0x2E, 0x6C, 0x6F, 0x63, 0x61, 0x6C, 0x65, 0x29, 0x20, 0x7B, 0x0A,
    0x20, 0x20, 0x20, 0x20, 0x74, 0x6F, 0x61, 0x73, 0x74, 0x28, 0x60, 0x24, 0x7B, 0x6C, 0x6F, 0x63,
    0x61, 0x6C, 0x65, 0x7D, 0x20, 0x65, 0x73, 0x74, 0x20, 0x64, 0xC3, 0xA9, 0x6A, 0xC3, 0xA0, 0x20,
    0x70, 0x61, 0x73, 0x73, 0xC3, 0xA9, 0x20, 0x3A, 0x20, 0x70, 0x6C, 0x61, 0x63, 0x65, 0x7A, 0x20,
    0x6C, 0x65, 0x20, 0x64, 0x72, 0x61, 0x70, 0x65, 0x61, 0x75, 0x20, 0xC3, 0xA0, 0x20, 0x64, 0x72,
    0x6F, 0x69, 0x74, 0x65, 0x20, 0x64, 0x75, 0x20, 0x63, 0x75, 0x72, 0x73, 0x65, 0x75, 0x72, 0x2E,
    0x60, 0x29, 0x3B, 0x0A, 0x20, 0x20, 0x20, 0x20, 0x72, 0x65, 0x74, 0x75, 0x72, 0x6E, 0x3B, 0x0A,
    0x20, 0x20, 0x7D, 0x0A, 0x20, 0x20, 0x2F, 0x2F, 0x20, 0x4C, 0x27, 0x41, 0x47, 0x56, 0x20, 0x6E,
    0x65, 0x20, 0x66, 0x61, 0x69, 0x74, 0x20, 0x71, 0x75, 0x27, 0x75, 0x6E, 0x20, 0x74, 0x72, 0x61,
    0x6A, 0x65, 0x74, 0x20, 0xC3, 0xA0, 0x20, 0x6C, 0x61, 0x20, 0x66, 0x6F, 0x69, 0x73, 0x20, 0x3A,
    0x20, 0x6C, 0x65, 0x20, 0x73, 0xC3, 0xA9, 0x71, 0x75, 0x65, 0x6E, 0x63, 0x65, 0x75, 0x72, 0x20,
    0x72, 0x65, 0x66, 0x75, 0x73, 0x65, 0x20, 0x64, 0x27, 0x65, 0x6D, 0x70, 0x69, 0x6C, 0x65, 0x72,
    0x20, 0x75, 0x6E, 0x65, 0x0A, 0x20, 0x20, 0x2F, 0x2F, 0x20, 0x64, 0x65, 0x73, 0x74, 0x69, 0x6E,
    0x61, 0x74, 0x69, 0x6F, 0x6E, 0x20, 0x74, 0x61, 0x6E, 0x74, 0x20, 0x71, 0x75, 0x65, 0x20, 0x6C,
    0x61, 0x20, 0x70, 0x72, 0xC3, 0xA9, 0x63, 0xC3, 0xA9, 0x64, 0x65, 0x6E, 0x74, 0x65, 0x20, 0x6E,
    0x27, 0x65, 0x73, 0x74, 0x20, 0x70, 0x61, 0x73, 0x20, 0x61, 0x63, 0x71, 0x75, 0x69, 0x74, 0x74,
    0xC3, 0xA9, 0x65, 0x20, 0x28, 0xC2, 0xA7, 0x35, 0x29, 0x2E, 0x20, 0x41, 0x75, 0x74, 0x61, 0x6E,
    0x74, 0x20, 0x6C, 0x65, 0x0A, 0x20, 0x20, 0x2F, 0x2F, 0x20, 0x64, 0x69, 0x72, 0x65, 0x20, 0xC3,
    0xA0, 0x20, 0x6C, 0x61, 0x20, 0x73, 0x61, 0x69, 0x73, 0x69, 0x65, 0x20, 0x70, 0x6C, 0x75, 0x74,
    0xC3, 0xB4, 0x74, 0x20, 0x71, 0x75, 0x65, 0x20, 0x64, 0x65, 0x20, 0x70, 0x65, 0x72, 0x64, 0x72,
    0x65, 0x20, 0x75, 0x6E, 0x20, 0x64, 0xC3, 0xA9, 0x70, 0x61, 0x72, 0x74, 0x20, 0x65, 0x6E, 0x20,
    0x65, 0x78, 0x70, 0x6C, 0x6F, 0x69, 0x74, 0x61, 0x74, 0x69, 0x6F, 0x6E, 0x2E, 0x0A, 0x20, 0x20,
    0x63, 0x6F, 0x6E, 0x73, 0x74, 0x20, 0x64, 0x75, 0x72, 0x65, 0x65, 0x4D, 0x69, 0x6E, 0x20, 0x3D,
    0x20, 0x4D, 0x61, 0x74, 0x68, 0x2E, 0x72, 0x6F, 0x75, 0x6E, 0x64, 0x28, 0x28, 0x65, 0x74, 0x61,
    0x74, 0x54, 0x65, 0x6D, 0x70, 0x73, 0x2E, 0x64, 0x75, 0x72, 0x65, 0x65, 0x5F, 0x6D, 0x69, 0x73,
    0x73, 0x69, 0x6F, 0x6E, 0x5F, 0x73, 0x20, 0x7C, 0x7C, 0x20, 0x33, 0x30, 0x30, 0x29, 0x20, 0x2F,
    0x20, 0x36, 0x30, 0x29, 0x3B, 0x0A, 0x20, 0x20, 0x63, 0x6F, 0x6E, 0x73, 0x74, 0x20, 0x5B, 0x68,
    0x68, 0x2C, 0x20, 0x6D, 0x6D, 0x5D, 0x20, 0x3D, 0x20, 0x6C, 0x6F, 0x63, 0x61, 0x6C, 0x65, 0x2E,
    0x73, 0x70, 0x6C, 0x69, 0x74, 0x28, 0x27, 0x3A, 0x27, 0x29, 0x2E, 0x6D, 0x61, 0x70, 0x28, 0x4E,
    0x75, 0x6D, 0x62, 0x65, 0x72, 0x29, 0x3B, 0x0A, 0x20, 0x20, 0x63, 0x6F, 0x6E, 0x73, 0x74, 0x20,
    0x6D, 0x69, 0x6E, 0x75, 0x74, 0x65, 0x73, 0x20, 0x3D, 0x20, 0x68, 0x68, 0x20, 0x2A, 0x20, 0x36,
    0x30, 0x20, 0x2B, 0x20, 0x6D, 0x6D, 0x3B, 0x0A, 0x20, 0x20, 0x63, 0x6F, 0x6E, 0x73, 0x74, 0x20,
    0x76, 0x6F, 0x69, 0x73, 0x69, 0x6E, 0x20, 0x3D, 0x20, 0x6A, 0x6F, 0x75, 0x72, 0x2E, 0x66, 0x69,
    0x6E, 0x64, 0x28, 0x28, 0x6F, 0x29, 0x20, 0x3D, 0x3E, 0x20, 0x7B, 0x0A, 0x20, 0x20, 0x20, 0x20,
    0x63, 0x6F, 0x6E, 0x73, 0x74, 0x20, 0x5B, 0x6F, 0x68, 0x2C, 0x20, 0x6F, 0x6D, 0x5D, 0x20, 0x3D,
    0x20, 0x6F, 0x2E, 0x6C, 0x6F, 0x63, 0x61, 0x6C, 0x65, 0x2E, 0x73, 0x6C, 0x69, 0x63, 0x65, 0x28,
    0x31, 0x31, 0x2C, 0x20, 0x31, 0x36, 0x29, 0x2E, 0x73, 0x70, 0x6C, 0x69, 0x74, 0x28, 0x27, 0x3A,
    0x27, 0x29, 0x2E, 0x6D, 0x61, 0x70, 0x28, 0x4E, 0x75, 0x6D, 0x62, 0x65, 0x72, 0x29, 0x3B, 0x0A,
    0x20, 0x20, 0x20, 0x20, 0x72, 0x65, 0x74, 0x75, 0x72, 0x6E, 0x20, 0x4D, 0x61, 0x74, 0x68, 0x2E,
    0x61, 0x62, 0x73, 0x28, 0x6F, 0x68, 0x20, 0x2A, 0x20, 0x36, 0x30, 0x20, 0x2B, 0x20, 0x6F, 0x6D,
    0x20, 0x2D, 0x20, 0x6D, 0x69, 0x6E, 0x75, 0x74, 0x65, 0x73, 0x29, 0x20, 0x3C, 0x20, 0x64, 0x75,
    0x72, 0x65, 0x65, 0x4D, 0x69, 0x6E, 0x3B, 0x0A, 0x20, 0x20, 0x7D, 0x29, 0x3B, 0x0A, 0x20, 0x20,
    0x69, 0x66, 0x20, 0x28, 0x76, 0x6F, 0x69, 0x73, 0x69, 0x6E, 0x29, 0x20, 0x7B, 0x0A, 0x20, 0x20,
    0x20, 0x20, 0x74, 0x6F, 0x61, 0x73, 0x74, 0x28, 0x60, 0x54, 0x72, 0x6F, 0x70, 0x20, 0x70, 0x72,
    0xC3, 0xA8, 0x73, 0x20, 0x64, 0x65, 0x20, 0x24, 0x7B, 0x76, 0x6F, 0x69, 0x73, 0x69, 0x6E, 0x2E,
    0x6C, 0x6F, 0x63, 0x61, 0x6C, 0x65, 0x2E, 0x73, 0x6C, 0x69, 0x63, 0x65, 0x28, 0x31, 0x31, 0x2C,
    0x20, 0x31, 0x36, 0x29, 0x7D, 0x20, 0xE2, 0x86, 0x92, 0x20, 0x50, 0x24, 0x7B, 0x76, 0x6F, 0x69,
    0x73, 0x69, 0x6E, 0x2E, 0x73, 0x74, 0x61, 0x74, 0x69, 0x6F, 0x6E, 0x7D, 0x20, 0x3A, 0x20, 0x60,
    0x20, 0x2B, 0x0A, 0x20, 0x20, 0x20, 0x20, 0x20, 0x20, 0x20, 0x20, 0x20, 0x20, 0x60, 0x75, 0x6E,
    0x20, 0x74, 0x72, 0x61, 0x6A, 0x65, 0x74, 0x20, 0x64, 0x75, 0x72, 0x65, 0x20, 0x24, 0x7B, 0x64,
    0x75, 0x72, 0x65, 0x65, 0x4D, 0x69, 0x6E, 0x7D, 0x20, 0x6D, 0x69, 0x6E, 0x2C, 0x20, 0x6C, 0x27,
    0x41, 0x47, 0x56, 0x20, 0x73, 0x65, 0x72, 0x61, 0x69, 0x74, 0x20, 0x65, 0x6E, 0x63, 0x6F, 0x72,
    0x65, 0x20, 0x65, 0x6E, 0x20, 0x72, 0x6F, 0x75, 0x74, 0x65, 0x2E, 0x60, 0x29, 0x3B, 0x0A, 0x20,
    0x20, 0x20, 0x20, 0x72, 0x65, 0x74, 0x75, 0x72, 0x6E, 0x3B, 0x0A, 0x20, 0x20, 0x7D, 0x0A, 0x20,
    0x20, 0x63, 0x6F, 0x6E, 0x73, 0x74, 0x20, 0x64, 0x61, 0x74, 0x65, 0x20, 0x3D, 0x20, 0x4E, 0x75,
    0x6D, 0x62, 0x65, 0x72, 0x28, 0x61, 0x75, 0x6A, 0x6F, 0x75, 0x72, 0x64, 0x68, 0x75, 0x69, 0x28,
    0x29, 0x2E, 0x72, 0x65, 0x70, 0x6C, 0x61, 0x63, 0x65, 0x41, 0x6C, 0x6C, 0x28, 0x27, 0x2D, 0x27,
    0x2C, 0x20, 0x27, 0x27, 0x29, 0x29, 0x3B, 0x0A, 0x20, 0x20, 0x6C, 0x65, 0x74, 0x20, 0x69, 0x64,
    0x20, 0x3D, 0x20, 0x60, 0x70, 0x24, 0x7B, 0x70, 0x6F, 0x73, 0x74, 0x65, 0x43, 0x68, 0x6F, 0x69,
    0x73, 0x69, 0x7D, 0x2D, 0x24, 0x7B, 0x6C, 0x6F, 0x63, 0x61, 0x6C, 0x65, 0x2E, 0x72, 0x65, 0x70,
    0x6C, 0x61, 0x63, 0x65, 0x28, 0x27, 0x3A, 0x27, 0x2C, 0x20, 0x27, 0x27, 0x29, 0x7D, 0x60, 0x3B,
    0x0A, 0x20, 0x20, 0x77, 0x68, 0x69, 0x6C, 0x65, 0x20, 0x28, 0x65, 0x6E, 0x74, 0x72, 0x65, 0x65,
    0x73, 0x2E, 0x73, 0x6F, 0x6D, 0x65, 0x28, 0x28, 0x78, 0x29, 0x20, 0x3D, 0x3E, 0x20, 0x78, 0x2E,
    0x69, 0x64, 0x20, 0x3D, 0x3D, 0x3D, 0x20, 0x69, 0x64, 0x29, 0x29, 0x20, 0x69, 0x64, 0x20, 0x2B,
    0x3D, 0x20, 0x27, 0x62, 0x27, 0x3B, 0x0A, 0x20, 0x20, 0x63, 0x6F, 0x6E, 0x73, 0x74, 0x20, 0x6E,
    0x6F, 0x75, 0x76, 0x65, 0x6C, 0x6C, 0x65, 0x73, 0x20, 0x3D, 0x20, 0x65, 0x6E, 0x74, 0x72, 0x65,
    0x65, 0x73, 0x2E, 0x63, 0x6F, 0x6E, 0x63, 0x61, 0x74, 0x28, 0x5B, 0x7B, 0x20, 0x69, 0x64, 0x2C,
    0x20, 0x68, 0x65, 0x75, 0x72, 0x65, 0x3A, 0x20, 0x6C, 0x6F, 0x63, 0x61, 0x6C, 0x65, 0x2C, 0x20,
    0x6A, 0x6F, 0x75, 0x72, 0x73, 0x3A, 0x20, 0x31, 0x32, 0x37, 0x2C, 0x0A, 0x20, 0x20, 0x20, 0x20,
    0x64, 0x65, 0x62, 0x75, 0x74, 0x3A, 0x20, 0x64, 0x61, 0x74, 0x65, 0x2C, 0x20, 0x66, 0x69, 0x6E,
    0x3A, 0x20, 0x64, 0x61, 0x74, 0x65, 0x2C, 0x20, 0x73, 0x74, 0x61, 0x74, 0x69, 0x6F, 0x6E, 0x3A,
    0x20, 0x70, 0x6F, 0x73, 0x74, 0x65, 0x43, 0x68, 0x6F, 0x69, 0x73, 0x69, 0x20, 0x7D, 0x5D, 0x29,
    0x3B, 0x0A, 0x20, 0x20, 0x64, 0x72, 0x61, 0x70, 0x65, 0x61, 0x75, 0x45, 0x6E, 0x4D, 0x61, 0x69,
    0x6E, 0x20, 0x3D, 0x20, 0x66, 0x61, 0x6C, 0x73, 0x65, 0x3B, 0x0A, 0x20, 0x20, 0x61, 0x77, 0x61,
    0x69, 0x74, 0x20, 0x70, 0x75, 0x62, 0x6C, 0x69, 0x65, 0x72, 0x28, 0x6E, 0x6F, 0x75, 0x76, 0x65,
    0x6C, 0x6C, 0x65, 0x73, 0x2C, 0x0A, 0x20, 0x20, 0x20, 0x20, 0x60, 0x44, 0xC3, 0xA9, 0x70, 0x61,
    0x72, 0x74, 0x20, 0x24, 0x7B, 0x6C, 0x6F, 0x63, 0x61, 0x6C, 0x65, 0x7D, 0x20, 0xE2, 0x86, 0x92,
    0x20, 0x70, 0x6F, 0x73, 0x74, 0x65, 0x20, 0x24, 0x7B, 0x70, 0x6F, 0x73, 0x74, 0x65, 0x43, 0x68,
    0x6F, 0x69, 0x73, 0x69, 0x7D, 0x20, 0x61, 0x6A, 0x6F, 0x75, 0x74, 0xC3, 0xA9, 0x2E, 0x20, 0x52,
    0x65, 0x76, 0x61, 0x6C, 0x69, 0x64, 0x65, 0x7A, 0x20, 0x6C, 0x61, 0x20, 0x6A, 0x6F, 0x75, 0x72,
    0x6E, 0xC3, 0xA9, 0x65, 0x20, 0x70, 0x6F, 0x75, 0x72, 0x20, 0x71, 0x75, 0x27, 0x69, 0x6C, 0x20,
    0x70, 0x61, 0x72, 0x74, 0x65, 0x2E, 0x60, 0x29, 0x3B, 0x0A, 0x7D, 0x29, 0x3B, 0x0A, 0x0A, 0x61,
    0x73, 0x79, 0x6E, 0x63, 0x20, 0x66, 0x75, 0x6E, 0x63, 0x74, 0x69, 0x6F, 0x6E, 0x20, 0x72, 0x65,
    0x74, 0x69, 0x72, 0x65, 0x72, 0x28, 0x6F, 0x63, 0x63, 0x29, 0x20, 0x7B, 0x0A, 0x20, 0x20, 0x63,
    0x6F, 0x6E, 0x73, 0x74, 0x20, 0x65, 0x6E, 0x74, 0x72, 0x65, 0x65, 0x20, 0x3D, 0x20, 0x65, 0x6E,
    0x74, 0x72, 0x65, 0x65, 0x73, 0x2E, 0x66, 0x69, 0x6E, 0x64, 0x28, 0x28, 0x78, 0x29, 0x20, 0x3D,
    0x3E, 0x20, 0x78, 0x2E, 0x69, 0x64, 0x20, 0x3D, 0x3D, 0x3D, 0x20, 0x6F, 0x63, 0x63, 0x2E, 0x69,
    0x64, 0x29, 0x3B, 0x0A, 0x20, 0x20, 0x69, 0x66, 0x20, 0x28, 0x21, 0x65, 0x6E, 0x74, 0x72, 0x65,
    0x65, 0x29, 0x20, 0x72, 0x65, 0x74, 0x75, 0x72, 0x6E, 0x3B, 0x0A, 0x20, 0x20, 0x63, 0x6F, 0x6E,
    0x73, 0x74, 0x20, 0x72, 0x65, 0x63, 0x75, 0x72, 0x72, 0x65, 0x6E, 0x74, 0x20, 0x3D, 0x20, 0x21,
    0x28, 0x65, 0x6E, 0x74, 0x72, 0x65, 0x65, 0x2E, 0x64, 0x65, 0x62, 0x75, 0x74, 0x20, 0x3D, 0x3D,
    0x3D, 0x20, 0x65, 0x6E, 0x74, 0x72, 0x65, 0x65, 0x2E, 0x66, 0x69, 0x6E, 0x20, 0x26, 0x26, 0x20,
    0x65, 0x6E, 0x74, 0x72, 0x65, 0x65, 0x2E, 0x64, 0x65, 0x62, 0x75, 0x74, 0x20, 0x21, 0x3D, 0x3D,
    0x20, 0x30, 0x29, 0x3B, 0x0A, 0x20, 0x20, 0x63, 0x6F, 0x6E, 0x73, 0x74, 0x20, 0x71, 0x75, 0x65,
    0x73, 0x74, 0x69, 0x6F, 0x6E, 0x20, 0x3D, 0x20, 0x72, 0x65, 0x63, 0x75, 0x72, 0x72, 0x65, 0x6E,
    0x74, 0x0A, 0x20, 0x20, 0x20, 0x20, 0x3F, 0x20, 0x60, 0xC2, 0xAB, 0x20, 0x24, 0x7B, 0x6F, 0x63,
    0x63, 0x2E, 0x69, 0x64, 0x7D, 0x20, 0xC2, 0xBB, 0x20, 0x65, 0x73, 0x74, 0x20, 0x75, 0x6E, 0x20,
    0x64, 0xC3, 0xA9, 0x70, 0x61, 0x72, 0x74, 0x20, 0x52, 0xC3, 0x89, 0x43, 0x55, 0x52, 0x52, 0x45,
    0x4E, 0x54, 0x20, 0x3A, 0x20, 0x6C, 0x65, 0x20, 0x72, 0x65, 0x74, 0x69, 0x72, 0x65, 0x72, 0x20,
    0x6C, 0x65, 0x20, 0x73, 0x75, 0x70, 0x70, 0x72, 0x69, 0x6D, 0x65, 0x20, 0x70, 0x6F, 0x75, 0x72,
    0x20, 0x74, 0x6F, 0x75, 0x73, 0x20, 0x6C, 0x65, 0x73, 0x20, 0x6A, 0x6F, 0x75, 0x72, 0x73, 0x2E,
    0x20, 0x43, 0x6F, 0x6E, 0x74, 0x69, 0x6E, 0x75, 0x65, 0x72, 0x20, 0x3F, 0x60, 0x0A, 0x20, 0x20,
    0x20, 0x20, 0x3A, 0x20, 0x60, 0x52, 0x65, 0x74, 0x69, 0x72, 0x65, 0x72, 0x20, 0x6C, 0x65, 0x20,
    0x64, 0xC3, 0xA9, 0x70, 0x61, 0x72, 0x74, 0x20, 0x64, 0x65, 0x20, 0x24, 0x7B, 0x6F, 0x63, 0x63,
    0x2E, 0x6C, 0x6F, 0x63, 0x61, 0x6C, 0x65, 0x2E, 0x73, 0x6C, 0x69, 0x63, 0x65, 0x28, 0x31, 0x31,
    0x2C, 0x20, 0x31, 0x36, 0x29, 0x7D, 0x20, 0x76, 0x65, 0x72, 0x73, 0x20, 0x6C, 0x65, 0x20, 0x70,
    0x6F, 0x73, 0x74, 0x65, 0x20, 0x24, 0x7B, 0x6F, 0x63, 0x63, 0x2E, 0x73, 0x74, 0x61, 0x74, 0x69,
    0x6F, 0x6E, 0x7D, 0x20, 0x3F, 0x60, 0x3B, 0x0A, 0x20, 0x20, 0x69, 0x66, 0x20, 0x28, 0x21, 0x63,
    0x6F, 0x6E, 0x66, 0x69, 0x72, 0x6D, 0x28, 0x71, 0x75, 0x65, 0x73, 0x74, 0x69, 0x6F, 0x6E, 0x29,
    0x29, 0x20, 0x72, 0x65, 0x74, 0x75, 0x72, 0x6E, 0x3B, 0x0A, 0x20, 0x20, 0x61, 0x77, 0x61, 0x69,
    0x74, 0x20, 0x70, 0x75, 0x62, 0x6C, 0x69, 0x65, 0x72, 0x28, 0x65, 0x6E, 0x74, 0x72, 0x65, 0x65,
    0x73, 0x2E, 0x66, 0x69, 0x6C, 0x74, 0x65, 0x72, 0x28, 0x28, 0x78, 0x29, 0x20, 0x3D, 0x3E, 0x20,
    0x78, 0x2E, 0x69, 0x64, 0x20, 0x21, 0x3D, 0x3D, 0x20, 0x6F, 0x63, 0x63, 0x2E, 0x69, 0x64, 0x29,
    0x2C, 0x20, 0x27, 0x44, 0xC3, 0xA9, 0x70, 0x61, 0x72, 0x74, 0x20, 0x72, 0x65, 0x74, 0x69, 0x72,
    0xC3, 0xA9, 0x2E, 0x20, 0x52, 0x65, 0x76, 0x61, 0x6C, 0x69, 0x64, 0x65, 0x7A, 0x20, 0x6C, 0x61,
    0x20, 0x6A, 0x6F, 0x75, 0x72, 0x6E, 0xC3, 0xA9, 0x65, 0x2E, 0x27, 0x29, 0x3B, 0x0A, 0x7D, 0x0A,
    0x0A, 0x61, 0x73, 0x79, 0x6E, 0x63, 0x20, 0x66, 0x75, 0x6E, 0x63, 0x74, 0x69, 0x6F, 0x6E, 0x20,
    0x70, 0x75, 0x62, 0x6C, 0x69, 0x65, 0x72, 0x28, 0x6E, 0x6F, 0x75, 0x76, 0x65, 0x6C, 0x6C, 0x65,
    0x73, 0x2C, 0x20, 0x6D, 0x65, 0x73, 0x73, 0x61, 0x67, 0x65, 0x4F, 0x6B, 0x29, 0x20, 0x7B, 0x0A,
    0x20, 0x20, 0x63, 0x6F, 0x6E, 0x73, 0x74, 0x20, 0x72, 0x20, 0x3D, 0x20, 0x61, 0x77, 0x61, 0x69,
    0x74, 0x20, 0x61, 0x70, 0x69, 0x28, 0x27, 0x50, 0x55, 0x54, 0x27, 0x2C, 0x20, 0x27, 0x2F, 0x61,
    0x70, 0x69, 0x2F, 0x70, 0x6C, 0x61, 0x6E, 0x6E, 0x69, 0x6E, 0x67, 0x27, 0x2C, 0x0A, 0x20, 0x20,
    0x20, 0x20, 0x7B, 0x20, 0x73, 0x63, 0x68, 0x65, 0x6D, 0x61, 0x3A, 0x20, 0x31, 0x2C, 0x20, 0x65,
    0x6E, 0x74, 0x72, 0x65, 0x65, 0x73, 0x3A, 0x20, 0x6E, 0x6F, 0x75, 0x76, 0x65, 0x6C, 0x6C, 0x65,
    0x73, 0x20, 0x7D, 0x2C, 0x20, 0x7B, 0x20, 0x27, 0x49, 0x66, 0x2D, 0x4D, 0x61, 0x74, 0x63, 0x68,
    0x27, 0x3A, 0x20, 0x65, 0x74, 0x61, 0x67, 0x20, 0x7D, 0x29, 0x3B, 0x0A, 0x20, 0x20, 0x69, 0x66,
    0x20, 0x28, 0x72, 0x2E, 0x63, 0x6F, 0x64, 0x65, 0x20, 0x3D, 0x3D, 0x3D, 0x20, 0x34, 0x30, 0x39,
    0x29, 0x20, 0x7B, 0x0A, 0x20, 0x20, 0x20, 0x20, 0x61, 0x77, 0x61, 0x69, 0x74, 0x20, 0x63, 0x68,
    0x61, 0x72, 0x67, 0x65, 0x72, 0x50, 0x6C, 0x61, 0x6E, 0x6E, 0x69, 0x6E, 0x67, 0x28, 0x29, 0x3B,
    0x0A, 0x20, 0x20, 0x20, 0x20, 0x74, 0x6F, 0x61, 0x73, 0x74, 0x28, 0x27, 0x4C, 0x65, 0x20, 0x70,
    0x6C, 0x61, 0x6E, 0x6E, 0x69, 0x6E, 0x67, 0x20, 0x61, 0x20, 0xC3, 0xA9, 0x74, 0xC3, 0xA9, 0x20,
    0x6D, 0x6F, 0x64, 0x69, 0x66, 0x69, 0xC3, 0xA9, 0x20, 0x61, 0x69, 0x6C, 0x6C, 0x65, 0x75, 0x72,
    0x73, 0x20, 0x3A, 0x20, 0x72, 0x65, 0x63, 0x68, 0x61, 0x72, 0x67, 0xC3, 0xA9, 0x2C, 0x20, 0x72,
    0x65, 0x63, 0x6F, 0x6D, 0x6D, 0x65, 0x6E, 0x63, 0x65, 0x7A, 0x20, 0x76, 0x6F, 0x74, 0x72, 0x65,
    0x20, 0x67, 0x65, 0x73, 0x74, 0x65, 0x2E, 0x27, 0x29, 0x3B, 0x0A, 0x20, 0x20, 0x20, 0x20, 0x72,
    0x65, 0x74, 0x75, 0x72, 0x6E, 0x3B, 0x0A, 0x20, 0x20, 0x7D, 0x0A, 0x20, 0x20, 0x69, 0x66, 0x20,
    0x28, 0x21, 0x72, 0x2E, 0x6F, 0x6B, 0x29, 0x20, 0x7B, 0x0A, 0x20, 0x20, 0x20, 0x20, 0x74, 0x6F,
    0x61, 0x73, 0x74, 0x28, 0x27, 0x52, 0x65, 0x66, 0x75, 0x73, 0xC3, 0xA9, 0x20, 0x3A, 0x20, 0x27,
    0x20, 0x2B, 0x20, 0x28, 0x72, 0x2E, 0x64, 0x61, 0x74, 0x61, 0x2E, 0x65, 0x72, 0x72, 0x65, 0x75,
    0x72, 0x20, 0x7C, 0x7C, 0x20, 0x27, 0x48, 0x54, 0x54, 0x50, 0x20, 0x27, 0x20, 0x2B, 0x20, 0x72,
    0x2E, 0x63, 0x6F, 0x64, 0x65, 0x29, 0x29, 0x3B, 0x0A, 0x20, 0x20, 0x20, 0x20, 0x72, 0x65, 0x74,
    0x75, 0x72, 0x6E, 0x3B, 0x0A, 0x20, 0x20, 0x7D, 0x0A, 0x20, 0x20, 0x65, 0x74, 0x61, 0x67, 0x20,
    0x3D, 0x20, 0x72, 0x2E, 0x65, 0x74, 0x61, 0x67, 0x3B, 0x0A, 0x20, 0x20, 0x65, 0x6E, 0x74, 0x72,
    0x65, 0x65, 0x73, 0x20, 0x3D, 0x20, 0x6E, 0x6F, 0x75, 0x76, 0x65, 0x6C, 0x6C, 0x65, 0x73, 0x3B,
    0x0A, 0x20, 0x20, 0x74, 0x6F, 0x61, 0x73, 0x74, 0x28, 0x6D, 0x65, 0x73, 0x73, 0x61, 0x67, 0x65,
    0x4F, 0x6B, 0x29, 0x3B, 0x0A, 0x20, 0x20, 0x72, 0x65, 0x6E, 0x64, 0x72, 0x65, 0x50, 0x6F, 0x73,
    0x74, 0x65, 0x73, 0x28, 0x29, 0x3B, 0x0A, 0x20, 0x20, 0x72, 0x61, 0x66, 0x72, 0x61, 0x69, 0x63,
    0x68, 0x69, 0x72, 0x28, 0x29, 0x3B, 0x0A, 0x7D, 0x0A, 0x0A, 0x2F, 0x2F, 0x20, 0x2D, 0x2D, 0x2D,
    0x20, 0x41, 0x63, 0x74, 0x69, 0x6F, 0x6E, 0x73, 0x20, 0x2D, 0x2D, 0x2D, 0x2D, 0x2D, 0x2D, 0x2D,
    0x2D, 0x2D, 0x2D, 0x2D, 0x2D, 0x2D, 0x2D, 0x2D, 0x2D, 0x2D, 0x2D, 0x2D, 0x2D, 0x2D, 0x2D, 0x2D,
    0x2D, 0x2D, 0x2D, 0x2D, 0x2D, 0x2D, 0x2D, 0x2D, 0x2D, 0x2D, 0x2D, 0x2D, 0x2D, 0x2D, 0x2D, 0x2D,
    0x2D, 0x2D, 0x2D, 0x2D, 0x2D, 0x2D, 0x2D, 0x2D, 0x2D, 0x2D, 0x2D, 0x2D, 0x2D, 0x2D, 0x2D, 0x2D,
    0x2D, 0x2D, 0x2D, 0x2D, 0x2D, 0x2D, 0x2D, 0x2D, 0x2D, 0x0A, 0x61, 0x73, 0x79, 0x6E, 0x63, 0x20,
    0x66, 0x75, 0x6E, 0x63, 0x74, 0x69, 0x6F, 0x6E, 0x20, 0x76, 0x61, 0x6C, 0x69, 0x64, 0x65, 0x72,
    0x28, 0x29, 0x20, 0x7B, 0x0A, 0x20, 0x20, 0x63, 0x6F, 0x6E, 0x73, 0x74, 0x20, 0x70, 0x61, 0x72,
    0x20, 0x3D, 0x20, 0x24, 0x28, 0x27, 0x76, 0x61, 0x6C, 0x69, 0x64, 0x65, 0x2D, 0x70, 0x61, 0x72,
    0x27, 0x29, 0x2E, 0x76, 0x61, 0x6C, 0x75, 0x65, 0x2E, 0x74, 0x72, 0x69, 0x6D, 0x28, 0x29, 0x3B,
    0x0A, 0x20, 0x20, 0x69, 0x66, 0x20, 0x28, 0x21, 0x70, 0x61, 0x72, 0x29, 0x20, 0x7B, 0x20, 0x74,
    0x6F, 0x61, 0x73, 0x74, 0x28, 0x27, 0x49, 0x6E, 0x64, 0x69, 0x71, 0x75, 0x65, 0x7A, 0x20, 0x76,
    0x6F, 0x74, 0x72, 0x65, 0x20, 0x6E, 0x6F, 0x6D, 0x20, 0x3A, 0x20, 0x6C, 0x61, 0x20, 0x76, 0x61,
    0x6C, 0x69, 0x64, 0x61, 0x74, 0x69, 0x6F, 0x6E, 0x20, 0x65, 0x73, 0x74, 0x20, 0x74, 0x72, 0x61,
    0x63, 0xC3, 0xA9, 0x65, 0x20, 0x28, 0xC2, 0xA7, 0x33, 0x2E, 0x32, 0x29, 0x2E, 0x27, 0x29, 0x3B,
    0x20, 0x72, 0x65, 0x74, 0x75, 0x72, 0x6E, 0x3B, 0x20, 0x7D, 0x0A, 0x20, 0x20, 0x6C, 0x6F, 0x63,
    0x61, 0x6C, 0x53, 0x74, 0x6F, 0x72, 0x61, 0x67, 0x65, 0x2E, 0x73, 0x65, 0x74, 0x49, 0x74, 0x65,
    0x6D, 0x28, 0x27, 0x61, 0x69, 0x6F, 0x2D, 0x6E, 0x6F, 0x6D, 0x27, 0x2C, 0x20, 0x70, 0x61, 0x72,
    0x29, 0x3B, 0x0A, 0x20, 0x20, 0x63, 0x6F, 0x6E, 0x73, 0x74, 0x20, 0x72, 0x20, 0x3D, 0x20, 0x61,
    0x77, 0x61, 0x69, 0x74, 0x20, 0x61, 0x70, 0x69, 0x28, 0x27, 0x50, 0x4F, 0x53, 0x54, 0x27, 0x2C,
    0x20, 0x27, 0x2F, 0x61, 0x70, 0x69, 0x2F, 0x70, 0x6C, 0x61, 0x6E, 0x6E, 0x69, 0x6E, 0x67, 0x2F,
    0x76, 0x61, 0x6C, 0x69, 0x64, 0x61, 0x74, 0x65, 0x27, 0x2C, 0x20, 0x7B, 0x20, 0x70, 0x61, 0x72,
    0x20, 0x7D, 0x29, 0x3B, 0x0A, 0x20, 0x20, 0x74, 0x6F, 0x61, 0x73, 0x74, 0x28, 0x72, 0x2E, 0x6F,
    0x6B, 0x20, 0x3F, 0x20, 0x27, 0x4A, 0x6F, 0x75, 0x72, 0x6E, 0xC3, 0xA9, 0x65, 0x20, 0x76, 0x61,
    0x6C, 0x69, 0x64, 0xC3, 0xA9, 0x65, 0x2C, 0x20, 0x6C, 0x65, 0x73, 0x20, 0x64, 0xC3, 0xA9, 0x70,
    0x61, 0x72, 0x74, 0x73, 0x20, 0x70, 0x72, 0xC3, 0xA9, 0x76, 0x75, 0x73, 0x20, 0x70, 0x61, 0x72,
    0x74, 0x69, 0x72, 0x6F, 0x6E, 0x74, 0x2E, 0x27, 0x20, 0x3A, 0x20, 0x72, 0x2E, 0x64, 0x61, 0x74,
    0x61, 0x2E, 0x65, 0x72, 0x72, 0x65, 0x75, 0x72, 0x29, 0x3B, 0x0A, 0x20, 0x20, 0x72, 0x61, 0x66,
    0x72, 0x61, 0x69, 0x63, 0x68, 0x69, 0x72, 0x28, 0x29, 0x3B, 0x0A, 0x7D, 0x0A, 0x0A, 0x61, 0x73,
    0x79, 0x6E, 0x63, 0x20, 0x66, 0x75, 0x6E, 0x63, 0x74, 0x69, 0x6F, 0x6E, 0x20, 0x61, 0x63, 0x71,
    0x75, 0x69, 0x74, 0x74, 0x65, 0x72, 0x28, 0x29, 0x20, 0x7B, 0x0A, 0x20, 0x20, 0x63, 0x6F, 0x6E,
    0x73, 0x74, 0x20, 0x70, 0x61, 0x72, 0x20, 0x3D, 0x20, 0x24, 0x28, 0x27, 0x61, 0x63, 0x71, 0x75,
    0x69, 0x74, 0x74, 0x65, 0x2D, 0x70, 0x61, 0x72, 0x27, 0x29, 0x2E, 0x76, 0x61, 0x6C, 0x75, 0x65,
    0x2E, 0x74, 0x72, 0x69, 0x6D, 0x28, 0x29, 0x20, 0x7C, 0x7C, 0x20, 0x24, 0x28, 0x27, 0x76, 0x61,
    0x6C, 0x69, 0x64, 0x65, 0x2D, 0x70, 0x61, 0x72, 0x27, 0x29, 0x2E, 0x76, 0x61, 0x6C, 0x75, 0x65,
    0x2E, 0x74, 0x72, 0x69, 0x6D, 0x28, 0x29, 0x3B, 0x0A, 0x20, 0x20, 0x69, 0x66, 0x20, 0x28, 0x21,
    0x70, 0x61, 0x72, 0x29, 0x20, 0x7B, 0x20, 0x74, 0x6F, 0x61, 0x73, 0x74, 0x28, 0x22, 0x49, 0x6E,
    0x64, 0x69, 0x71, 0x75, 0x65, 0x7A, 0x20, 0x76, 0x6F, 0x74, 0x72, 0x65, 0x20, 0x6E, 0x6F, 0x6D,
    0x20, 0x3A, 0x20, 0x6C, 0x27, 0x61, 0x63, 0x71, 0x75, 0x69, 0x74, 0x74, 0x65, 0x6D, 0x65, 0x6E,
    0x74, 0x20, 0x65, 0x73, 0x74, 0x20, 0x74, 0x72, 0x61, 0x63, 0xC3, 0xA9, 0x2E, 0x22, 0x29, 0x3B,
    0x20, 0x72, 0x65, 0x74, 0x75, 0x72, 0x6E, 0x3B, 0x20, 0x7D, 0x0A, 0x20, 0x20, 0x63, 0x6F, 0x6E,
    0x73, 0x74, 0x20, 0x72, 0x20, 0x3D, 0x20, 0x61, 0x77, 0x61, 0x69, 0x74, 0x20, 0x61, 0x70, 0x69,
    0x28, 0x27, 0x50, 0x4F, 0x53, 0x54, 0x27, 0x2C, 0x20, 0x27, 0x2F, 0x61, 0x70, 0x69, 0x2F, 0x61,
    0x6C, 0x65, 0x72, 0x74, 0x65, 0x2F, 0x61, 0x63, 0x71, 0x75, 0x69, 0x74, 0x74, 0x65, 0x72, 0x27,
    0x2C, 0x20, 0x7B, 0x20, 0x70, 0x61, 0x72, 0x20, 0x7D, 0x29, 0x3B, 0x0A, 0x20, 0x20, 0x74, 0x6F,
    0x61, 0x73, 0x74, 0x28, 0x72, 0x2E, 0x6F, 0x6B, 0x20, 0x3F, 0x20, 0x27, 0x41, 0x6C, 0x65, 0x72,
    0x74, 0x65, 0x20, 0x61, 0x63, 0x71, 0x75, 0x69, 0x74, 0x74, 0xC3, 0xA9, 0x65, 0x20, 0x3A, 0x20,
    0x6C, 0x65, 0x73, 0x20, 0x64, 0xC3, 0xA9, 0x70, 0x61, 0x72, 0x74, 0x73, 0x20, 0x70, 0x72, 0x6F,
    0x67, 0x72, 0x61, 0x6D, 0x6D, 0xC3, 0xA9, 0x73, 0x20, 0x72, 0x65, 0x70, 0x72, 0x65, 0x6E, 0x6E,
    0x65, 0x6E, 0x74, 0x2E, 0x27, 0x0A, 0x20, 0x20, 0x20, 0x20, 0x20, 0x20, 0x20, 0x20, 0x20, 0x20,
    0x20, 0x20, 0x20, 0x3A, 0x20, 0x28, 0x72, 0x2E, 0x64, 0x61, 0x74, 0x61, 0x2E, 0x65, 0x72, 0x72,
    0x65, 0x75, 0x72, 0x20, 0x7C, 0x7C, 0x20, 0x27, 0x72, 0x65, 0x66, 0x75, 0x73, 0xC3, 0xA9, 0x27,
    0x29, 0x29, 0x3B, 0x0A, 0x20, 0x20, 0x72, 0x61, 0x66, 0x72, 0x61, 0x69, 0x63, 0x68, 0x69, 0x72,
    0x28, 0x29, 0x3B, 0x0A, 0x7D, 0x0A, 0x0A, 0x61, 0x73, 0x79, 0x6E, 0x63, 0x20, 0x66, 0x75, 0x6E,
    0x63, 0x74, 0x69, 0x6F, 0x6E, 0x20, 0x61, 0x70, 0x70, 0x65, 0x6C, 0x65, 0x72, 0x28, 0x29, 0x20,
    0x7B, 0x0A, 0x20, 0x20, 0x63, 0x6F, 0x6E, 0x73, 0x74, 0x20, 0x72, 0x20, 0x3D, 0x20, 0x61, 0x77,
    0x61, 0x69, 0x74, 0x20, 0x61, 0x70, 0x69, 0x28, 0x27, 0x50, 0x4F, 0x53, 0x54, 0x27, 0x2C, 0x20,
    0x27, 0x2F, 0x61, 0x70, 0x69, 0x2F, 0x61, 0x70, 0x70, 0x65, 0x6C, 0x27, 0x2C, 0x20, 0x7B, 0x20,
    0x73, 0x74, 0x61, 0x74, 0x69, 0x6F, 0x6E, 0x3A, 0x20, 0x70, 0x6F, 0x73, 0x74, 0x65, 0x43, 0x68,
    0x6F, 0x69, 0x73, 0x69, 0x20, 0x7D, 0x29, 0x3B, 0x0A, 0x20, 0x20, 0x74, 0x6F, 0x61, 0x73, 0x74,
    0x28, 0x72, 0x2E, 0x6F, 0x6B, 0x20, 0x3F, 0x20, 0x60, 0x41, 0x47, 0x56, 0x20, 0x61, 0x70, 0x70,
    0x65, 0x6C, 0xC3, 0xA9, 0x20, 0x61, 0x75, 0x20, 0x70, 0x6F, 0x73, 0x74, 0x65, 0x20, 0x24, 0x7B,
    0x70, 0x6F, 0x73, 0x74, 0x65, 0x43, 0x68, 0x6F, 0x69, 0x73, 0x69, 0x7D, 0x2E, 0x60, 0x20, 0x3A,
    0x20, 0x72, 0x2E, 0x64, 0x61, 0x74, 0x61, 0x2E, 0x65, 0x72, 0x72, 0x65, 0x75, 0x72, 0x29, 0x3B,
    0x0A, 0x20, 0x20, 0x72, 0x61, 0x66, 0x72, 0x61, 0x69, 0x63, 0x68, 0x69, 0x72, 0x28, 0x29, 0x3B,
    0x0A, 0x7D, 0x0A, 0x0A, 0x2F, 0x2F, 0x20, 0x2D, 0x2D, 0x2D, 0x20, 0x47, 0x65, 0x73, 0x74, 0x69,
    0x6F, 0x6E, 0x20, 0x64, 0x65, 0x73, 0x20, 0x70, 0x6F, 0x73, 0x74, 0x65, 0x73, 0x20, 0x28, 0x70,
    0x6F, 0x70, 0x75, 0x70, 0x29, 0x20, 0x2D, 0x2D, 0x2D, 0x2D, 0x2D, 0x2D, 0x2D, 0x2D, 0x2D, 0x2D,
    0x2D, 0x2D, 0x2D, 0x2D, 0x2D, 0x2D, 0x2D, 0x2D, 0x2D, 0x2D, 0x2D, 0x2D, 0x2D, 0x2D, 0x2D, 0x2D,
    0x2D, 0x2D, 0x2D, 0x2D, 0x2D, 0x2D, 0x2D, 0x2D, 0x2D, 0x2D, 0x2D, 0x2D, 0x2D, 0x2D, 0x2D, 0x2D,
    0x2D, 0x2D, 0x0A, 0x66, 0x75, 0x6E, 0x63, 0x74, 0x69, 0x6F, 0x6E, 0x20, 0x61, 0x66, 0x66, 0x69,
    0x63, 0x68, 0x65, 0x72, 0x50, 0x6F, 0x73, 0x74, 0x65, 0x73, 0x28, 0x76, 0x69, 0x73, 0x69, 0x62,
    0x6C, 0x65, 0x29, 0x20, 0x7B, 0x0A, 0x20, 0x20, 0x63, 0x6F, 0x6E, 0x73, 0x74, 0x20, 0x76, 0x6F,
    0x69, 0x6C, 0x65, 0x20, 0x3D, 0x20, 0x24, 0x28, 0x27, 0x76, 0x6F, 0x69, 0x6C, 0x65, 0x2D, 0x70,
    0x6F, 0x73, 0x74, 0x65, 0x73, 0x27, 0x29, 0x3B, 0x0A, 0x20, 0x20, 0x76, 0x6F, 0x69, 0x6C, 0x65,
    0x2E, 0x68, 0x69, 0x64, 0x64, 0x65, 0x6E, 0x20, 0x3D, 0x20, 0x21, 0x76, 0x69, 0x73, 0x69, 0x62,
    0x6C, 0x65, 0x3B, 0x0A, 0x20, 0x20, 0x76, 0x6F, 0x69, 0x6C, 0x65, 0x2E, 0x73, 0x74, 0x79, 0x6C,
    0x65, 0x2E, 0x64, 0x69, 0x73, 0x70, 0x6C, 0x61, 0x79, 0x20, 0x3D, 0x20, 0x76, 0x69, 0x73, 0x69,
    0x62, 0x6C, 0x65, 0x20, 0x3F, 0x20, 0x27, 0x66, 0x6C, 0x65, 0x78, 0x27, 0x20, 0x3A, 0x20, 0x27,
    0x6E, 0x6F, 0x6E, 0x65, 0x27, 0x3B, 0x20, 0x20, 0x20, 0x2F, 0x2F, 0x20, 0x67, 0x61, 0x67, 0x6E,
    0x65, 0x20, 0x73, 0x75, 0x72, 0x20, 0x74, 0x6F, 0x75, 0x74, 0x65, 0x20, 0x66, 0x65, 0x75, 0x69,
    0x6C, 0x6C, 0x65, 0x0A, 0x7D, 0x0A, 0x0A, 0x66, 0x75, 0x6E, 0x63, 0x74, 0x69, 0x6F, 0x6E, 0x20,
    0x6F, 0x75, 0x76, 0x72, 0x69, 0x72, 0x50, 0x6F, 0x73, 0x74, 0x65, 0x73, 0x28, 0x29, 0x20, 0x7B,
    0x0A, 0x20, 0x20, 0x72, 0x65, 0x6E, 0x64, 0x72, 0x65, 0x4C, 0x69, 0x73, 0x74, 0x65, 0x50, 0x6F,
    0x73, 0x74, 0x65, 0x73, 0x28, 0x29, 0x3B, 0x0A, 0x20, 0x20, 0x61, 0x66, 0x66, 0x69, 0x63, 0x68,
    0x65, 0x72, 0x50, 0x6F, 0x73, 0x74, 0x65, 0x73, 0x28, 0x74, 0x72, 0x75, 0x65, 0x29, 0x3B, 0x0A,
    0x20, 0x20, 0x24, 0x28, 0x27, 0x6E, 0x6F, 0x75, 0x76, 0x65, 0x61, 0x75, 0x2D, 0x70, 0x6F, 0x73,
    0x74, 0x65, 0x27, 0x29, 0x2E, 0x66, 0x6F, 0x63, 0x75, 0x73, 0x28, 0x29, 0x3B, 0x0A, 0x7D, 0x0A,
    0x63, 0x6F, 0x6E, 0x73, 0x74, 0x20, 0x66, 0x65, 0x72, 0x6D, 0x65, 0x72, 0x50, 0x6F, 0x73, 0x74,
    0x65, 0x73, 0x20, 0x3D, 0x20, 0x28, 0x29, 0x20, 0x3D, 0x3E, 0x20, 0x61, 0x66, 0x66, 0x69, 0x63,
    0x68, 0x65, 0x72, 0x50, 0x6F, 0x73, 0x74, 0x65, 0x73, 0x28, 0x66, 0x61, 0x6C, 0x73, 0x65, 0x29,
    0x3B, 0x0A, 0x0A, 0x66, 0x75, 0x6E, 0x63, 0x74, 0x69, 0x6F, 0x6E, 0x20, 0x72, 0x65, 0x6E, 0x64,
    0x72, 0x65, 0x4C, 0x69, 0x73, 0x74, 0x65, 0x50, 0x6F, 0x73, 0x74, 0x65, 0x73, 0x28, 0x29, 0x20,
    0x7B, 0x0A, 0x20, 0x20, 0x63, 0x6F, 0x6E, 0x73, 0x74, 0x20, 0x6C, 0x69, 0x73, 0x74, 0x65, 0x20,
    0x3D, 0x20, 0x24, 0x28, 0x27, 0x6C, 0x69, 0x73, 0x74, 0x65, 0x2D, 0x70, 0x6F, 0x73, 0x74, 0x65,
    0x73, 0x27, 0x29, 0x3B, 0x0A, 0x20, 0x20, 0x6C, 0x69, 0x73, 0x74, 0x65, 0x2E, 0x69, 0x6E, 0x6E,
    0x65, 0x72, 0x48, 0x54, 0x4D, 0x4C, 0x20, 0x3D, 0x20, 0x27, 0x27, 0x3B, 0x0A, 0x20, 0x20, 0x66,
    0x6F, 0x72, 0x20, 0x28, 0x63, 0x6F, 0x6E, 0x73, 0x74, 0x20, 0x70, 0x20, 0x6F, 0x66, 0x20, 0x5B,
    0x2E, 0x2E, 0x2E, 0x70, 0x6F, 0x73, 0x74, 0x65, 0x73, 0x5D, 0x2E, 0x73, 0x6F, 0x72, 0x74, 0x28,
    0x28, 0x61, 0x2C, 0x20, 0x62, 0x29, 0x20, 0x3D, 0x3E, 0x20, 0x61, 0x20, 0x2D, 0x20, 0x62, 0x29,
    0x29, 0x20, 0x7B, 0x0A, 0x20, 0x20, 0x20, 0x20, 0x63, 0x6F, 0x6E, 0x73, 0x74, 0x20, 0x6C, 0x69,
    0x20, 0x3D, 0x20, 0x64, 0x6F, 0x63, 0x75, 0x6D, 0x65, 0x6E, 0x74, 0x2E, 0x63, 0x72, 0x65, 0x61,
    0x74, 0x65, 0x45, 0x6C, 0x65, 0x6D, 0x65, 0x6E, 0x74, 0x28, 0x27, 0x6C, 0x69, 0x27, 0x29, 0x3B,
    0x0A, 0x20, 0x20, 0x20, 0x20, 0x63, 0x6F, 0x6E, 0x73, 0x74, 0x20, 0x6E, 0x6F, 0x6D, 0x20, 0x3D,
    0x20, 0x64, 0x6F, 0x63, 0x75, 0x6D, 0x65, 0x6E, 0x74, 0x2E, 0x63, 0x72, 0x65, 0x61, 0x74, 0x65,
    0x45, 0x6C, 0x65, 0x6D, 0x65, 0x6E, 0x74, 0x28, 0x27, 0x73, 0x70, 0x61, 0x6E, 0x27, 0x29, 0x3B,
    0x0A, 0x20, 0x20, 0x20, 0x20, 0x6E, 0x6F, 0x6D, 0x2E, 0x74, 0x65, 0x78, 0x74, 0x43, 0x6F, 0x6E,
    0x74, 0x65, 0x6E, 0x74, 0x20, 0x3D, 0x20, 0x27, 0x50, 0x6F, 0x73, 0x74, 0x65, 0x20, 0x27, 0x20,
    0x2B, 0x20, 0x70, 0x3B, 0x0A, 0x20, 0x20, 0x20, 0x20, 0x63, 0x6F, 0x6E, 0x73, 0x74, 0x20, 0x72,
    0x65, 0x74, 0x69, 0x72, 0x65, 0x72, 0x20, 0x3D, 0x20, 0x64, 0x6F, 0x63, 0x75, 0x6D, 0x65, 0x6E,
    0x74, 0x2E, 0x63, 0x72, 0x65, 0x61, 0x74, 0x65, 0x45, 0x6C, 0x65, 0x6D, 0x65, 0x6E, 0x74, 0x28,
    0x27, 0x62, 0x75, 0x74, 0x74, 0x6F, 0x6E, 0x27, 0x29, 0x3B, 0x0A, 0x20, 0x20, 0x20, 0x20, 0x72,
    0x65, 0x74, 0x69, 0x72, 0x65, 0x72, 0x2E, 0x63, 0x6C, 0x61, 0x73, 0x73, 0x4E, 0x61, 0x6D, 0x65,
    0x20, 0x3D, 0x20, 0x27, 0x64, 0x61, 0x6E, 0x67, 0x65, 0x72, 0x27, 0x3B, 0x0A, 0x20, 0x20, 0x20,
    0x20, 0x72, 0x65, 0x74, 0x69, 0x72, 0x65, 0x72, 0x2E, 0x74, 0x65, 0x78, 0x74, 0x43, 0x6F, 0x6E,
    0x74, 0x65, 0x6E, 0x74, 0x20, 0x3D, 0x20, 0x27, 0x52, 0x65, 0x74, 0x69, 0x72, 0x65, 0x72, 0x27,
    0x3B, 0x0A, 0x20, 0x20, 0x20, 0x20, 0x72, 0x65, 0x74, 0x69, 0x72, 0x65, 0x72, 0x2E, 0x6F, 0x6E,
    0x63, 0x6C, 0x69, 0x63, 0x6B, 0x20, 0x3D, 0x20, 0x28, 0x29, 0x20, 0x3D, 0x3E, 0x20, 0x7B, 0x0A,
    0x20, 0x20, 0x20, 0x20, 0x20, 0x20, 0x70, 0x6F, 0x73, 0x74, 0x65, 0x73, 0x2E, 0x73, 0x70, 0x6C,
    0x69, 0x63, 0x65, 0x28, 0x70, 0x6F, 0x73, 0x74, 0x65, 0x73, 0x2E, 0x69, 0x6E, 0x64, 0x65, 0x78,
    0x4F, 0x66, 0x28, 0x70, 0x29, 0x2C, 0x20, 0x31, 0x29, 0x3B, 0x0A, 0x20, 0x20, 0x20, 0x20, 0x20,
    0x20, 0x73, 0x61, 0x75, 0x76, 0x65, 0x72, 0x50, 0x6F, 0x73, 0x74, 0x65, 0x73, 0x28, 0x29, 0x3B,
    0x0A, 0x20, 0x20, 0x20, 0x20, 0x20, 0x20, 0x69, 0x66, 0x20, 0x28, 0x70, 0x6F, 0x73, 0x74, 0x65,
    0x43, 0x68, 0x6F, 0x69, 0x73, 0x69, 0x20, 0x3D, 0x3D, 0x3D, 0x20, 0x70, 0x29, 0x20, 0x7B, 0x20,
    0x70, 0x6F, 0x73, 0x74, 0x65, 0x43, 0x68, 0x6F, 0x69, 0x73, 0x69, 0x20, 0x3D, 0x20, 0x6E, 0x75,
    0x6C, 0x6C, 0x3B, 0x20, 0x64, 0x72, 0x61, 0x70, 0x65, 0x61, 0x75, 0x45, 0x6E, 0x4D, 0x61, 0x69,
    0x6E, 0x20, 0x3D, 0x20, 0x66, 0x61, 0x6C, 0x73, 0x65, 0x3B, 0x20, 0x7D, 0x0A, 0x20, 0x20, 0x20,
    0x20, 0x20, 0x20, 0x72, 0x65, 0x6E, 0x64, 0x72, 0x65, 0x4C, 0x69, 0x73, 0x74, 0x65, 0x50, 0x6F,
    0x73, 0x74, 0x65, 0x73, 0x28, 0x29, 0x3B, 0x0A, 0x20, 0x20, 0x20, 0x20, 0x20, 0x20, 0x72, 0x65,
    0x6E, 0x64, 0x72, 0x65, 0x50, 0x6F, 0x73, 0x74, 0x65, 0x73, 0x28, 0x29, 0x3B, 0x0A, 0x20, 0x20,
    0x20, 0x20, 0x7D, 0x3B, 0x0A, 0x20, 0x20, 0x20, 0x20, 0x6C, 0x69, 0x2E, 0x61, 0x70, 0x70, 0x65,
    0x6E, 0x64, 0x28, 0x6E, 0x6F, 0x6D, 0x2C, 0x20, 0x72, 0x65, 0x74, 0x69, 0x72, 0x65, 0x72, 0x29,
    0x3B, 0x0A, 0x20, 0x20, 0x20, 0x20, 0x6C, 0x69, 0x73, 0x74, 0x65, 0x2E, 0x61, 0x70, 0x70, 0x65,
    0x6E, 0x64, 0x43, 0x68, 0x69, 0x6C, 0x64, 0x28, 0x6C, 0x69, 0x29, 0x3B, 0x0A, 0x20, 0x20, 0x7D,
    0x0A, 0x20, 0x20, 0x69, 0x66, 0x20, 0x28, 0x21, 0x70, 0x6F, 0x73, 0x74, 0x65, 0x73, 0x2E, 0x6C,
    0x65, 0x6E, 0x67, 0x74, 0x68, 0x29, 0x20, 0x6C, 0x69, 0x73, 0x74, 0x65, 0x2E, 0x69, 0x6E, 0x6E,
    0x65, 0x72, 0x48, 0x54, 0x4D, 0x4C, 0x20, 0x3D, 0x20, 0x27, 0x3C, 0x6C, 0x69, 0x20, 0x63, 0x6C,
    0x61, 0x73, 0x73, 0x3D, 0x22, 0x64, 0x69, 0x73, 0x63, 0x72, 0x65, 0x74, 0x22, 0x3E, 0x41, 0x75,
    0x63, 0x75, 0x6E, 0x20, 0x70, 0x6F, 0x73, 0x74, 0x65, 0x20, 0x3A, 0x20, 0x61, 0x6A, 0x6F, 0x75,
    0x74, 0x65, 0x7A, 0x2D, 0x65, 0x6E, 0x20, 0x75, 0x6E, 0x2E, 0x3C, 0x2F, 0x6C, 0x69, 0x3E, 0x27,
    0x3B, 0x0A, 0x7D, 0x0A, 0x0A, 0x66, 0x75, 0x6E, 0x63, 0x74, 0x69, 0x6F, 0x6E, 0x20, 0x61, 0x6A,
    0x6F, 0x75, 0x74, 0x65, 0x72, 0x50, 0x6F, 0x73, 0x74, 0x65, 0x28, 0x29, 0x20, 0x7B, 0x0A, 0x20,
    0x20, 0x63, 0x6F, 0x6E, 0x73, 0x74, 0x20, 0x6E, 0x20, 0x3D, 0x20, 0x4E, 0x75, 0x6D, 0x62, 0x65,
    0x72, 0x28, 0x24, 0x28, 0x27, 0x6E, 0x6F, 0x75, 0x76, 0x65, 0x61, 0x75, 0x2D, 0x70, 0x6F, 0x73,
    0x74, 0x65, 0x27, 0x29, 0x2E, 0x76, 0x61, 0x6C, 0x75, 0x65, 0x29, 0x3B, 0x0A, 0x20, 0x20, 0x69,
    0x66, 0x20, 0x28, 0x21, 0x4E, 0x75, 0x6D, 0x62, 0x65, 0x72, 0x2E, 0x69, 0x73, 0x49, 0x6E, 0x74,
    0x65, 0x67, 0x65, 0x72, 0x28, 0x6E, 0x29, 0x20, 0x7C, 0x7C, 0x20, 0x6E, 0x20, 0x3C, 0x20, 0x30,
    0x20, 0x7C, 0x7C, 0x20, 0x6E, 0x20, 0x3E, 0x20, 0x31, 0x30, 0x32, 0x33, 0x29, 0x20, 0x7B, 0x20,
    0x74, 0x6F, 0x61, 0x73, 0x74, 0x28, 0x27, 0x53, 0x74, 0x61, 0x74, 0x69, 0x6F, 0x6E, 0x20, 0x65,
    0x6E, 0x74, 0x72, 0x65, 0x20, 0x30, 0x20, 0x65, 0x74, 0x20, 0x31, 0x30, 0x32, 0x33, 0x2E, 0x27,
    0x29, 0x3B, 0x20, 0x72, 0x65, 0x74, 0x75, 0x72, 0x6E, 0x3B, 0x20, 0x7D, 0x0A, 0x20, 0x20, 0x69,
    0x66, 0x20, 0x28, 0x70, 0x6F, 0x73, 0x74, 0x65, 0x73, 0x2E, 0x69, 0x6E, 0x63, 0x6C, 0x75, 0x64,
    0x65, 0x73, 0x28, 0x6E, 0x29, 0x29, 0x20, 0x7B, 0x20, 0x74, 0x6F, 0x61, 0x73, 0x74, 0x28, 0x60,
    0x4C, 0x65, 0x20, 0x70, 0x6F, 0x73, 0x74, 0x65, 0x20, 0x24, 0x7B, 0x6E, 0x7D, 0x20, 0x65, 0x78,
    0x69, 0x73, 0x74, 0x65, 0x20, 0x64, 0xC3, 0xA9, 0x6A, 0xC3, 0xA0, 0x2E, 0x60, 0x29, 0x3B, 0x20,
    0x72, 0x65, 0x74, 0x75, 0x72, 0x6E, 0x3B, 0x20, 0x7D, 0x0A, 0x20, 0x20, 0x70, 0x6F, 0x73, 0x74,
    0x65, 0x73, 0x2E, 0x70, 0x75, 0x73, 0x68, 0x28, 0x6E, 0x29, 0x3B, 0x0A, 0x20, 0x20, 0x73, 0x61,
    0x75, 0x76, 0x65, 0x72, 0x50, 0x6F, 0x73, 0x74, 0x65, 0x73, 0x28, 0x29, 0x3B, 0x0A, 0x20, 0x20,
    0x70, 0x6F, 0x73, 0x74, 0x65, 0x43, 0x68, 0x6F, 0x69, 0x73, 0x69, 0x20, 0x3D, 0x20, 0x6E, 0x3B,
    0x0A, 0x20, 0x20, 0x24, 0x28, 0x27, 0x6E, 0x6F, 0x75, 0x76, 0x65, 0x61, 0x75, 0x2D, 0x70, 0x6F,
    0x73, 0x74, 0x65, 0x27, 0x29, 0x2E, 0x76, 0x61, 0x6C, 0x75, 0x65, 0x20, 0x3D, 0x20, 0x27, 0x27,
    0x3B, 0x0A, 0x20, 0x20, 0x72, 0x65, 0x6E, 0x64, 0x72, 0x65, 0x4C, 0x69, 0x73, 0x74, 0x65, 0x50,
    0x6F, 0x73, 0x74, 0x65, 0x73, 0x28, 0x29, 0x3B, 0x0A, 0x20, 0x20, 0x72, 0x65, 0x6E, 0x64, 0x72,
    0x65, 0x50, 0x6F, 0x73, 0x74, 0x65, 0x73, 0x28, 0x29, 0x3B, 0x0A, 0x7D, 0x0A, 0x0A, 0x64, 0x6F,
    0x63, 0x75, 0x6D, 0x65, 0x6E, 0x74, 0x2E, 0x61, 0x64, 0x64, 0x45, 0x76, 0x65, 0x6E, 0x74, 0x4C,
    0x69, 0x73, 0x74, 0x65, 0x6E, 0x65, 0x72, 0x28, 0x27, 0x6B, 0x65, 0x79, 0x64, 0x6F, 0x77, 0x6E,
    0x27, 0x2C, 0x20, 0x28, 0x65, 0x29, 0x20, 0x3D, 0x3E, 0x20, 0x7B, 0x0A, 0x20, 0x20, 0x69, 0x66,
    0x20, 0x28, 0x65, 0x2E, 0x6B, 0x65, 0x79, 0x20, 0x3D, 0x3D, 0x3D, 0x20, 0x27, 0x45, 0x73, 0x63,
    0x61, 0x70, 0x65, 0x27, 0x29, 0x20, 0x66, 0x65, 0x72, 0x6D, 0x65, 0x72, 0x50, 0x6F, 0x73, 0x74,
    0x65, 0x73, 0x28, 0x29, 0x3B, 0x0A, 0x7D, 0x29, 0x3B, 0x0A, 0x24, 0x28, 0x27, 0x76, 0x6F, 0x69,
    0x6C, 0x65, 0x2D, 0x70, 0x6F, 0x73, 0x74, 0x65, 0x73, 0x27, 0x29, 0x2E, 0x61, 0x64, 0x64, 0x45,
    0x76, 0x65, 0x6E, 0x74, 0x4C, 0x69, 0x73, 0x74, 0x65, 0x6E, 0x65, 0x72, 0x28, 0x27, 0x63, 0x6C,
    0x69, 0x63, 0x6B, 0x27, 0x2C, 0x20, 0x28, 0x65, 0x29, 0x20, 0x3D, 0x3E, 0x20, 0x7B, 0x0A, 0x20,
    0x20, 0x69, 0x66, 0x20, 0x28, 0x65, 0x2E, 0x74, 0x61, 0x72, 0x67, 0x65, 0x74, 0x20, 0x3D, 0x3D,
    0x3D, 0x20, 0x24, 0x28, 0x27, 0x76, 0x6F, 0x69, 0x6C, 0x65, 0x2D, 0x70, 0x6F, 0x73, 0x74, 0x65,
    0x73, 0x27, 0x29, 0x29, 0x20, 0x66, 0x65, 0x72, 0x6D, 0x65, 0x72, 0x50, 0x6F, 0x73, 0x74, 0x65,
    0x73, 0x28, 0x29, 0x3B, 0x0A, 0x7D, 0x29, 0x3B, 0x0A, 0x0A, 0x63, 0x6F, 0x6E, 0x73, 0x74, 0x20,
    0x76, 0x69, 0x74, 0x65, 0x73, 0x73, 0x65, 0x20, 0x3D, 0x20, 0x28, 0x66, 0x29, 0x20, 0x3D, 0x3E,
    0x20, 0x61, 0x70, 0x69, 0x28, 0x27, 0x50, 0x4F, 0x53, 0x54, 0x27, 0x2C, 0x20, 0x27, 0x2F, 0x61,
    0x70, 0x69, 0x2F, 0x73, 0x69, 0x6D, 0x2F, 0x76, 0x69, 0x74, 0x65, 0x73, 0x73, 0x65, 0x27, 0x2C,
    0x20, 0x7B, 0x20, 0x66, 0x61, 0x63, 0x74, 0x65, 0x75, 0x72, 0x3A, 0x20, 0x66, 0x20, 0x7D, 0x29,
    0x2E, 0x74, 0x68, 0x65, 0x6E, 0x28, 0x72, 0x61, 0x66, 0x72, 0x61, 0x69, 0x63, 0x68, 0x69, 0x72,
    0x29, 0x3B, 0x0A, 0x63, 0x6F, 0x6E, 0x73, 0x74, 0x20, 0x61, 0x76, 0x61, 0x6E, 0x63, 0x65, 0x72,
    0x20, 0x3D, 0x20, 0x28, 0x73, 0x29, 0x20, 0x3D, 0x3E, 0x20, 0x61, 0x70, 0x69, 0x28, 0x27, 0x50,
    0x4F, 0x53, 0x54, 0x27, 0x2C, 0x20, 0x27, 0x2F, 0x61, 0x70, 0x69, 0x2F, 0x73, 0x69, 0x6D, 0x2F,
    0x61, 0x76, 0x61, 0x6E, 0x63, 0x65, 0x72, 0x27, 0x2C, 0x20, 0x7B, 0x20, 0x73, 0x65, 0x63, 0x6F,
    0x6E, 0x64, 0x65, 0x73, 0x3A, 0x20, 0x73, 0x20, 0x7D, 0x29, 0x2E, 0x74, 0x68, 0x65, 0x6E, 0x28,
    0x72, 0x61, 0x66, 0x72, 0x61, 0x69, 0x63, 0x68, 0x69, 0x72, 0x29, 0x3B, 0x0A, 0x63, 0x6F, 0x6E,
    0x73, 0x74, 0x20, 0x73, 0x6B, 0x69, 0x70, 0x20, 0x3D, 0x20, 0x28, 0x29, 0x20, 0x3D, 0x3E, 0x20,
    0x61, 0x70, 0x69, 0x28, 0x27, 0x50, 0x4F, 0x53, 0x54, 0x27, 0x2C, 0x20, 0x27, 0x2F, 0x61, 0x70,
    0x69, 0x2F, 0x70, 0x6C, 0x61, 0x6E, 0x6E, 0x69, 0x6E, 0x67, 0x2F, 0x73, 0x6B, 0x69, 0x70, 0x27,
    0x29, 0x2E, 0x74, 0x68, 0x65, 0x6E, 0x28, 0x28, 0x29, 0x20, 0x3D, 0x3E, 0x20, 0x74, 0x6F, 0x61,
    0x73, 0x74, 0x28, 0x27, 0x4C, 0x65, 0x20, 0x70, 0x72, 0x6F, 0x63, 0x68, 0x61, 0x69, 0x6E, 0x20,
    0x64, 0xC3, 0xA9, 0x70, 0x61, 0x72, 0x74, 0x20, 0x73, 0x65, 0x72, 0x61, 0x20, 0x73, 0x61, 0x75,
    0x74, 0xC3, 0xA9, 0x2E, 0x27, 0x29, 0x29, 0x3B, 0x0A, 0x63, 0x6F, 0x6E, 0x73, 0x74, 0x20, 0x62,
    0x61, 0x73, 0x63, 0x75, 0x6C, 0x65, 0x72, 0x46, 0x69, 0x61, 0x62, 0x6C, 0x65, 0x20, 0x3D, 0x20,
    0x28, 0x29, 0x20, 0x3D, 0x3E, 0x0A, 0x20, 0x20, 0x61, 0x70, 0x69, 0x28, 0x27, 0x50, 0x4F, 0x53,
    0x54, 0x27, 0x2C, 0x20, 0x27, 0x2F, 0x61, 0x70, 0x69, 0x2F, 0x73, 0x69, 0x6D, 0x2F, 0x66, 0x69,
    0x61, 0x62, 0x6C, 0x65, 0x27, 0x2C, 0x20, 0x7B, 0x20, 0x66, 0x69, 0x61, 0x62, 0x6C, 0x65, 0x3A,
    0x20, 0x21, 0x65, 0x74, 0x61, 0x74, 0x54, 0x65, 0x6D, 0x70, 0x73, 0x2E, 0x66, 0x69, 0x61, 0x62,
    0x6C, 0x65, 0x20, 0x7D, 0x29, 0x2E, 0x74, 0x68, 0x65, 0x6E, 0x28, 0x72, 0x61, 0x66, 0x72, 0x61,
    0x69, 0x63, 0x68, 0x69, 0x72, 0x29, 0x3B, 0x0A, 0x63, 0x6F, 0x6E, 0x73, 0x74, 0x20, 0x62, 0x61,
    0x73, 0x63, 0x75, 0x6C, 0x65, 0x72, 0x50, 0x61, 0x75, 0x73, 0x65, 0x20, 0x3D, 0x20, 0x28, 0x29,
    0x20, 0x3D, 0x3E, 0x0A, 0x20, 0x20, 0x61, 0x70, 0x69, 0x28, 0x27, 0x50, 0x4F, 0x53, 0x54, 0x27,
    0x2C, 0x20, 0x27, 0x2F, 0x61, 0x70, 0x69, 0x2F, 0x70, 0x6C, 0x61, 0x6E, 0x6E, 0x69, 0x6E, 0x67,
    0x2F, 0x70, 0x61, 0x75, 0x73, 0x65, 0x27, 0x2C, 0x20, 0x7B, 0x20, 0x61, 0x63, 0x74, 0x69, 0x66,
    0x3A, 0x20, 0x21, 0x65, 0x74, 0x61, 0x74, 0x54, 0x65, 0x6D, 0x70, 0x73, 0x2E, 0x70, 0x61, 0x75,
    0x73, 0x65, 0x20, 0x7D, 0x29, 0x2E, 0x74, 0x68, 0x65, 0x6E, 0x28, 0x72, 0x61, 0x66, 0x72, 0x61,
    0x69, 0x63, 0x68, 0x69, 0x72, 0x29, 0x3B, 0x0A, 0x63, 0x6F, 0x6E, 0x73, 0x74, 0x20, 0x73, 0x69,
    0x6D, 0x49, 0x6E, 0x74, 0x65, 0x72, 0x72, 0x75, 0x70, 0x74, 0x69, 0x6F, 0x6E, 0x20, 0x3D, 0x20,
    0x28, 0x62, 0x6F, 0x75, 0x67, 0x65, 0x29, 0x20, 0x3D, 0x3E, 0x0A, 0x20, 0x20, 0x61, 0x70, 0x69,
    0x28, 0x27, 0x50, 0x4F, 0x53, 0x54, 0x27, 0x2C, 0x20, 0x27, 0x2F, 0x61, 0x70, 0x69, 0x2F, 0x73,
    0x69, 0x6D, 0x2F, 0x69, 0x6E, 0x74, 0x65, 0x72, 0x72, 0x75, 0x70, 0x74, 0x69, 0x6F, 0x6E, 0x27,
    0x2C, 0x20, 0x7B, 0x20, 0x65, 0x6E, 0x5F, 0x64, 0x65, 0x70, 0x6C, 0x61, 0x63, 0x65, 0x6D, 0x65,
    0x6E, 0x74, 0x3A, 0x20, 0x62, 0x6F, 0x75, 0x67, 0x65, 0x20, 0x7D, 0x29, 0x2E, 0x74, 0x68, 0x65,
    0x6E, 0x28, 0x72, 0x61, 0x66, 0x72, 0x61, 0x69, 0x63, 0x68, 0x69, 0x72, 0x29, 0x3B, 0x0A, 0x63,
    0x6F, 0x6E, 0x73, 0x74, 0x20, 0x73, 0x69, 0x6D, 0x41, 0x72, 0x72, 0x69, 0x76, 0x65, 0x65, 0x20,
    0x3D, 0x20, 0x28, 0x29, 0x20, 0x3D, 0x3E, 0x20, 0x61, 0x70, 0x69, 0x28, 0x27, 0x50, 0x4F, 0x53,
    0x54, 0x27, 0x2C, 0x20, 0x27, 0x2F, 0x61, 0x70, 0x69, 0x2F, 0x73, 0x69, 0x6D, 0x2F, 0x61, 0x72,
    0x72, 0x69, 0x76, 0x65, 0x65, 0x27, 0x29, 0x2E, 0x74, 0x68, 0x65, 0x6E, 0x28, 0x72, 0x61, 0x66,
    0x72, 0x61, 0x69, 0x63, 0x68, 0x69, 0x72, 0x29, 0x3B, 0x0A, 0x0A, 0x66, 0x75, 0x6E, 0x63, 0x74,
    0x69, 0x6F, 0x6E, 0x20, 0x61, 0x6C, 0x6C, 0x65, 0x72, 0x41, 0x28, 0x29, 0x20, 0x7B, 0x0A, 0x20,
    0x20, 0x63, 0x6F, 0x6E, 0x73, 0x74, 0x20, 0x76, 0x20, 0x3D, 0x20, 0x24, 0x28, 0x27, 0x61, 0x6C,
    0x6C, 0x65, 0x72, 0x2D, 0x61, 0x27, 0x29, 0x2E, 0x76, 0x61, 0x6C, 0x75, 0x65, 0x3B, 0x0A, 0x20,
    0x20, 0x69, 0x66, 0x20, 0x28, 0x76, 0x29, 0x20, 0x61, 0x70, 0x69, 0x28, 0x27, 0x50, 0x4F, 0x53,
    0x54, 0x27, 0x2C, 0x20, 0x27, 0x2F, 0x61, 0x70, 0x69, 0x2F, 0x73, 0x69, 0x6D, 0x2F, 0x68, 0x65,
    0x75, 0x72, 0x65, 0x27, 0x2C, 0x20, 0x7B, 0x20, 0x6C, 0x6F, 0x63, 0x61, 0x6C, 0x65, 0x3A, 0x20,
    0x76, 0x2E, 0x72, 0x65, 0x70, 0x6C, 0x61, 0x63, 0x65, 0x28, 0x27, 0x54, 0x27, 0x2C, 0x20, 0x27,
    0x20, 0x27, 0x29, 0x20, 0x7D, 0x29, 0x2E, 0x74, 0x68, 0x65, 0x6E, 0x28, 0x72, 0x61, 0x66, 0x72,
    0x61, 0x69, 0x63, 0x68, 0x69, 0x72, 0x29, 0x3B, 0x0A, 0x7D, 0x0A, 0x0A, 0x2F, 0x2F, 0x20, 0x52,
    0x65, 0x6E, 0x64, 0x75, 0x20, 0x73, 0x79, 0x6E, 0x63, 0x68, 0x72, 0x6F, 0x6E, 0x65, 0x20, 0x41,
    0x56, 0x41, 0x4E, 0x54, 0x20, 0x6C, 0x65, 0x20, 0x70, 0x72, 0x65, 0x6D, 0x69, 0x65, 0x72, 0x20,
    0xC3, 0xA9, 0x63, 0x68, 0x61, 0x6E, 0x67, 0x65, 0x20, 0x72, 0xC3, 0xA9, 0x73, 0x65, 0x61, 0x75,
    0x20, 0x3A, 0x20, 0x70, 0x61, 0x73, 0x74, 0x69, 0x6C, 0x6C, 0x65, 0x73, 0x20, 0x65, 0x74, 0x20,
    0x67, 0x72, 0x61, 0x64, 0x75, 0x61, 0x74, 0x69, 0x6F, 0x6E, 0x73, 0x0A, 0x2F, 0x2F, 0x20, 0x64,
    0x6F, 0x69, 0x76, 0x65, 0x6E, 0x74, 0x20, 0x65, 0x78, 0x69, 0x73, 0x74, 0x65, 0x72, 0x20, 0x64,
    0xC3, 0xA8, 0x73, 0x20, 0x6C, 0x61, 0x20, 0x70, 0x72, 0x65, 0x6D, 0x69, 0xC3, 0xA8, 0x72, 0x65,
    0x20, 0x70, 0x65, 0x69, 0x6E, 0x74, 0x75, 0x72, 0x65, 0x2E, 0x20, 0x4C, 0x27, 0x6F, 0x75, 0x62,
    0x6C, 0x69, 0x20, 0x64, 0x65, 0x20, 0x63, 0x65, 0x74, 0x20, 0x61, 0x70, 0x70, 0x65, 0x6C, 0x20,
    0x61, 0x20, 0x6C, 0x61, 0x69, 0x73, 0x73, 0xC3, 0xA9, 0x20, 0x6C, 0x61, 0x0A, 0x2F, 0x2F, 0x20,
    0x73, 0x65, 0x63, 0x74, 0x69, 0x6F, 0x6E, 0x20, 0x50, 0x6F, 0x73, 0x74, 0x65, 0x73, 0x20, 0x76,
    0x69, 0x64, 0x65, 0x2C, 0x20, 0x73, 0x61, 0x6E, 0x73, 0x20, 0x70, 0x61, 0x73, 0x74, 0x69, 0x6C,
    0x6C, 0x65, 0x2C, 0x20, 0x61, 0x75, 0x63, 0x75, 0x6E, 0x20, 0x67, 0x65, 0x73, 0x74, 0x65, 0x20,
    0x6E, 0x27, 0xC3, 0xA9, 0x74, 0x61, 0x69, 0x74, 0x20, 0x70, 0x6F, 0x73, 0x73, 0x69, 0x62, 0x6C,
    0x65, 0x2E, 0x0A, 0x72, 0x65, 0x6E, 0x64, 0x72, 0x65, 0x50, 0x6F, 0x73, 0x74, 0x65, 0x73, 0x28,
    0x29, 0x3B, 0x0A, 0x72, 0x65, 0x6E, 0x64, 0x72, 0x65, 0x46, 0x72, 0x69, 0x73, 0x65, 0x28, 0x29,
    0x3B, 0x0A, 0x63, 0x68, 0x61, 0x72, 0x67, 0x65, 0x72, 0x50, 0x6C, 0x61, 0x6E, 0x6E, 0x69, 0x6E,
    0x67, 0x28, 0x29, 0x2E, 0x74, 0x68, 0x65, 0x6E, 0x28, 0x72, 0x61, 0x66, 0x72, 0x61, 0x69, 0x63,
    0x68, 0x69, 0x72, 0x29, 0x3B, 0x0A, 0x73, 0x65, 0x74, 0x49, 0x6E, 0x74, 0x65, 0x72, 0x76, 0x61,
    0x6C, 0x28, 0x28, 0x29, 0x20, 0x3D, 0x3E, 0x20, 0x7B, 0x20, 0x63, 0x68, 0x61, 0x72, 0x67, 0x65,
    0x72, 0x50, 0x6C, 0x61, 0x6E, 0x6E, 0x69, 0x6E, 0x67, 0x28, 0x29, 0x3B, 0x20, 0x72, 0x61, 0x66,
    0x72, 0x61, 0x69, 0x63, 0x68, 0x69, 0x72, 0x28, 0x29, 0x3B, 0x20, 0x7D, 0x2C, 0x20, 0x39, 0x30,
    0x30, 0x29, 0x3B, 0x0A, 0x3C, 0x2F, 0x73, 0x63, 0x72, 0x69, 0x70, 0x74, 0x3E, 0x0A, 0x3C, 0x2F,
    0x62, 0x6F, 0x64, 0x79, 0x3E, 0x0A, 0x3C, 0x2F, 0x68, 0x74, 0x6D, 0x6C, 0x3E, 0x0A,
};

// theme.css : 8193 octets
inline const unsigned char kThemeCss[] = {
    0x2F, 0x2A, 0x20, 0x54, 0x68, 0xC3, 0xA8, 0x6D, 0x65, 0x20, 0x41, 0x49, 0x4F, 0x20, 0x3A, 0x20,
    0x66, 0x65, 0x75, 0x69, 0x6C, 0x6C, 0x65, 0x20, 0x63, 0x6F, 0x6D, 0x6D, 0x75, 0x6E, 0x65, 0x20,
    0xC3, 0xA0, 0x20, 0x54, 0x4F, 0x55, 0x54, 0x45, 0x53, 0x20, 0x6C, 0x65, 0x73, 0x20, 0x69, 0x6E,
    0x74, 0x65, 0x72, 0x66, 0x61, 0x63, 0x65, 0x73, 0x20, 0x64, 0x75, 0x20, 0x64, 0xC3, 0xA9, 0x70,
    0xC3, 0xB4, 0x74, 0x2E, 0x0A, 0x20, 0x2A, 0x0A, 0x20, 0x2A, 0x20, 0x46, 0x6F, 0x6E, 0x64, 0x20,
    0x62, 0x6C, 0x61, 0x6E, 0x63, 0x2C, 0x20, 0x74, 0x65, 0x78, 0x74, 0x65, 0x20, 0x6E, 0x6F, 0x69,
    0x72, 0x2C, 0x20, 0x62, 0x6C, 0x65, 0x75, 0x20, 0x6F, 0x75, 0x74, 0x72, 0x65, 0x6D, 0x65, 0x72,
    0x20, 0x70, 0x6F, 0x75, 0x72, 0x20, 0x6C, 0x27, 0x61, 0x63, 0x74, 0x69, 0x6F, 0x6E, 0x2E, 0x20,
    0x55, 0x6E, 0x65, 0x20, 0x73, 0x65, 0x75, 0x6C, 0x65, 0x20, 0x70, 0x61, 0x6C, 0x65, 0x74, 0x74,
    0x65, 0x2C, 0x20, 0x75, 0x6E, 0x0A, 0x20, 0x2A, 0x20, 0x73, 0x65, 0x75, 0x6C, 0x20, 0x6A, 0x65,
    0x75, 0x20, 0x64, 0x65, 0x20, 0x63, 0x6F, 0x6D, 0x70, 0x6F, 0x73, 0x61, 0x6E, 0x74, 0x73, 0x20,
    0x3A, 0x20, 0x75, 0x6E, 0x65, 0x20, 0x49, 0x48, 0x4D, 0x20, 0x64, 0x27, 0x61, 0x72, 0x63, 0x68,
    0x69, 0x74, 0x65, 0x63, 0x74, 0x75, 0x72, 0x65, 0x2C, 0x20, 0x75, 0x6E, 0x20, 0x62, 0x61, 0x6E,
    0x63, 0x20, 0x65, 0x74, 0x20, 0x6C, 0x65, 0x20, 0x70, 0x6C, 0x61, 0x6E, 0x6E, 0x69, 0x6E, 0x67,
    0x0A, 0x20, 0x2A, 0x20, 0x64, 0x6F, 0x69, 0x76, 0x65, 0x6E, 0x74, 0x20, 0x73, 0x65, 0x20, 0x72,
    0x65, 0x73, 0x73, 0x65, 0x6D, 0x62, 0x6C, 0x65, 0x72, 0x2C, 0x20, 0x73, 0x69, 0x6E, 0x6F, 0x6E,
    0x20, 0x6C, 0x27, 0x65, 0x78, 0x70, 0x6C, 0x6F, 0x69, 0x74, 0x61, 0x6E, 0x74, 0x20, 0x63, 0x72,
    0x6F, 0x69, 0x74, 0x20, 0x63, 0x68, 0x61, 0x6E, 0x67, 0x65, 0x72, 0x20, 0x64, 0x27, 0x6F, 0x75,
    0x74, 0x69, 0x6C, 0x2E, 0x0A, 0x20, 0x2A, 0x0A, 0x20, 0x2A, 0x20, 0xE2, 0x9A, 0xA0, 0x20, 0x53,
    0x4F, 0x55, 0x52, 0x43, 0x45, 0x20, 0x55, 0x4E, 0x49, 0x51, 0x55, 0x45, 0x20, 0x3A, 0x20, 0x63,
    0x65, 0x20, 0x66, 0x69, 0x63, 0x68, 0x69, 0x65, 0x72, 0x20, 0x76, 0x69, 0x74, 0x20, 0x64, 0x61,
    0x6E, 0x73, 0x20, 0x60, 0x64, 0x6F, 0x63, 0x73, 0x2F, 0x74, 0x68, 0x65, 0x6D, 0x65, 0x2F, 0x60,
    0x2E, 0x20, 0x43, 0x68, 0x61, 0x71, 0x75, 0x65, 0x20, 0x69, 0x6E, 0x74, 0x65, 0x72, 0x66, 0x61,
    0x63, 0x65, 0x20, 0x65, 0x6E, 0x0A, 0x20, 0x2A, 0x20, 0x70, 0x6F, 0x72, 0x74, 0x65, 0x20, 0x75,
    0x6E, 0x65, 0x20, 0x43, 0x4F, 0x50, 0x49, 0x45, 0x20, 0x64, 0x61, 0x6E, 0x73, 0x20, 0x73, 0x6F,
    0x6E, 0x20, 0x60, 0x77, 0x65, 0x62, 0x2F, 0x60, 0x2C, 0x20, 0x70, 0x61, 0x72, 0x63, 0x65, 0x20,
    0x71, 0x75, 0x65, 0x20, 0x6C, 0x65, 0x73, 0x20, 0x64, 0x6F, 0x73, 0x73, 0x69, 0x65, 0x72, 0x73,
    0x20, 0x73, 0x6F, 0x6E, 0x74, 0x20, 0x6C, 0x69, 0x76, 0x72, 0x61, 0x62, 0x6C, 0x65, 0x73, 0x20,
    0x73, 0x65, 0x75, 0x6C, 0x73, 0x0A, 0x20, 0x2A, 0x20, 0x28, 0x76, 0x6F, 0x69, 0x72, 0x20, 0x64,
    0x6F, 0x63, 0x73, 0x2F, 0x4F, 0x52, 0x47, 0x41, 0x4E, 0x49, 0x53, 0x41, 0x54, 0x49, 0x4F, 0x4E,
    0x2E, 0x6D, 0x64, 0x29, 0x2E, 0x20, 0x4E, 0x65, 0x20, 0x6A, 0x61, 0x6D, 0x61, 0x69, 0x73, 0x20,
    0x6D, 0x6F, 0x64, 0x69, 0x66, 0x69, 0x65, 0x72, 0x20, 0x75, 0x6E, 0x65, 0x20, 0x63, 0x6F, 0x70,
    0x69, 0x65, 0x20, 0x3A, 0x0A, 0x20, 0x2A, 0x0A, 0x20, 0x2A, 0x20, 0x20, 0x20, 0x20, 0x20, 0x6F,
    0x75, 0x74, 0x69, 0x6C, 0x73, 0x2F, 0x74, 0x68, 0x65, 0x6D, 0x65, 0x2E, 0x73, 0x68, 0x20, 0x2D,
    0x2D, 0x76, 0x65, 0x72, 0x69, 0x66, 0x69, 0x65, 0x72, 0x20, 0x20, 0x20, 0x20, 0x73, 0x69, 0x67,
    0x6E, 0x61, 0x6C, 0x65, 0x20, 0x6C, 0x65, 0x73, 0x20, 0x63, 0x6F, 0x70, 0x69, 0x65, 0x73, 0x20,
    0x71, 0x75, 0x69, 0x20, 0x6F, 0x6E, 0x74, 0x20, 0x64, 0xC3, 0xA9, 0x72, 0x69, 0x76, 0xC3, 0xA9,
    0x0A, 0x20, 0x2A, 0x20, 0x20, 0x20, 0x20, 0x20, 0x6F, 0x75, 0x74, 0x69, 0x6C, 0x73, 0x2F, 0x74,
    0x68, 0x65, 0x6D, 0x65, 0x2E, 0x73, 0x68, 0x20, 0x2D, 0x2D, 0x61, 0x70, 0x70, 0x6C, 0x69, 0x71,
    0x75, 0x65, 0x72, 0x20, 0x20, 0x20, 0x72, 0x65, 0x70, 0x72, 0x6F, 0x70, 0x61, 0x67, 0x65, 0x20,
    0x6C, 0x27, 0x6F, 0x72, 0x69, 0x67, 0x69, 0x6E, 0x61, 0x6C, 0x0A, 0x20, 0x2A, 0x0A, 0x20, 0x2A,
    0x20, 0x43, 0x65, 0x20, 0x71, 0x75, 0x69, 0x20, 0x65, 0x73, 0x74, 0x20, 0x70, 0x72, 0x6F, 0x70,
    0x72, 0x65, 0x20, 0xC3, 0xA0, 0x20, 0x75, 0x6E, 0x65, 0x20, 0x70, 0x61, 0x67, 0x65, 0x20, 0x76,
    0x69, 0x74, 0x20, 0x64, 0x61, 0x6E, 0x73, 0x20, 0x6C, 0x65, 0x20, 0x60, 0x73, 0x74, 0x79, 0x6C,
    0x65, 0x2E, 0x63, 0x73, 0x73, 0x60, 0x20, 0x76, 0x6F, 0x69, 0x73, 0x69, 0x6E, 0x2C, 0x20, 0x6F,
    0x75, 0x20, 0x64, 0x61, 0x6E, 0x73, 0x20, 0x75, 0x6E, 0x0A, 0x20, 0x2A, 0x20, 0x3C, 0x73, 0x74,
    0x79, 0x6C, 0x65, 0x3E, 0x20, 0x64, 0x65, 0x20, 0x6C, 0x61, 0x20, 0x70, 0x61, 0x67, 0x65, 0x2E,
    0x20, 0x49, 0x63, 0x69, 0x2C, 0x20, 0x75, 0x6E, 0x69, 0x71, 0x75, 0x65, 0x6D, 0x65, 0x6E, 0x74,
    0x20, 0x63, 0x65, 0x20, 0x71, 0x75, 0x69, 0x20, 0x65, 0x73, 0x74, 0x20, 0x43, 0x4F, 0x4D, 0x4D,
    0x55, 0x4E, 0x2E, 0x0A, 0x20, 0x2A, 0x2F, 0x0A, 0x0A, 0x3A, 0x72, 0x6F, 0x6F, 0x74, 0x20, 0x7B,
    0x0A, 0x20, 0x20, 0x2D, 0x2D, 0x6F, 0x75, 0x74, 0x72, 0x65, 0x6D, 0x65, 0x72, 0x3A, 0x20, 0x23,
    0x31, 0x46, 0x32, 0x44, 0x42, 0x33, 0x3B, 0x0A, 0x20, 0x20, 0x2D, 0x2D, 0x6F, 0x75, 0x74, 0x72,
    0x65, 0x6D, 0x65, 0x72, 0x2D, 0x66, 0x6F, 0x6E, 0x63, 0x65, 0x3A, 0x20, 0x23, 0x31, 0x36, 0x32,
    0x30, 0x38, 0x41, 0x3B, 0x0A, 0x20, 0x20, 0x2D, 0x2D, 0x6F, 0x75, 0x74, 0x72, 0x65, 0x6D, 0x65,
    0x72, 0x2D, 0x70, 0x61, 0x6C, 0x65, 0x3A, 0x20, 0x23, 0x45, 0x43, 0x45, 0x45, 0x46, 0x46, 0x3B,
    0x0A, 0x20, 0x20, 0x2D, 0x2D, 0x74, 0x65, 0x78, 0x74, 0x65, 0x3A, 0x20, 0x23, 0x31, 0x31, 0x31,
    0x31, 0x31, 0x31, 0x3B, 0x0A, 0x20, 0x20, 0x2D, 0x2D, 0x64, 0x69, 0x73, 0x63, 0x72, 0x65, 0x74,
    0x3A, 0x20, 0x23, 0x35, 0x41, 0x35, 0x46, 0x36, 0x45, 0x3B, 0x0A, 0x20, 0x20, 0x2D, 0x2D, 0x62,
    0x6F, 0x72, 0x64, 0x3A, 0x20, 0x23, 0x44, 0x39, 0x44, 0x43, 0x45, 0x36, 0x3B, 0x0A, 0x20, 0x20,
    0x2D, 0x2D, 0x66, 0x6F, 0x6E, 0x64, 0x2D, 0x64, 0x6F, 0x75, 0x78, 0x3A, 0x20, 0x23, 0x46, 0x41,
    0x46, 0x42, 0x46, 0x46, 0x3B, 0x0A, 0x20, 0x20, 0x2D, 0x2D, 0x6F, 0x6B, 0x3A, 0x20, 0x23, 0x31,
    0x45, 0x37, 0x45, 0x33, 0x34, 0x3B, 0x0A, 0x20, 0x20, 0x2D, 0x2D, 0x61, 0x6C, 0x65, 0x72, 0x74,
    0x65, 0x3A, 0x20, 0x23, 0x42, 0x33, 0x32, 0x36, 0x31, 0x45, 0x3B, 0x0A, 0x20, 0x20, 0x2D, 0x2D,
    0x61, 0x74, 0x74, 0x65, 0x6E, 0x74, 0x69, 0x6F, 0x6E, 0x3A, 0x20, 0x23, 0x43, 0x37, 0x37, 0x37,
    0x30, 0x30, 0x3B, 0x0A, 0x20, 0x20, 0x2D, 0x2D, 0x72, 0x61, 0x79, 0x6F, 0x6E, 0x3A, 0x20, 0x31,
    0x30, 0x70, 0x78, 0x3B, 0x0A, 0x20, 0x20, 0x2D, 0x2D, 0x6D, 0x6F, 0x6E, 0x6F, 0x3A, 0x20, 0x75,
    0x69, 0x2D, 0x6D, 0x6F, 0x6E, 0x6F, 0x73, 0x70, 0x61, 0x63, 0x65, 0x2C, 0x20, 0x22, 0x53, 0x46,
    0x20, 0x4D, 0x6F, 0x6E, 0x6F, 0x22, 0x2C, 0x20, 0x4D, 0x65, 0x6E, 0x6C, 0x6F, 0x2C, 0x20, 0x43,
    0x6F, 0x6E, 0x73, 0x6F, 0x6C, 0x61, 0x73, 0x2C, 0x20, 0x6D, 0x6F, 0x6E, 0x6F, 0x73, 0x70, 0x61,
    0x63, 0x65, 0x3B, 0x0A, 0x7D, 0x0A, 0x0A, 0x2A, 0x20, 0x7B, 0x20, 0x62, 0x6F, 0x78, 0x2D, 0x73,
    0x69, 0x7A, 0x69, 0x6E, 0x67, 0x3A, 0x20, 0x62, 0x6F, 0x72, 0x64, 0x65, 0x72, 0x2D, 0x62, 0x6F,
    0x78, 0x3B, 0x20, 0x6D, 0x61, 0x72, 0x67, 0x69, 0x6E, 0x3A, 0x20, 0x30, 0x3B, 0x20, 0x70, 0x61,
    0x64, 0x64, 0x69, 0x6E, 0x67, 0x3A, 0x20, 0x30, 0x3B, 0x20, 0x7D, 0x0A, 0x0A, 0x2F, 0x2A, 0x20,
    0x4C, 0x27, 0x61, 0x74, 0x74, 0x72, 0x69, 0x62, 0x75, 0x74, 0x20, 0x60, 0x68, 0x69, 0x64, 0x64,
    0x65, 0x6E, 0x60, 0x20, 0x6E, 0x27, 0x65, 0x73, 0x74, 0x20, 0x71, 0x75, 0x27, 0x75, 0x6E, 0x20,
    0x60, 0x64, 0x69, 0x73, 0x70, 0x6C, 0x61, 0x79, 0x3A, 0x6E, 0x6F, 0x6E, 0x65, 0x60, 0x20, 0x64,
    0x65, 0x20, 0x6C, 0x61, 0x20, 0x66, 0x65, 0x75, 0x69, 0x6C, 0x6C, 0x65, 0x20, 0x70, 0x61, 0x72,
    0x20, 0x64, 0xC3, 0xA9, 0x66, 0x61, 0x75, 0x74, 0x20, 0x3A, 0x20, 0x6C, 0x61, 0x0A, 0x20, 0x20,
    0x20, 0x6D, 0x6F, 0x69, 0x6E, 0x64, 0x72, 0x65, 0x20, 0x72, 0xC3, 0xA8, 0x67, 0x6C, 0x65, 0x20,
    0x64, 0x27, 0x61, 0x75, 0x74, 0x65, 0x75, 0x72, 0x20, 0x64, 0xC3, 0xA9, 0x63, 0x6C, 0x61, 0x72,
    0x61, 0x6E, 0x74, 0x20, 0x60, 0x64, 0x69, 0x73, 0x70, 0x6C, 0x61, 0x79, 0x60, 0x20, 0x6C, 0x65,
    0x20, 0x62, 0x61, 0x74, 0x2E, 0x20, 0x43, 0x65, 0x74, 0x74, 0x65, 0x20, 0x72, 0xC3, 0xA8, 0x67,
    0x6C, 0x65, 0x20, 0x6C, 0x65, 0x20, 0x72, 0xC3, 0xA9, 0x74, 0x61, 0x62, 0x6C, 0x69, 0x74, 0x0A,
    0x20, 0x20, 0x20, 0x70, 0x6F, 0x75, 0x72, 0x20, 0x74, 0x6F, 0x75, 0x74, 0x20, 0x6C, 0x65, 0x20,
    0x64, 0x6F, 0x63, 0x75, 0x6D, 0x65, 0x6E, 0x74, 0x20, 0x3A, 0x20, 0x6C, 0x65, 0xC3, 0xA7, 0x6F,
    0x6E, 0x20, 0x64, 0x75, 0x20, 0x62, 0x61, 0x6E, 0x63, 0x20, 0x45, 0x6E, 0x4F, 0x63, 0x65, 0x61,
    0x6E, 0x2C, 0x20, 0x6F, 0xC3, 0xB9, 0x20, 0x75, 0x6E, 0x65, 0x20, 0x66, 0x65, 0x6E, 0xC3, 0xAA,
    0x74, 0x72, 0x65, 0x20, 0x6D, 0x6F, 0x64, 0x61, 0x6C, 0x65, 0x20, 0x72, 0x65, 0x73, 0x74, 0x61,
    0x69, 0x74, 0x0A, 0x20, 0x20, 0x20, 0x6F, 0x75, 0x76, 0x65, 0x72, 0x74, 0x65, 0x20, 0x65, 0x6E,
    0x20, 0x70, 0x65, 0x72, 0x6D, 0x61, 0x6E, 0x65, 0x6E, 0x63, 0x65, 0x2E, 0x20, 0x2A, 0x2F, 0x0A,
    0x5B, 0x68, 0x69, 0x64, 0x64, 0x65, 0x6E, 0x5D, 0x20, 0x7B, 0x20, 0x64, 0x69, 0x73, 0x70, 0x6C,
    0x61, 0x79, 0x3A, 0x20, 0x6E, 0x6F, 0x6E, 0x65, 0x20, 0x21, 0x69, 0x6D, 0x70, 0x6F, 0x72, 0x74,
    0x61, 0x6E, 0x74, 0x3B, 0x20, 0x7D, 0x0A, 0x0A, 0x62, 0x6F, 0x64, 0x79, 0x20, 0x7B, 0x0A, 0x20,
    0x20, 0x62, 0x61, 0x63, 0x6B, 0x67, 0x72, 0x6F, 0x75, 0x6E, 0x64, 0x3A, 0x20, 0x23, 0x66, 0x66,
    0x66, 0x3B, 0x0A, 0x20, 0x20, 0x63, 0x6F, 0x6C, 0x6F, 0x72, 0x3A, 0x20, 0x76, 0x61, 0x72, 0x28,
    0x2D, 0x2D, 0x74, 0x65, 0x78, 0x74, 0x65, 0x29, 0x3B, 0x0A, 0x20, 0x20, 0x66, 0x6F, 0x6E, 0x74,
    0x3A, 0x20, 0x31, 0x35, 0x70, 0x78, 0x2F, 0x31, 0x2E, 0x35, 0x20, 0x73, 0x79, 0x73, 0x74, 0x65,
    0x6D, 0x2D, 0x75, 0x69, 0x2C, 0x20, 0x2D, 0x61, 0x70, 0x70, 0x6C, 0x65, 0x2D, 0x73, 0x79, 0x73,
    0x74, 0x65, 0x6D, 0x2C, 0x20, 0x22, 0x53, 0x65, 0x67, 0x6F, 0x65, 0x20, 0x55, 0x49, 0x22, 0x2C,
    0x20, 0x52, 0x6F, 0x62, 0x6F, 0x74, 0x6F, 0x2C, 0x20, 0x73, 0x61, 0x6E, 0x73, 0x2D, 0x73, 0x65,
    0x72, 0x69, 0x66, 0x3B, 0x0A, 0x20, 0x20, 0x6D, 0x69, 0x6E, 0x2D, 0x68, 0x65, 0x69, 0x67, 0x68,
    0x74, 0x3A, 0x20, 0x31, 0x30, 0x30, 0x76, 0x68, 0x3B, 0x0A, 0x7D, 0x0A, 0x0A, 0x2F, 0x2A, 0x20,
    0x2D, 0x2D, 0x2D, 0x20, 0x45, 0x6E, 0x2D, 0x74, 0xC3, 0xAA, 0x74, 0x65, 0x20, 0x2D, 0x2D, 0x2D,
    0x2D, 0x2D, 0x2D, 0x2D, 0x2D, 0x2D, 0x2D, 0x2D, 0x2D, 0x2D, 0x2D, 0x2D, 0x2D, 0x2D, 0x2D, 0x2D,
    0x2D, 0x2D, 0x2D, 0x2D, 0x2D, 0x2D, 0x2D, 0x2D, 0x2D, 0x2D, 0x2D, 0x2D, 0x2D, 0x2D, 0x2D, 0x2D,
    0x2D, 0x2D, 0x2D, 0x2D, 0x2D, 0x2D, 0x2D, 0x2D, 0x2D, 0x2D, 0x2D, 0x2D, 0x2D, 0x2D, 0x2D, 0x2D,
    0x2D, 0x2D, 0x2D, 0x2D, 0x2D, 0x2D, 0x2D, 0x2D, 0x2D, 0x20, 0x2A, 0x2F, 0x0A, 0x68, 0x65, 0x61,
    0x64, 0x65, 0x72, 0x20, 0x7B, 0x0A, 0x20, 0x20, 0x64, 0x69, 0x73, 0x70, 0x6C, 0x61, 0x79, 0x3A,
    0x20, 0x66, 0x6C, 0x65, 0x78, 0x3B, 0x20, 0x61, 0x6C, 0x69, 0x67, 0x6E, 0x2D, 0x69, 0x74, 0x65,
    0x6D, 0x73, 0x3A, 0x20, 0x66, 0x6C, 0x65, 0x78, 0x2D, 0x65, 0x6E, 0x64, 0x3B, 0x20, 0x67, 0x61,
    0x70, 0x3A, 0x20, 0x31, 0x72, 0x65, 0x6D, 0x3B, 0x20, 0x66, 0x6C, 0x65, 0x78, 0x2D, 0x77, 0x72,
    0x61, 0x70, 0x3A, 0x20, 0x77, 0x72, 0x61, 0x70, 0x3B, 0x0A, 0x20, 0x20, 0x70, 0x61, 0x64, 0x64,
    0x69, 0x6E, 0x67, 0x3A, 0x20, 0x2E, 0x39, 0x72, 0x65, 0x6D, 0x20, 0x31, 0x72, 0x65, 0x6D, 0x3B,
    0x20, 0x62, 0x6F, 0x72, 0x64, 0x65, 0x72, 0x2D, 0x62, 0x6F, 0x74, 0x74, 0x6F, 0x6D, 0x3A, 0x20,
    0x32, 0x70, 0x78, 0x20, 0x73, 0x6F, 0x6C, 0x69, 0x64, 0x20, 0x76, 0x61, 0x72, 0x28, 0x2D, 0x2D,
    0x6F, 0x75, 0x74, 0x72, 0x65, 0x6D, 0x65, 0x72, 0x29, 0x3B, 0x20, 0x6D, 0x61, 0x72, 0x67, 0x69,
    0x6E, 0x2D, 0x62, 0x6F, 0x74, 0x74, 0x6F, 0x6D, 0x3A, 0x20, 0x31, 0x72, 0x65, 0x6D, 0x3B, 0x0A,
    0x7D, 0x0A, 0x2E, 0x6C, 0x6F, 0x67, 0x6F, 0x20, 0x7B, 0x20, 0x66, 0x6F, 0x6E, 0x74, 0x2D, 0x73,
    0x69, 0x7A, 0x65, 0x3A, 0x20, 0x31, 0x2E, 0x36, 0x72, 0x65, 0x6D, 0x3B, 0x20, 0x66, 0x6F, 0x6E,
    0x74, 0x2D, 0x77, 0x65, 0x69, 0x67, 0x68, 0x74, 0x3A, 0x20, 0x38, 0x30, 0x30, 0x3B, 0x20, 0x63,
    0x6F, 0x6C, 0x6F, 0x72, 0x3A, 0x20, 0x76, 0x61, 0x72, 0x28, 0x2D, 0x2D, 0x6F, 0x75, 0x74, 0x72,
    0x65, 0x6D, 0x65, 0x72, 0x29, 0x3B, 0x20, 0x6C, 0x65, 0x74, 0x74, 0x65, 0x72, 0x2D, 0x73, 0x70,
    0x61, 0x63, 0x69, 0x6E, 0x67, 0x3A, 0x20, 0x2E, 0x30, 0x34, 0x65, 0x6D, 0x3B, 0x20, 0x7D, 0x0A,
    0x2E, 0x74, 0x69, 0x74, 0x72, 0x65, 0x20, 0x7B, 0x20, 0x66, 0x6F, 0x6E, 0x74, 0x2D, 0x73, 0x69,
    0x7A, 0x65, 0x3A, 0x20, 0x31, 0x2E, 0x30, 0x35, 0x72, 0x65, 0x6D, 0x3B, 0x20, 0x66, 0x6F, 0x6E,
    0x74, 0x2D, 0x77, 0x65, 0x69, 0x67, 0x68, 0x74, 0x3A, 0x20, 0x36, 0x30, 0x30, 0x3B, 0x20, 0x66,
    0x6C, 0x65, 0x78, 0x3A, 0x20, 0x31, 0x20, 0x31, 0x20, 0x61, 0x75, 0x74, 0x6F, 0x3B, 0x20, 0x7D,
    0x0A, 0x2E, 0x68, 0x6F, 0x72, 0x6C, 0x6F, 0x67, 0x65, 0x20, 0x7B, 0x20, 0x66, 0x6F, 0x6E, 0x74,
    0x2D, 0x66, 0x61, 0x6D, 0x69, 0x6C, 0x79, 0x3A, 0x20, 0x76, 0x61, 0x72, 0x28, 0x2D, 0x2D, 0x6D,
    0x6F, 0x6E, 0x6F, 0x29, 0x3B, 0x20, 0x66, 0x6F, 0x6E, 0x74, 0x2D, 0x73, 0x69, 0x7A, 0x65, 0x3A,
    0x20, 0x31, 0x2E, 0x32, 0x35, 0x72, 0x65, 0x6D, 0x3B, 0x20, 0x7D, 0x0A, 0x0A, 0x2F, 0x2A, 0x20,
    0x4F, 0x6E, 0x67, 0x6C, 0x65, 0x74, 0x73, 0x20, 0x64, 0x65, 0x20, 0x6E, 0x61, 0x76, 0x69, 0x67,
    0x61, 0x74, 0x69, 0x6F, 0x6E, 0x20, 0x65, 0x6E, 0x74, 0x72, 0x65, 0x20, 0x70, 0x61, 0x67, 0x65,
    0x73, 0x20, 0x73, 0x65, 0x72, 0x76, 0x69, 0x65, 0x73, 0x20, 0x70, 0x61, 0x72, 0x20, 0x6C, 0x61,
    0x20, 0x6D, 0xC3, 0xAA, 0x6D, 0x65, 0x20, 0x63, 0x61, 0x72, 0x74, 0x65, 0x2E, 0x20, 0x2A, 0x2F,
    0x0A, 0x2E, 0x6F, 0x6E, 0x67, 0x6C, 0x65, 0x74, 0x73, 0x20, 0x7B, 0x20, 0x64, 0x69, 0x73, 0x70,
    0x6C, 0x61, 0x79, 0x3A, 0x20, 0x66, 0x6C, 0x65, 0x78, 0x3B, 0x20, 0x67, 0x61, 0x70, 0x3A, 0x20,
    0x2E, 0x32, 0x35, 0x72, 0x65, 0x6D, 0x3B, 0x20, 0x6D, 0x61, 0x72, 0x67, 0x69, 0x6E, 0x2D, 0x6C,
    0x65, 0x66, 0x74, 0x3A, 0x20, 0x61, 0x75, 0x74, 0x6F, 0x3B, 0x20, 0x7D, 0x0A, 0x2E, 0x6F, 0x6E,
    0x67, 0x6C, 0x65, 0x74, 0x20, 0x7B, 0x0A, 0x20, 0x20, 0x74, 0x65, 0x78, 0x74, 0x2D, 0x64, 0x65,
    0x63, 0x6F, 0x72, 0x61, 0x74, 0x69, 0x6F, 0x6E, 0x3A, 0x20, 0x6E, 0x6F, 0x6E, 0x65, 0x3B, 0x20,
    0x66, 0x6F, 0x6E, 0x74, 0x2D, 0x77, 0x65, 0x69, 0x67, 0x68, 0x74, 0x3A, 0x20, 0x36, 0x30, 0x30,
    0x3B, 0x20, 0x66, 0x6F, 0x6E, 0x74, 0x2D, 0x73, 0x69, 0x7A, 0x65, 0x3A, 0x20, 0x2E, 0x39, 0x72,
    0x65, 0x6D, 0x3B, 0x20, 0x66, 0x6F, 0x6E, 0x74, 0x2D, 0x66, 0x61, 0x6D, 0x69, 0x6C, 0x79, 0x3A,
    0x20, 0x76, 0x61, 0x72, 0x28, 0x2D, 0x2D, 0x6D, 0x6F, 0x6E, 0x6F, 0x29, 0x3B, 0x0A, 0x20, 0x20,
    0x63, 0x6F, 0x6C, 0x6F, 0x72, 0x3A, 0x20, 0x76, 0x61, 0x72, 0x28, 0x2D, 0x2D, 0x6F, 0x75, 0x74,
    0x72, 0x65, 0x6D, 0x65, 0x72, 0x29, 0x3B, 0x20, 0x70, 0x61, 0x64, 0x64, 0x69, 0x6E, 0x67, 0x3A,
    0x20, 0x2E, 0x34, 0x72, 0x65, 0x6D, 0x20, 0x2E, 0x39, 0x35, 0x72, 0x65, 0x6D, 0x3B, 0x20, 0x62,
    0x6F, 0x72, 0x64, 0x65, 0x72, 0x2D, 0x72, 0x61, 0x64, 0x69, 0x75, 0x73, 0x3A, 0x20, 0x38, 0x70,
    0x78, 0x20, 0x38, 0x70, 0x78, 0x20, 0x30, 0x20, 0x30, 0x3B, 0x0A, 0x20, 0x20, 0x62, 0x6F, 0x72,
    0x64, 0x65, 0x72, 0x3A, 0x20, 0x31, 0x70, 0x78, 0x20, 0x73, 0x6F, 0x6C, 0x69, 0x64, 0x20, 0x76,
    0x61, 0x72, 0x28, 0x2D, 0x2D, 0x62, 0x6F, 0x72, 0x64, 0x29, 0x3B, 0x20, 0x62, 0x6F, 0x72, 0x64,
    0x65, 0x72, 0x2D, 0x62, 0x6F, 0x74, 0x74, 0x6F, 0x6D, 0x3A, 0x20, 0x6E, 0x6F, 0x6E, 0x65, 0x3B,
    0x20, 0x62, 0x61, 0x63, 0x6B, 0x67, 0x72, 0x6F, 0x75, 0x6E, 0x64, 0x3A, 0x20, 0x23, 0x66, 0x66,
    0x66, 0x3B, 0x20, 0x6D, 0x61, 0x72, 0x67, 0x69, 0x6E, 0x2D, 0x62, 0x6F, 0x74, 0x74, 0x6F, 0x6D,
    0x3A, 0x20, 0x2D, 0x31, 0x70, 0x78, 0x3B, 0x0A, 0x7D, 0x0A, 0x2E, 0x6F, 0x6E, 0x67, 0x6C, 0x65,
    0x74, 0x3A, 0x68, 0x6F, 0x76, 0x65, 0x72, 0x20, 0x7B, 0x20, 0x62, 0x61, 0x63, 0x6B, 0x67, 0x72,
    0x6F, 0x75, 0x6E, 0x64, 0x3A, 0x20, 0x76, 0x61, 0x72, 0x28, 0x2D, 0x2D, 0x6F, 0x75, 0x74, 0x72,
    0x65, 0x6D, 0x65, 0x72, 0x2D, 0x70, 0x61, 0x6C, 0x65, 0x29, 0x3B, 0x20, 0x7D, 0x0A, 0x2E, 0x6F,
    0x6E, 0x67, 0x6C, 0x65, 0x74, 0x2E, 0x61, 0x63, 0x74, 0x69, 0x66, 0x20, 0x7B, 0x20, 0x62, 0x61,
    0x63, 0x6B, 0x67, 0x72, 0x6F, 0x75, 0x6E, 0x64, 0x3A, 0x20, 0x76, 0x61, 0x72, 0x28, 0x2D, 0x2D,
    0x6F, 0x75, 0x74, 0x72, 0x65, 0x6D, 0x65, 0x72, 0x29, 0x3B, 0x20, 0x63, 0x6F, 0x6C, 0x6F, 0x72,
    0x3A, 0x20, 0x23, 0x66, 0x66, 0x66, 0x3B, 0x20, 0x62, 0x6F, 0x72, 0x64, 0x65, 0x72, 0x2D, 0x63,
    0x6F, 0x6C, 0x6F, 0x72, 0x3A, 0x20, 0x76, 0x61, 0x72, 0x28, 0x2D, 0x2D, 0x6F, 0x75, 0x74, 0x72,
    0x65, 0x6D, 0x65, 0x72, 0x29, 0x3B, 0x20, 0x7D, 0x0A, 0x0A, 0x6D, 0x61, 0x69, 0x6E, 0x20, 0x7B,
    0x20, 0x6D, 0x61, 0x78, 0x2D, 0x77, 0x69, 0x64, 0x74, 0x68, 0x3A, 0x20, 0x31, 0x31, 0x30, 0x30,
    0x70, 0x78, 0x3B, 0x20, 0x6D, 0x61, 0x72, 0x67, 0x69, 0x6E, 0x3A, 0x20, 0x30, 0x20, 0x61, 0x75,
    0x74, 0x6F, 0x3B, 0x20, 0x70, 0x61, 0x64, 0x64, 0x69, 0x6E, 0x67, 0x3A, 0x20, 0x30, 0x20, 0x31,
    0x72, 0x65, 0x6D, 0x20, 0x32, 0x72, 0x65, 0x6D, 0x3B, 0x20, 0x64, 0x69, 0x73, 0x70, 0x6C, 0x61,
    0x79, 0x3A, 0x20, 0x67, 0x72, 0x69, 0x64, 0x3B, 0x20, 0x67, 0x61, 0x70, 0x3A, 0x20, 0x31, 0x72,
    0x65, 0x6D, 0x3B, 0x20, 0x7D, 0x0A, 0x0A, 0x2F, 0x2A, 0x20, 0x2D, 0x2D, 0x2D, 0x20, 0x42, 0x6C,
    0x6F, 0x63, 0x73, 0x20, 0x2D, 0x2D, 0x2D, 0x2D, 0x2D, 0x2D, 0x2D, 0x2D, 0x2D, 0x2D, 0x2D, 0x2D,
    0x2D, 0x2D, 0x2D, 0x2D, 0x2D, 0x2D, 0x2D, 0x2D, 0x2D, 0x2D, 0x2D, 0x2D, 0x2D, 0x2D, 0x2D, 0x2D,
    0x2D, 0x2D, 0x2D, 0x2D, 0x2D, 0x2D, 0x2D, 0x2D, 0x2D, 0x2D, 0x2D, 0x2D, 0x2D, 0x2D, 0x2D, 0x2D,
    0x2D, 0x2D, 0x2D, 0x2D, 0x2D, 0x2D, 0x2D, 0x2D, 0x2D, 0x2D, 0x2D, 0x2D, 0x2D, 0x2D, 0x2D, 0x2D,
    0x2D, 0x2D, 0x20, 0x2A, 0x2F, 0x0A, 0x73, 0x65, 0x63, 0x74, 0x69, 0x6F, 0x6E, 0x2C, 0x20, 0x2E,
    0x63, 0x61, 0x72, 0x74, 0x65, 0x20, 0x7B, 0x0A, 0x20, 0x20, 0x62, 0x6F, 0x72, 0x64, 0x65, 0x72,
    0x3A, 0x20, 0x31, 0x70, 0x78, 0x20, 0x73, 0x6F, 0x6C, 0x69, 0x64, 0x20, 0x76, 0x61, 0x72, 0x28,
    0x2D, 0x2D, 0x62, 0x6F, 0x72, 0x64, 0x29, 0x3B, 0x20, 0x62, 0x6F, 0x72, 0x64, 0x65, 0x72, 0x2D,
    0x72, 0x61, 0x64, 0x69, 0x75, 0x73, 0x3A, 0x20, 0x31, 0x32, 0x70, 0x78, 0x3B, 0x20, 0x70, 0x61,
    0x64, 0x64, 0x69, 0x6E, 0x67, 0x3A, 0x20, 0x31, 0x72, 0x65, 0x6D, 0x3B, 0x20, 0x62, 0x61, 0x63,
    0x6B, 0x67, 0x72, 0x6F, 0x75, 0x6E, 0x64, 0x3A, 0x20, 0x23, 0x66, 0x66, 0x66, 0x3B, 0x0A, 0x7D,
    0x0A, 0x68, 0x31, 0x20, 0x7B, 0x20, 0x66, 0x6F, 0x6E, 0x74, 0x2D, 0x73, 0x69, 0x7A, 0x65, 0x3A,
    0x20, 0x31, 0x2E, 0x33, 0x72, 0x65, 0x6D, 0x3B, 0x20, 0x66, 0x6F, 0x6E, 0x74, 0x2D, 0x77, 0x65,
    0x69, 0x67, 0x68, 0x74, 0x3A, 0x20, 0x37, 0x30, 0x30, 0x3B, 0x20, 0x7D, 0x0A, 0x68, 0x32, 0x20,
    0x7B, 0x0A, 0x20, 0x20, 0x66, 0x6F, 0x6E, 0x74, 0x2D, 0x73, 0x69, 0x7A, 0x65, 0x3A, 0x20, 0x2E,
    0x39, 0x32, 0x72, 0x65, 0x6D, 0x3B, 0x20, 0x63, 0x6F, 0x6C, 0x6F, 0x72, 0x3A, 0x20, 0x76, 0x61,
    0x72, 0x28, 0x2D, 0x2D, 0x64, 0x69, 0x73, 0x63, 0x72, 0x65, 0x74, 0x29, 0x3B, 0x20, 0x74, 0x65,
    0x78, 0x74, 0x2D, 0x74, 0x72, 0x61, 0x6E, 0x73, 0x66, 0x6F, 0x72, 0x6D, 0x3A, 0x20, 0x75, 0x70,
    0x70, 0x65, 0x72, 0x63, 0x61, 0x73, 0x65, 0x3B, 0x0A, 0x20, 0x20, 0x6C, 0x65, 0x74, 0x74, 0x65,
    0x72, 0x2D, 0x73, 0x70, 0x61, 0x63, 0x69, 0x6E, 0x67, 0x3A, 0x20, 0x2E, 0x30, 0x36, 0x65, 0x6D,
    0x3B, 0x20, 0x6D, 0x61, 0x72, 0x67, 0x69, 0x6E, 0x2D, 0x62, 0x6F, 0x74, 0x74, 0x6F, 0x6D, 0x3A,
    0x20, 0x2E, 0x37, 0x72, 0x65, 0x6D, 0x3B, 0x0A, 0x7D, 0x0A, 0x68, 0x33, 0x20, 0x7B, 0x20, 0x66,
    0x6F, 0x6E, 0x74, 0x2D, 0x73, 0x69, 0x7A, 0x65, 0x3A, 0x20, 0x31, 0x2E, 0x31, 0x72, 0x65, 0x6D,
    0x3B, 0x20, 0x63, 0x6F, 0x6C, 0x6F, 0x72, 0x3A, 0x20, 0x76, 0x61, 0x72, 0x28, 0x2D, 0x2D, 0x6F,
    0x75, 0x74, 0x72, 0x65, 0x6D, 0x65, 0x72, 0x29, 0x3B, 0x20, 0x6D, 0x61, 0x72, 0x67, 0x69, 0x6E,
    0x2D, 0x62, 0x6F, 0x74, 0x74, 0x6F, 0x6D, 0x3A, 0x20, 0x2E, 0x38, 0x72, 0x65, 0x6D, 0x3B, 0x20,
    0x7D, 0x0A, 0x0A, 0x2F, 0x2A, 0x20, 0x2D, 0x2D, 0x2D, 0x20, 0x43, 0x6F, 0x6D, 0x6D, 0x61, 0x6E,
    0x64, 0x65, 0x73, 0x20, 0x2D, 0x2D, 0x2D, 0x2D, 0x2D, 0x2D, 0x2D, 0x2D, 0x2D, 0x2D, 0x2D, 0x2D,
    0x2D, 0x2D, 0x2D, 0x2D, 0x2D, 0x2D, 0x2D, 0x2D, 0x2D, 0x2D, 0x2D, 0x2D, 0x2D, 0x2D, 0x2D, 0x2D,
    0x2D, 0x2D, 0x2D, 0x2D, 0x2D, 0x2D, 0x2D, 0x2D, 0x2D, 0x2D, 0x2D, 0x2D, 0x2D, 0x2D, 0x2D, 0x2D,
    0x2D, 0x2D, 0x2D, 0x2D, 0x2D, 0x2D, 0x2D, 0x2D, 0x2D, 0x2D, 0x2D, 0x2D, 0x2D, 0x2D, 0x20, 0x2A,
    0x2F, 0x0A, 0x62, 0x75, 0x74, 0x74, 0x6F, 0x6E, 0x20, 0x7B, 0x0A, 0x20, 0x20, 0x66, 0x6F, 0x6E,
    0x74, 0x3A, 0x20, 0x69, 0x6E, 0x68, 0x65, 0x72, 0x69, 0x74, 0x3B, 0x20, 0x63, 0x75, 0x72, 0x73,
    0x6F, 0x72, 0x3A, 0x20, 0x70, 0x6F, 0x69, 0x6E, 0x74, 0x65, 0x72, 0x3B, 0x20, 0x62, 0x6F, 0x72,
    0x64, 0x65, 0x72, 0x2D, 0x72, 0x61, 0x64, 0x69, 0x75, 0x73, 0x3A, 0x20, 0x38, 0x70, 0x78, 0x3B,
    0x20, 0x70, 0x61, 0x64, 0x64, 0x69, 0x6E, 0x67, 0x3A, 0x20, 0x2E, 0x34, 0x35, 0x72, 0x65, 0x6D,
    0x20, 0x2E, 0x39, 0x72, 0x65, 0x6D, 0x3B, 0x0A, 0x20, 0x20, 0x62, 0x6F, 0x72, 0x64, 0x65, 0x72,
    0x3A, 0x20, 0x31, 0x70, 0x78, 0x20, 0x73, 0x6F, 0x6C, 0x69, 0x64, 0x20, 0x76, 0x61, 0x72, 0x28,
    0x2D, 0x2D, 0x6F, 0x75, 0x74, 0x72, 0x65, 0x6D, 0x65, 0x72, 0x29, 0x3B, 0x20, 0x62, 0x61, 0x63,
    0x6B, 0x67, 0x72, 0x6F, 0x75, 0x6E, 0x64, 0x3A, 0x20, 0x23, 0x66, 0x66, 0x66, 0x3B, 0x20, 0x63,
    0x6F, 0x6C, 0x6F, 0x72, 0x3A, 0x20, 0x76, 0x61, 0x72, 0x28, 0x2D, 0x2D, 0x6F, 0x75, 0x74, 0x72,
    0x65, 0x6D, 0x65, 0x72, 0x29, 0x3B, 0x0A, 0x20, 0x20, 0x66, 0x6F, 0x6E, 0x74, 0x2D, 0x77, 0x65,
    0x69, 0x67, 0x68, 0x74, 0x3A, 0x20, 0x36, 0x30, 0x30, 0x3B, 0x20, 0x74, 0x72, 0x61, 0x6E, 0x73,
    0x69, 0x74, 0x69, 0x6F, 0x6E, 0x3A, 0x20, 0x62, 0x61, 0x63, 0x6B, 0x67, 0x72, 0x6F, 0x75, 0x6E,
    0x64, 0x20, 0x2E, 0x31, 0x32, 0x73, 0x3B, 0x0A, 0x7D, 0x0A, 0x62, 0x75, 0x74, 0x74, 0x6F, 0x6E,
    0x3A, 0x68, 0x6F, 0x76, 0x65, 0x72, 0x3A, 0x6E, 0x6F, 0x74, 0x28, 0x3A, 0x64, 0x69, 0x73, 0x61,
    0x62, 0x6C, 0x65, 0x64, 0x29, 0x20, 0x7B, 0x20, 0x62, 0x61, 0x63, 0x6B, 0x67, 0x72, 0x6F, 0x75,
    0x6E, 0x64, 0x3A, 0x20, 0x76, 0x61, 0x72, 0x28, 0x2D, 0x2D, 0x6F, 0x75, 0x74, 0x72, 0x65, 0x6D,
    0x65, 0x72, 0x2D, 0x70, 0x61, 0x6C, 0x65, 0x29, 0x3B, 0x20, 0x7D, 0x0A, 0x62, 0x75, 0x74, 0x74,
    0x6F, 0x6E, 0x3A, 0x64, 0x69, 0x73, 0x61, 0x62, 0x6C, 0x65, 0x64, 0x20, 0x7B, 0x20, 0x6F, 0x70,
    0x61, 0x63, 0x69, 0x74, 0x79, 0x3A, 0x20, 0x2E, 0x34, 0x35, 0x3B, 0x20, 0x63, 0x75, 0x72, 0x73,
    0x6F, 0x72, 0x3A, 0x20, 0x6E, 0x6F, 0x74, 0x2D, 0x61, 0x6C, 0x6C, 0x6F, 0x77, 0x65, 0x64, 0x3B,
    0x20, 0x7D, 0x0A, 0x62, 0x75, 0x74, 0x74, 0x6F, 0x6E, 0x2E, 0x70, 0x72, 0x69, 0x6D, 0x61, 0x69,
    0x72, 0x65, 0x2C, 0x20, 0x2E, 0x70, 0x72, 0x69, 0x6D, 0x61, 0x69, 0x72, 0x65, 0x20, 0x7B, 0x20,
    0x62, 0x61, 0x63, 0x6B, 0x67, 0x72, 0x6F, 0x75, 0x6E, 0x64, 0x3A, 0x20, 0x76, 0x61, 0x72, 0x28,
    0x2D, 0x2D, 0x6F, 0x75, 0x74, 0x72, 0x65, 0x6D, 0x65, 0x72, 0x29, 0x3B, 0x20, 0x63, 0x6F, 0x6C,
    0x6F, 0x72, 0x3A, 0x20, 0x23, 0x66, 0x66, 0x66, 0x3B, 0x20, 0x62, 0x6F, 0x72, 0x64, 0x65, 0x72,
    0x2D, 0x63, 0x6F, 0x6C, 0x6F, 0x72, 0x3A, 0x20, 0x76, 0x61, 0x72, 0x28, 0x2D, 0x2D, 0x6F, 0x75,
    0x74, 0x72, 0x65, 0x6D, 0x65, 0x72, 0x29, 0x3B, 0x20, 0x7D, 0x0A, 0x62, 0x75, 0x74, 0x74, 0x6F,
    0x6E, 0x2E, 0x70, 0x72, 0x69, 0x6D, 0x61, 0x69, 0x72, 0x65, 0x3A, 0x68, 0x6F, 0x76, 0x65, 0x72,
    0x3A, 0x6E, 0x6F, 0x74, 0x28, 0x3A, 0x64, 0x69, 0x73, 0x61, 0x62, 0x6C, 0x65, 0x64, 0x29, 0x20,
    0x7B, 0x20, 0x62, 0x61, 0x63, 0x6B, 0x67, 0x72, 0x6F, 0x75, 0x6E, 0x64, 0x3A, 0x20, 0x76, 0x61,
    0x72, 0x28, 0x2D, 0x2D, 0x6F, 0x75, 0x74, 0x72, 0x65, 0x6D, 0x65, 0x72, 0x2D, 0x66, 0x6F, 0x6E,
    0x63, 0x65, 0x29, 0x3B, 0x20, 0x7D, 0x0A, 0x62, 0x75, 0x74, 0x74, 0x6F, 0x6E, 0x2E, 0x73, 0x65,
    0x63, 0x6F, 0x6E, 0x64, 0x61, 0x69, 0x72, 0x65, 0x2C, 0x20, 0x2E, 0x73, 0x65, 0x63, 0x6F, 0x6E,
    0x64, 0x61, 0x69, 0x72, 0x65, 0x20, 0x7B, 0x20, 0x62, 0x61, 0x63, 0x6B, 0x67, 0x72, 0x6F, 0x75,
    0x6E, 0x64, 0x3A, 0x20, 0x23, 0x66, 0x66, 0x66, 0x3B, 0x20, 0x63, 0x6F, 0x6C, 0x6F, 0x72, 0x3A,
    0x20, 0x76, 0x61, 0x72, 0x28, 0x2D, 0x2D, 0x74, 0x65, 0x78, 0x74, 0x65, 0x29, 0x3B, 0x20, 0x62,
    0x6F, 0x72, 0x64, 0x65, 0x72, 0x2D, 0x63, 0x6F, 0x6C, 0x6F, 0x72, 0x3A, 0x20, 0x76, 0x61, 0x72,
    0x28, 0x2D, 0x2D, 0x62, 0x6F, 0x72, 0x64, 0x29, 0x3B, 0x20, 0x7D, 0x0A, 0x62, 0x75, 0x74, 0x74,
    0x6F, 0x6E, 0x2E, 0x64, 0x61, 0x6E, 0x67, 0x65, 0x72, 0x2C, 0x20, 0x2E, 0x64, 0x61, 0x6E, 0x67,
    0x65, 0x72, 0x20, 0x7B, 0x20, 0x62, 0x61, 0x63, 0x6B, 0x67, 0x72, 0x6F, 0x75, 0x6E, 0x64, 0x3A,
    0x20, 0x23, 0x66, 0x66, 0x66, 0x3B, 0x20, 0x63, 0x6F, 0x6C, 0x6F, 0x72, 0x3A, 0x20, 0x76, 0x61,
    0x72, 0x28, 0x2D, 0x2D, 0x61, 0x6C, 0x65, 0x72, 0x74, 0x65, 0x29, 0x3B, 0x20, 0x62, 0x6F, 0x72,
    0x64, 0x65, 0x72, 0x2D, 0x63, 0x6F, 0x6C, 0x6F, 0x72, 0x3A, 0x20, 0x76, 0x61, 0x72, 0x28, 0x2D,
    0x2D, 0x61, 0x6C, 0x65, 0x72, 0x74, 0x65, 0x29, 0x3B, 0x20, 0x7D, 0x0A, 0x62, 0x75, 0x74, 0x74,
    0x6F, 0x6E, 0x2E, 0x64, 0x61, 0x6E, 0x67, 0x65, 0x72, 0x3A, 0x68, 0x6F, 0x76, 0x65, 0x72, 0x2C,
    0x20, 0x2E, 0x64, 0x61, 0x6E, 0x67, 0x65, 0x72, 0x3A, 0x68, 0x6F, 0x76, 0x65, 0x72, 0x20, 0x7B,
    0x20, 0x62, 0x61, 0x63, 0x6B, 0x67, 0x72, 0x6F, 0x75, 0x6E, 0x64, 0x3A, 0x20, 0x23, 0x46, 0x42,
    0x45, 0x41, 0x45, 0x39, 0x3B, 0x20, 0x7D, 0x0A, 0x0A, 0x69, 0x6E, 0x70, 0x75, 0x74, 0x2C, 0x20,
    0x73, 0x65, 0x6C, 0x65, 0x63, 0x74, 0x2C, 0x20, 0x74, 0x65, 0x78, 0x74, 0x61, 0x72, 0x65, 0x61,
    0x20, 0x7B, 0x0A, 0x20, 0x20, 0x66, 0x6F, 0x6E, 0x74, 0x3A, 0x20, 0x69, 0x6E, 0x68, 0x65, 0x72,
    0x69, 0x74, 0x3B, 0x20, 0x62, 0x61, 0x63, 0x6B, 0x67, 0x72, 0x6F, 0x75, 0x6E, 0x64, 0x3A, 0x20,
    0x23, 0x66, 0x66, 0x66, 0x3B, 0x20, 0x63, 0x6F, 0x6C, 0x6F, 0x72, 0x3A, 0x20, 0x76, 0x61, 0x72,
    0x28, 0x2D, 0x2D, 0x74, 0x65, 0x78, 0x74, 0x65, 0x29, 0x3B, 0x0A, 0x20, 0x20, 0x62, 0x6F, 0x72,
    0x64, 0x65, 0x72, 0x3A, 0x20, 0x31, 0x70, 0x78, 0x20, 0x73, 0x6F, 0x6C, 0x69, 0x64, 0x20, 0x76,
    0x61, 0x72, 0x28, 0x2D, 0x2D, 0x62, 0x6F, 0x72, 0x64, 0x29, 0x3B, 0x20, 0x62, 0x6F, 0x72, 0x64,
    0x65, 0x72, 0x2D, 0x72, 0x61, 0x64, 0x69, 0x75, 0x73, 0x3A, 0x20, 0x38, 0x70, 0x78, 0x3B, 0x20,
    0x70, 0x61, 0x64, 0x64, 0x69, 0x6E, 0x67, 0x3A, 0x20, 0x2E, 0x34, 0x72, 0x65, 0x6D, 0x20, 0x2E,
    0x36, 0x72, 0x65, 0x6D, 0x3B, 0x0A, 0x7D, 0x0A, 0x69, 0x6E, 0x70, 0x75, 0x74, 0x3A, 0x66, 0x6F,
    0x63, 0x75, 0x73, 0x2C, 0x20, 0x73, 0x65, 0x6C, 0x65, 0x63, 0x74, 0x3A, 0x66, 0x6F, 0x63, 0x75,
    0x73, 0x2C, 0x20, 0x74, 0x65, 0x78, 0x74, 0x61, 0x72, 0x65, 0x61, 0x3A, 0x66, 0x6F, 0x63, 0x75,
    0x73, 0x20, 0x7B, 0x20, 0x6F, 0x75, 0x74, 0x6C, 0x69, 0x6E, 0x65, 0x3A, 0x20, 0x32, 0x70, 0x78,
    0x20, 0x73, 0x6F, 0x6C, 0x69, 0x64, 0x20, 0x76, 0x61, 0x72, 0x28, 0x2D, 0x2D, 0x6F, 0x75, 0x74,
    0x72, 0x65, 0x6D, 0x65, 0x72, 0x29, 0x3B, 0x20, 0x6F, 0x75, 0x74, 0x6C, 0x69, 0x6E, 0x65, 0x2D,
    0x6F, 0x66, 0x66, 0x73, 0x65, 0x74, 0x3A, 0x20, 0x2D, 0x31, 0x70, 0x78, 0x3B, 0x20, 0x7D, 0x0A,
    0x74, 0x65, 0x78, 0x74, 0x61, 0x72, 0x65, 0x61, 0x20, 0x7B, 0x20, 0x77, 0x69, 0x64, 0x74, 0x68,
    0x3A, 0x20, 0x31, 0x30, 0x30, 0x25, 0x3B, 0x20, 0x66, 0x6F, 0x6E, 0x74, 0x2D, 0x66, 0x61, 0x6D,
    0x69, 0x6C, 0x79, 0x3A, 0x20, 0x76, 0x61, 0x72, 0x28, 0x2D, 0x2D, 0x6D, 0x6F, 0x6E, 0x6F, 0x29,
    0x3B, 0x20, 0x66, 0x6F, 0x6E, 0x74, 0x2D, 0x73, 0x69, 0x7A, 0x65, 0x3A, 0x20, 0x2E, 0x38, 0x35,
    0x72, 0x65, 0x6D, 0x3B, 0x20, 0x7D, 0x0A, 0x6C, 0x61, 0x62, 0x65, 0x6C, 0x20, 0x7B, 0x20, 0x64,
    0x69, 0x73, 0x70, 0x6C, 0x61, 0x79, 0x3A, 0x20, 0x62, 0x6C, 0x6F, 0x63, 0x6B, 0x3B, 0x20, 0x66,
    0x6F, 0x6E, 0x74, 0x2D, 0x73, 0x69, 0x7A, 0x65, 0x3A, 0x20, 0x2E, 0x38, 0x35, 0x72, 0x65, 0x6D,
    0x3B, 0x20, 0x63, 0x6F, 0x6C, 0x6F, 0x72, 0x3A, 0x20, 0x76, 0x61, 0x72, 0x28, 0x2D, 0x2D, 0x64,
    0x69, 0x73, 0x63, 0x72, 0x65, 0x74, 0x29, 0x3B, 0x20, 0x6D, 0x61, 0x72, 0x67, 0x69, 0x6E, 0x3A,
    0x20, 0x2E, 0x38, 0x72, 0x65, 0x6D, 0x20, 0x30, 0x20, 0x2E, 0x33, 0x72, 0x65, 0x6D, 0x3B, 0x20,
    0x7D, 0x0A, 0x0A, 0x2F, 0x2A, 0x20, 0x2D, 0x2D, 0x2D, 0x20, 0x55, 0x74, 0x69, 0x6C, 0x69, 0x74,
    0x61, 0x69, 0x72, 0x65, 0x73, 0x20, 0x2D, 0x2D, 0x2D, 0x2D, 0x2D, 0x2D, 0x2D, 0x2D, 0x2D, 0x2D,
    0x2D, 0x2D, 0x2D, 0x2D, 0x2D, 0x2D, 0x2D, 0x2D, 0x2D, 0x2D, 0x2D, 0x2D, 0x2D, 0x2D, 0x2D, 0x2D,
    0x2D, 0x2D, 0x2D, 0x2D, 0x2D, 0x2D, 0x2D, 0x2D, 0x2D, 0x2D, 0x2D, 0x2D, 0x2D, 0x2D, 0x2D, 0x2D,
    0x2D, 0x2D, 0x2D, 0x2D, 0x2D, 0x2D, 0x2D, 0x2D, 0x2D, 0x2D, 0x2D, 0x2D, 0x2D, 0x2D, 0x20, 0x2A,
    0x2F, 0x0A, 0x2E, 0x6C, 0x69, 0x67, 0x6E, 0x65, 0x20, 0x7B, 0x20, 0x64, 0x69, 0x73, 0x70, 0x6C,
    0x61, 0x79, 0x3A, 0x20, 0x66, 0x6C, 0x65, 0x78, 0x3B, 0x20, 0x67, 0x61, 0x70, 0x3A, 0x20, 0x2E,
    0x35, 0x72, 0x65, 0x6D, 0x3B, 0x20, 0x61, 0x6C, 0x69, 0x67, 0x6E, 0x2D, 0x69, 0x74, 0x65, 0x6D,
    0x73, 0x3A, 0x20, 0x63, 0x65, 0x6E, 0x74, 0x65, 0x72, 0x3B, 0x20, 0x66, 0x6C, 0x65, 0x78, 0x2D,
    0x77, 0x72, 0x61, 0x70, 0x3A, 0x20, 0x77, 0x72, 0x61, 0x70, 0x3B, 0x20, 0x7D, 0x0A, 0x2E, 0x64,
    0x69, 0x73, 0x63, 0x72, 0x65, 0x74, 0x20, 0x7B, 0x20, 0x63, 0x6F, 0x6C, 0x6F, 0x72, 0x3A, 0x20,
    0x76, 0x61, 0x72, 0x28, 0x2D, 0x2D, 0x64, 0x69, 0x73, 0x63, 0x72, 0x65, 0x74, 0x29, 0x3B, 0x20,
    0x66, 0x6F, 0x6E, 0x74, 0x2D, 0x73, 0x69, 0x7A, 0x65, 0x3A, 0x20, 0x2E, 0x38, 0x35, 0x72, 0x65,
    0x6D, 0x3B, 0x20, 0x7D, 0x0A, 0x2E, 0x6D, 0x6F, 0x6E, 0x6F, 0x2C, 0x20, 0x2E, 0x63, 0x6F, 0x64,
    0x65, 0x20, 0x7B, 0x20, 0x66, 0x6F, 0x6E, 0x74, 0x2D, 0x66, 0x61, 0x6D, 0x69, 0x6C, 0x79, 0x3A,
    0x20, 0x76, 0x61, 0x72, 0x28, 0x2D, 0x2D, 0x6D, 0x6F, 0x6E, 0x6F, 0x29, 0x3B, 0x20, 0x7D, 0x0A,
    0x2E, 0x65, 0x72, 0x72, 0x65, 0x75, 0x72, 0x20, 0x7B, 0x20, 0x63, 0x6F, 0x6C, 0x6F, 0x72, 0x3A,
    0x20, 0x76, 0x61, 0x72, 0x28, 0x2D, 0x2D, 0x61, 0x6C, 0x65, 0x72, 0x74, 0x65, 0x29, 0x3B, 0x20,
    0x66, 0x6F, 0x6E, 0x74, 0x2D, 0x73, 0x69, 0x7A, 0x65, 0x3A, 0x20, 0x2E, 0x38, 0x38, 0x72, 0x65,
    0x6D, 0x3B, 0x20, 0x7D, 0x0A, 0x0A, 0x2E, 0x62, 0x61, 0x64, 0x67, 0x65, 0x20, 0x7B, 0x0A, 0x20,
    0x20, 0x62, 0x6F, 0x72, 0x64, 0x65, 0x72, 0x2D, 0x72, 0x61, 0x64, 0x69, 0x75, 0x73, 0x3A, 0x20,
    0x39, 0x39, 0x39, 0x70, 0x78, 0x3B, 0x20, 0x70, 0x61, 0x64, 0x64, 0x69, 0x6E, 0x67, 0x3A, 0x20,
    0x2E, 0x31, 0x72, 0x65, 0x6D, 0x20, 0x2E, 0x36, 0x35, 0x72, 0x65, 0x6D, 0x3B, 0x20, 0x66, 0x6F,
    0x6E, 0x74, 0x2D, 0x73, 0x69, 0x7A, 0x65, 0x3A, 0x20, 0x2E, 0x38, 0x72, 0x65, 0x6D, 0x3B, 0x0A,
    0x20, 0x20, 0x62, 0x61, 0x63, 0x6B, 0x67, 0x72, 0x6F, 0x75, 0x6E, 0x64, 0x3A, 0x20, 0x76, 0x61,
    0x72, 0x28, 0x2D, 0x2D, 0x6F, 0x75, 0x74, 0x72, 0x65, 0x6D, 0x65, 0x72, 0x2D, 0x70, 0x61, 0x6C,
    0x65, 0x29, 0x3B, 0x20, 0x63, 0x6F, 0x6C, 0x6F, 0x72, 0x3A, 0x20, 0x76, 0x61, 0x72, 0x28, 0x2D,
    0x2D, 0x6F, 0x75, 0x74, 0x72, 0x65, 0x6D, 0x65, 0x72, 0x29, 0x3B, 0x20, 0x66, 0x6F, 0x6E, 0x74,
    0x2D, 0x77, 0x65, 0x69, 0x67, 0x68, 0x74, 0x3A, 0x20, 0x36, 0x30, 0x30, 0x3B, 0x0A, 0x7D, 0x0A,
    0x2E, 0x62, 0x61, 0x64, 0x67, 0x65, 0x2E, 0x61, 0x6C, 0x65, 0x72, 0x74, 0x65, 0x20, 0x7B, 0x20,
    0x62, 0x61, 0x63, 0x6B, 0x67, 0x72, 0x6F, 0x75, 0x6E, 0x64, 0x3A, 0x20, 0x76, 0x61, 0x72, 0x28,
    0x2D, 0x2D, 0x61, 0x6C, 0x65, 0x72, 0x74, 0x65, 0x29, 0x3B, 0x20, 0x63, 0x6F, 0x6C, 0x6F, 0x72,
    0x3A, 0x20, 0x23, 0x66, 0x66, 0x66, 0x3B, 0x20, 0x7D, 0x0A, 0x2E, 0x62, 0x61, 0x64, 0x67, 0x65,
    0x2E, 0x61, 0x74, 0x74, 0x65, 0x6E, 0x74, 0x69, 0x6F, 0x6E, 0x20, 0x7B, 0x20, 0x62, 0x61, 0x63,
    0x6B, 0x67, 0x72, 0x6F, 0x75, 0x6E, 0x64, 0x3A, 0x20, 0x76, 0x61, 0x72, 0x28, 0x2D, 0x2D, 0x61,
    0x74, 0x74, 0x65, 0x6E, 0x74, 0x69, 0x6F, 0x6E, 0x29, 0x3B, 0x20, 0x63, 0x6F, 0x6C, 0x6F, 0x72,
    0x3A, 0x20, 0x23, 0x31, 0x61, 0x31, 0x32, 0x30, 0x30, 0x3B, 0x20, 0x7D, 0x0A, 0x2E, 0x62, 0x61,
    0x64, 0x67, 0x65, 0x2E, 0x6F, 0x6B, 0x20, 0x7B, 0x20, 0x62, 0x61, 0x63, 0x6B, 0x67, 0x72, 0x6F,
    0x75, 0x6E, 0x64, 0x3A, 0x20, 0x76, 0x61, 0x72, 0x28, 0x2D, 0x2D, 0x6F, 0x6B, 0x29, 0x3B, 0x20,
    0x63, 0x6F, 0x6C, 0x6F, 0x72, 0x3A, 0x20, 0x23, 0x66, 0x66, 0x66, 0x3B, 0x20, 0x7D, 0x0A, 0x0A,
    0x2E, 0x70, 0x61, 0x73, 0x74, 0x69, 0x6C, 0x6C, 0x65, 0x20, 0x7B, 0x20, 0x64, 0x69, 0x73, 0x70,
    0x6C, 0x61, 0x79, 0x3A, 0x20, 0x69, 0x6E, 0x6C, 0x69, 0x6E, 0x65, 0x2D, 0x62, 0x6C, 0x6F, 0x63,
    0x6B, 0x3B, 0x20, 0x77, 0x69, 0x64, 0x74, 0x68, 0x3A, 0x20, 0x31, 0x30, 0x70, 0x78, 0x3B, 0x20,
    0x68, 0x65, 0x69, 0x67, 0x68, 0x74, 0x3A, 0x20, 0x31, 0x30, 0x70, 0x78, 0x3B, 0x20, 0x62, 0x6F,
    0x72, 0x64, 0x65, 0x72, 0x2D, 0x72, 0x61, 0x64, 0x69, 0x75, 0x73, 0x3A, 0x20, 0x35, 0x30, 0x25,
    0x3B, 0x20, 0x62, 0x61, 0x63, 0x6B, 0x67, 0x72, 0x6F, 0x75, 0x6E, 0x64, 0x3A, 0x20, 0x76, 0x61,
    0x72, 0x28, 0x2D, 0x2D, 0x61, 0x6C, 0x65, 0x72, 0x74, 0x65, 0x29, 0x3B, 0x20, 0x7D, 0x0A, 0x2E,
    0x70, 0x61, 0x73, 0x74, 0x69, 0x6C, 0x6C, 0x65, 0x2E, 0x6F, 0x6B, 0x20, 0x7B, 0x20, 0x62, 0x61,
    0x63, 0x6B, 0x67, 0x72, 0x6F, 0x75, 0x6E, 0x64, 0x3A, 0x20, 0x76, 0x61, 0x72, 0x28, 0x2D, 0x2D,
    0x6F, 0x6B, 0x29, 0x3B, 0x20, 0x62, 0x6F, 0x78, 0x2D, 0x73, 0x68, 0x61, 0x64, 0x6F, 0x77, 0x3A,
    0x20, 0x30, 0x20, 0x30, 0x20, 0x30, 0x20, 0x33, 0x70, 0x78, 0x20, 0x72, 0x67, 0x62, 0x61, 0x28,
    0x33, 0x30, 0x2C, 0x31, 0x32, 0x36, 0x2C, 0x35, 0x32, 0x2C, 0x2E, 0x31, 0x38, 0x29, 0x3B, 0x20,
    0x7D, 0x0A, 0x0A, 0x74, 0x61, 0x62, 0x6C, 0x65, 0x20, 0x7B, 0x20, 0x77, 0x69, 0x64, 0x74, 0x68,
    0x3A, 0x20, 0x31, 0x30, 0x30, 0x25, 0x3B, 0x20, 0x62, 0x6F, 0x72, 0x64, 0x65, 0x72, 0x2D, 0x63,
    0x6F, 0x6C, 0x6C, 0x61, 0x70, 0x73, 0x65, 0x3A, 0x20, 0x63, 0x6F, 0x6C, 0x6C, 0x61, 0x70, 0x73,
    0x65, 0x3B, 0x20, 0x66, 0x6F, 0x6E, 0x74, 0x2D, 0x73, 0x69, 0x7A, 0x65, 0x3A, 0x20, 0x2E, 0x39,
    0x72, 0x65, 0x6D, 0x3B, 0x20, 0x7D, 0x0A, 0x74, 0x68, 0x2C, 0x20, 0x74, 0x64, 0x20, 0x7B, 0x20,
    0x74, 0x65, 0x78, 0x74, 0x2D, 0x61, 0x6C, 0x69, 0x67, 0x6E, 0x3A, 0x20, 0x6C, 0x65, 0x66, 0x74,
    0x3B, 0x20, 0x70, 0x61, 0x64, 0x64, 0x69, 0x6E, 0x67, 0x3A, 0x20, 0x2E, 0x33, 0x35, 0x72, 0x65,
    0x6D, 0x20, 0x2E, 0x35, 0x72, 0x65, 0x6D, 0x3B, 0x20, 0x62, 0x6F, 0x72, 0x64, 0x65, 0x72, 0x2D,
    0x62, 0x6F, 0x74, 0x74, 0x6F, 0x6D, 0x3A, 0x20, 0x31, 0x70, 0x78, 0x20, 0x73, 0x6F, 0x6C, 0x69,
    0x64, 0x20, 0x76, 0x61, 0x72, 0x28, 0x2D, 0x2D, 0x62, 0x6F, 0x72, 0x64, 0x29, 0x3B, 0x20, 0x7D,
    0x0A, 0x74, 0x68, 0x20, 0x7B, 0x20, 0x63, 0x6F, 0x6C, 0x6F, 0x72, 0x3A, 0x20, 0x76, 0x61, 0x72,
    0x28, 0x2D, 0x2D, 0x64, 0x69, 0x73, 0x63, 0x72, 0x65, 0x74, 0x29, 0x3B, 0x20, 0x66, 0x6F, 0x6E,
    0x74, 0x2D, 0x77, 0x65, 0x69, 0x67, 0x68, 0x74, 0x3A, 0x20, 0x36, 0x30, 0x30, 0x3B, 0x20, 0x7D,
    0x0A, 0x0A, 0x2F, 0x2A, 0x20, 0x2D, 0x2D, 0x2D, 0x20, 0x42, 0x61, 0x6E, 0x64, 0x65, 0x61, 0x75,
    0x20, 0x64, 0x27, 0xC3, 0xA9, 0x74, 0x61, 0x74, 0x20, 0x2D, 0x2D, 0x2D, 0x2D, 0x2D, 0x2D, 0x2D,
    0x2D, 0x2D, 0x2D, 0x2D, 0x2D, 0x2D, 0x2D, 0x2D, 0x2D, 0x2D, 0x2D, 0x2D, 0x2D, 0x2D, 0x2D, 0x2D,
    0x2D, 0x2D, 0x2D, 0x2D, 0x2D, 0x2D, 0x2D, 0x2D, 0x2D, 0x2D, 0x2D, 0x2D, 0x2D, 0x2D, 0x2D, 0x2D,
    0x2D, 0x2D, 0x2D, 0x2D, 0x2D, 0x2D, 0x2D, 0x2D, 0x2D, 0x2D, 0x2D, 0x2D, 0x2D, 0x2D, 0x20, 0x2A,
    0x2F, 0x0A, 0x2E, 0x62, 0x61, 0x6E, 0x64, 0x65, 0x61, 0x75, 0x20, 0x7B, 0x0A, 0x20, 0x20, 0x62,
    0x6F, 0x72, 0x64, 0x65, 0x72, 0x2D, 0x72, 0x61, 0x64, 0x69, 0x75, 0x73, 0x3A, 0x20, 0x31, 0x32,
    0x70, 0x78, 0x3B, 0x20, 0x70, 0x61, 0x64, 0x64, 0x69, 0x6E, 0x67, 0x3A, 0x20, 0x2E, 0x39, 0x72,
    0x65, 0x6D, 0x20, 0x31, 0x72, 0x65, 0x6D, 0x3B, 0x20, 0x66, 0x6F, 0x6E, 0x74, 0x2D, 0x77, 0x65,
    0x69, 0x67, 0x68, 0x74, 0x3A, 0x20, 0x36, 0x30, 0x30, 0x3B, 0x20, 0x63, 0x6F, 0x6C, 0x6F, 0x72,
    0x3A, 0x20, 0x23, 0x66, 0x66, 0x66, 0x3B, 0x0A, 0x20, 0x20, 0x64, 0x69, 0x73, 0x70, 0x6C, 0x61,
    0x79, 0x3A, 0x20, 0x66, 0x6C, 0x65, 0x78, 0x3B, 0x20, 0x61, 0x6C, 0x69, 0x67, 0x6E, 0x2D, 0x69,
    0x74, 0x65, 0x6D, 0x73, 0x3A, 0x20, 0x63, 0x65, 0x6E, 0x74, 0x65, 0x72, 0x3B, 0x20, 0x6A, 0x75,
    0x73, 0x74, 0x69, 0x66, 0x79, 0x2D, 0x63, 0x6F, 0x6E, 0x74, 0x65, 0x6E, 0x74, 0x3A, 0x20, 0x73,
    0x70, 0x61, 0x63, 0x65, 0x2D, 0x62, 0x65, 0x74, 0x77, 0x65, 0x65, 0x6E, 0x3B, 0x20, 0x67, 0x61,
    0x70, 0x3A, 0x20, 0x31, 0x72, 0x65, 0x6D, 0x3B, 0x20, 0x66, 0x6C, 0x65, 0x78, 0x2D, 0x77, 0x72,
    0x61, 0x70, 0x3A, 0x20, 0x77, 0x72, 0x61, 0x70, 0x3B, 0x0A, 0x7D, 0x0A, 0x2E, 0x62, 0x61, 0x6E,
    0x64, 0x65, 0x61, 0x75, 0x2E, 0x72, 0x6F, 0x75, 0x67, 0x65, 0x20, 0x7B, 0x20, 0x62, 0x61, 0x63,
    0x6B, 0x67, 0x72, 0x6F, 0x75, 0x6E, 0x64, 0x3A, 0x20, 0x76, 0x61, 0x72, 0x28, 0x2D, 0x2D, 0x61,
    0x6C, 0x65, 0x72, 0x74, 0x65, 0x29, 0x3B, 0x20, 0x7D, 0x0A, 0x2E, 0x62, 0x61, 0x6E, 0x64, 0x65,
    0x61, 0x75, 0x2E, 0x76, 0x65, 0x72, 0x74, 0x20, 0x7B, 0x20, 0x62, 0x61, 0x63, 0x6B, 0x67, 0x72,
    0x6F, 0x75, 0x6E, 0x64, 0x3A, 0x20, 0x76, 0x61, 0x72, 0x28, 0x2D, 0x2D, 0x6F, 0x6B, 0x29, 0x3B,
    0x20, 0x7D, 0x0A, 0x2E, 0x62, 0x61, 0x6E, 0x64, 0x65, 0x61, 0x75, 0x20, 0x69, 0x6E, 0x70, 0x75,
    0x74, 0x20, 0x7B, 0x20, 0x62, 0x6F, 0x72, 0x64, 0x65, 0x72, 0x3A, 0x20, 0x6E, 0x6F, 0x6E, 0x65,
    0x3B, 0x20, 0x7D, 0x0A, 0x2E, 0x62, 0x61, 0x6E, 0x64, 0x65, 0x61, 0x75, 0x20, 0x62, 0x75, 0x74,
    0x74, 0x6F, 0x6E, 0x20, 0x7B, 0x20, 0x62, 0x6F, 0x72, 0x64, 0x65, 0x72, 0x2D, 0x63, 0x6F, 0x6C,
    0x6F, 0x72, 0x3A, 0x20, 0x23, 0x66, 0x66, 0x66, 0x3B, 0x20, 0x62, 0x61, 0x63, 0x6B, 0x67, 0x72,
    0x6F, 0x75, 0x6E, 0x64, 0x3A, 0x20, 0x74, 0x72, 0x61, 0x6E, 0x73, 0x70, 0x61, 0x72, 0x65, 0x6E,
    0x74, 0x3B, 0x20, 0x63, 0x6F, 0x6C, 0x6F, 0x72, 0x3A, 0x20, 0x23, 0x66, 0x66, 0x66, 0x3B, 0x20,
    0x7D, 0x0A, 0x2E, 0x62, 0x61, 0x6E, 0x64, 0x65, 0x61, 0x75, 0x20, 0x62, 0x75, 0x74, 0x74, 0x6F,
    0x6E, 0x3A, 0x68, 0x6F, 0x76, 0x65, 0x72, 0x20, 0x7B, 0x20, 0x62, 0x61, 0x63, 0x6B, 0x67, 0x72,
    0x6F, 0x75, 0x6E, 0x64, 0x3A, 0x20, 0x72, 0x67, 0x62, 0x61, 0x28, 0x32, 0x35, 0x35, 0x2C, 0x32,
    0x35, 0x35, 0x2C, 0x32, 0x35, 0x35, 0x2C, 0x2E, 0x31, 0x35, 0x29, 0x3B, 0x20, 0x7D, 0x0A, 0x0A,
    0x2F, 0x2A, 0x20, 0x2D, 0x2D, 0x2D, 0x20, 0x46, 0x65, 0x6E, 0xC3, 0xAA, 0x74, 0x72, 0x65, 0x20,
    0x6D, 0x6F, 0x64, 0x61, 0x6C, 0x65, 0x20, 0x2D, 0x2D, 0x2D, 0x2D, 0x2D, 0x2D, 0x2D, 0x2D, 0x2D,
    0x2D, 0x2D, 0x2D, 0x2D, 0x2D, 0x2D, 0x2D, 0x2D, 0x2D, 0x2D, 0x2D, 0x2D, 0x2D, 0x2D, 0x2D, 0x2D,
    0x2D, 0x2D, 0x2D, 0x2D, 0x2D, 0x2D, 0x2D, 0x2D, 0x2D, 0x2D, 0x2D, 0x2D, 0x2D, 0x2D, 0x2D, 0x2D,
    0x2D, 0x2D, 0x2D, 0x2D, 0x2D, 0x2D, 0x2D, 0x2D, 0x2D, 0x2D, 0x2D, 0x2D, 0x20, 0x2A, 0x2F, 0x0A,
    0x2E, 0x76, 0x6F, 0x69, 0x6C, 0x65, 0x20, 0x7B, 0x0A, 0x20, 0x20, 0x70, 0x6F, 0x73, 0x69, 0x74,
    0x69, 0x6F, 0x6E, 0x3A, 0x20, 0x66, 0x69, 0x78, 0x65, 0x64, 0x3B, 0x20, 0x69, 0x6E, 0x73, 0x65,
    0x74, 0x3A, 0x20, 0x30, 0x3B, 0x20, 0x62, 0x61, 0x63, 0x6B, 0x67, 0x72, 0x6F, 0x75, 0x6E, 0x64,
    0x3A, 0x20, 0x72, 0x67, 0x62, 0x61, 0x28, 0x31, 0x37, 0x2C, 0x31, 0x37, 0x2C, 0x31, 0x37, 0x2C,
    0x2E, 0x34, 0x35, 0x29, 0x3B, 0x20, 0x7A, 0x2D, 0x69, 0x6E, 0x64, 0x65, 0x78, 0x3A, 0x20, 0x35,
    0x30, 0x3B, 0x0A, 0x20, 0x20, 0x2F, 0x2A, 0x20, 0x60, 0x64, 0x69, 0x73, 0x70, 0x6C, 0x61, 0x79,
    0x60, 0x20, 0x65, 0x73, 0x74, 0x20, 0x70, 0x6F, 0x73, 0xC3, 0xA9, 0x20, 0x45, 0x4E, 0x20, 0x4C,
    0x49, 0x47, 0x4E, 0x45, 0x20, 0x70, 0x61, 0x72, 0x20, 0x6C, 0x65, 0x20, 0x73, 0x63, 0x72, 0x69,
    0x70, 0x74, 0x20, 0x3A, 0x20, 0x75, 0x6E, 0x65, 0x20, 0x72, 0xC3, 0xA8, 0x67, 0x6C, 0x65, 0x20,
    0x60, 0x66, 0x6C, 0x65, 0x78, 0x60, 0x20, 0x69, 0x63, 0x69, 0x20, 0xC3, 0xA9, 0x63, 0x72, 0x61,
    0x73, 0x65, 0x72, 0x61, 0x69, 0x74, 0x0A, 0x20, 0x20, 0x20, 0x20, 0x20, 0x6C, 0x27, 0x61, 0x74,
    0x74, 0x72, 0x69, 0x62, 0x75, 0x74, 0x20, 0x60, 0x68, 0x69, 0x64, 0x64, 0x65, 0x6E, 0x60, 0x20,
    0x65, 0x74, 0x20, 0x6C, 0x61, 0x69, 0x73, 0x73, 0x65, 0x72, 0x61, 0x69, 0x74, 0x20, 0x6C, 0x61,
    0x20, 0x66, 0x65, 0x6E, 0xC3, 0xAA, 0x74, 0x72, 0x65, 0x20, 0x6F, 0x75, 0x76, 0x65, 0x72, 0x74,
    0x65, 0x20, 0x65, 0x6E, 0x20, 0x70, 0x65, 0x72, 0x6D, 0x61, 0x6E, 0x65, 0x6E, 0x63, 0x65, 0x2E,
    0x20, 0x2A, 0x2F, 0x0A, 0x20, 0x20, 0x64, 0x69, 0x73, 0x70, 0x6C, 0x61, 0x79, 0x3A, 0x20, 0x6E,
    0x6F, 0x6E, 0x65, 0x3B, 0x20, 0x61, 0x6C, 0x69, 0x67, 0x6E, 0x2D, 0x69, 0x74, 0x65, 0x6D, 0x73,
    0x3A, 0x20, 0x63, 0x65, 0x6E, 0x74, 0x65, 0x72, 0x3B, 0x20, 0x6A, 0x75, 0x73, 0x74, 0x69, 0x66,
    0x79, 0x2D, 0x63, 0x6F, 0x6E, 0x74, 0x65, 0x6E, 0x74, 0x3A, 0x20, 0x63, 0x65, 0x6E, 0x74, 0x65,
    0x72, 0x3B, 0x20, 0x70, 0x61, 0x64, 0x64, 0x69, 0x6E, 0x67, 0x3A, 0x20, 0x31, 0x72, 0x65, 0x6D,
    0x3B, 0x0A, 0x7D, 0x0A, 0x2E, 0x6D, 0x6F, 0x64, 0x61, 0x6C, 0x65, 0x20, 0x7B, 0x0A, 0x20, 0x20,
    0x62, 0x61, 0x63, 0x6B, 0x67, 0x72, 0x6F, 0x75, 0x6E, 0x64, 0x3A, 0x20, 0x23, 0x66, 0x66, 0x66,
    0x3B, 0x20, 0x62, 0x6F, 0x72, 0x64, 0x65, 0x72, 0x2D, 0x72, 0x61, 0x64, 0x69, 0x75, 0x73, 0x3A,
    0x20, 0x31, 0x32, 0x70, 0x78, 0x3B, 0x20, 0x70, 0x61, 0x64, 0x64, 0x69, 0x6E, 0x67, 0x3A, 0x20,
    0x31, 0x2E, 0x33, 0x72, 0x65, 0x6D, 0x3B, 0x20, 0x77, 0x69, 0x64, 0x74, 0x68, 0x3A, 0x20, 0x31,
    0x30, 0x30, 0x25, 0x3B, 0x20, 0x6D, 0x61, 0x78, 0x2D, 0x77, 0x69, 0x64, 0x74, 0x68, 0x3A, 0x20,
    0x34, 0x36, 0x30, 0x70, 0x78, 0x3B, 0x0A, 0x20, 0x20, 0x62, 0x6F, 0x78, 0x2D, 0x73, 0x68, 0x61,
    0x64, 0x6F, 0x77, 0x3A, 0x20, 0x30, 0x20, 0x31, 0x32, 0x70, 0x78, 0x20, 0x34, 0x30, 0x70, 0x78,
    0x20, 0x72, 0x67, 0x62, 0x61, 0x28, 0x30, 0x2C, 0x30, 0x2C, 0x30, 0x2C, 0x2E, 0x32, 0x35, 0x29,
    0x3B, 0x0A, 0x7D, 0x0A, 0x2E, 0x6D, 0x6F, 0x64, 0x61, 0x6C, 0x65, 0x20, 0x75, 0x6C, 0x20, 0x7B,
    0x20, 0x6C, 0x69, 0x73, 0x74, 0x2D, 0x73, 0x74, 0x79, 0x6C, 0x65, 0x3A, 0x20, 0x6E, 0x6F, 0x6E,
    0x65, 0x3B, 0x20, 0x7D, 0x0A, 0x2E, 0x6D, 0x6F, 0x64, 0x61, 0x6C, 0x65, 0x20, 0x6C, 0x69, 0x20,
    0x7B, 0x0A, 0x20, 0x20, 0x64, 0x69, 0x73, 0x70, 0x6C, 0x61, 0x79, 0x3A, 0x20, 0x66, 0x6C, 0x65,
    0x78, 0x3B, 0x20, 0x61, 0x6C, 0x69, 0x67, 0x6E, 0x2D, 0x69, 0x74, 0x65, 0x6D, 0x73, 0x3A, 0x20,
    0x63, 0x65, 0x6E, 0x74, 0x65, 0x72, 0x3B, 0x20, 0x6A, 0x75, 0x73, 0x74, 0x69, 0x66, 0x79, 0x2D,
    0x63, 0x6F, 0x6E, 0x74, 0x65, 0x6E, 0x74, 0x3A, 0x20, 0x73, 0x70, 0x61, 0x63, 0x65, 0x2D, 0x62,
    0x65, 0x74, 0x77, 0x65, 0x65, 0x6E, 0x3B, 0x0A, 0x20, 0x20, 0x70, 0x61, 0x64, 0x64, 0x69, 0x6E,
    0x67, 0x3A, 0x20, 0x2E, 0x34, 0x72, 0x65, 0x6D, 0x20, 0x2E, 0x32, 0x72, 0x65, 0x6D, 0x3B, 0x20,
    0x62, 0x6F, 0x72, 0x64, 0x65, 0x72, 0x2D, 0x62, 0x6F, 0x74, 0x74, 0x6F, 0x6D, 0x3A, 0x20, 0x31,
    0x70, 0x78, 0x20, 0x73, 0x6F, 0x6C, 0x69, 0x64, 0x20, 0x76, 0x61, 0x72, 0x28, 0x2D, 0x2D, 0x62,
    0x6F, 0x72, 0x64, 0x29, 0x3B, 0x0A, 0x7D, 0x0A, 0x2E, 0x61, 0x63, 0x74, 0x69, 0x6F, 0x6E, 0x73,
    0x20, 0x7B, 0x20, 0x64, 0x69, 0x73, 0x70, 0x6C, 0x61, 0x79, 0x3A, 0x20, 0x66, 0x6C, 0x65, 0x78,
    0x3B, 0x20, 0x6A, 0x75, 0x73, 0x74, 0x69, 0x66, 0x79, 0x2D, 0x63, 0x6F, 0x6E, 0x74, 0x65, 0x6E,
    0x74, 0x3A, 0x20, 0x66, 0x6C, 0x65, 0x78, 0x2D, 0x65, 0x6E, 0x64, 0x3B, 0x20, 0x67, 0x61, 0x70,
    0x3A, 0x20, 0x2E, 0x36, 0x72, 0x65, 0x6D, 0x3B, 0x20, 0x6D, 0x61, 0x72, 0x67, 0x69, 0x6E, 0x2D,
    0x74, 0x6F, 0x70, 0x3A, 0x20, 0x31, 0x2E, 0x32, 0x72, 0x65, 0x6D, 0x3B, 0x20, 0x7D, 0x0A, 0x0A,
    0x2F, 0x2A, 0x20, 0x2D, 0x2D, 0x2D, 0x20, 0x4E, 0x6F, 0x74, 0x69, 0x66, 0x69, 0x63, 0x61, 0x74,
    0x69, 0x6F, 0x6E, 0x73, 0x20, 0x2D, 0x2D, 0x2D, 0x2D, 0x2D, 0x2D, 0x2D, 0x2D, 0x2D, 0x2D, 0x2D,
    0x2D, 0x2D, 0x2D, 0x2D, 0x2D, 0x2D, 0x2D, 0x2D, 0x2D, 0x2D, 0x2D, 0x2D, 0x2D, 0x2D, 0x2D, 0x2D,
    0x2D, 0x2D, 0x2D, 0x2D, 0x2D, 0x2D, 0x2D, 0x2D, 0x2D, 0x2D, 0x2D, 0x2D, 0x2D, 0x2D, 0x2D, 0x2D,
    0x2D, 0x2D, 0x2D, 0x2D, 0x2D, 0x2D, 0x2D, 0x2D, 0x2D, 0x2D, 0x2D, 0x20, 0x2A, 0x2F, 0x0A, 0x2E,
    0x66, 0x65, 0x6E, 0x65, 0x74, 0x72, 0x65, 0x73, 0x20, 0x7B, 0x0A, 0x20, 0x20, 0x2F, 0x2A, 0x20,
    0x53, 0x6F, 0x75, 0x73, 0x20, 0x6C, 0x61, 0x20, 0x62, 0x61, 0x72, 0x72, 0x65, 0x20, 0x64, 0x27,
    0x65, 0x6E, 0x2D, 0x74, 0xC3, 0xAA, 0x74, 0x65, 0x20, 0x3A, 0x20, 0xC3, 0xA0, 0x20, 0x31, 0x72,
    0x65, 0x6D, 0x2C, 0x20, 0x6C, 0x65, 0x73, 0x20, 0x6E, 0x6F, 0x74, 0x69, 0x66, 0x69, 0x63, 0x61,
    0x74, 0x69, 0x6F, 0x6E, 0x73, 0x20, 0x6C, 0x61, 0x20, 0x72, 0x65, 0x63, 0x6F, 0x75, 0x76, 0x72,
    0x61, 0x69, 0x65, 0x6E, 0x74, 0x20, 0x65, 0x74, 0x0A, 0x20, 0x20, 0x20, 0x20, 0x20, 0x6D, 0x61,
    0x73, 0x71, 0x75, 0x61, 0x69, 0x65, 0x6E, 0x74, 0x20, 0x6C, 0x27, 0xC3, 0xA9, 0x74, 0x61, 0x74,
    0x20, 0x64, 0x65, 0x20, 0x6C, 0x61, 0x20, 0x6C, 0x69, 0x61, 0x69, 0x73, 0x6F, 0x6E, 0x20, 0x3A,
    0x20, 0x76, 0x75, 0x20, 0x61, 0x75, 0x20, 0x72, 0x65, 0x6E, 0x64, 0x75, 0x20, 0x64, 0x75, 0x20,
    0x62, 0x61, 0x6E, 0x63, 0x20, 0x45, 0x6E, 0x4F, 0x63, 0x65, 0x61, 0x6E, 0x2E, 0x20, 0x2A, 0x2F,
    0x0A, 0x20, 0x20, 0x70, 0x6F, 0x73, 0x69, 0x74, 0x69, 0x6F, 0x6E, 0x3A, 0x20, 0x66, 0x69, 0x78,
    0x65, 0x64, 0x3B, 0x20, 0x74, 0x6F, 0x70, 0x3A, 0x20, 0x34, 0x2E, 0x36, 0x72, 0x65, 0x6D, 0x3B,
    0x20, 0x72, 0x69, 0x67, 0x68, 0x74, 0x3A, 0x20, 0x31, 0x72, 0x65, 0x6D, 0x3B, 0x20, 0x7A, 0x2D,
    0x69, 0x6E, 0x64, 0x65, 0x78, 0x3A, 0x20, 0x31, 0x30, 0x30, 0x3B, 0x0A, 0x20, 0x20, 0x64, 0x69,
    0x73, 0x70, 0x6C, 0x61, 0x79, 0x3A, 0x20, 0x66, 0x6C, 0x65, 0x78, 0x3B, 0x20, 0x66, 0x6C, 0x65,
    0x78, 0x2D, 0x64, 0x69, 0x72, 0x65, 0x63, 0x74, 0x69, 0x6F, 0x6E, 0x3A, 0x20, 0x63, 0x6F, 0x6C,
    0x75, 0x6D, 0x6E, 0x3B, 0x20, 0x67, 0x61, 0x70, 0x3A, 0x20, 0x2E, 0x36, 0x72, 0x65, 0x6D, 0x3B,
    0x20, 0x6D, 0x61, 0x78, 0x2D, 0x77, 0x69, 0x64, 0x74, 0x68, 0x3A, 0x20, 0x33, 0x36, 0x30, 0x70,
    0x78, 0x3B, 0x0A, 0x7D, 0x0A, 0x2E, 0x66, 0x65, 0x6E, 0x65, 0x74, 0x72, 0x65, 0x20, 0x7B, 0x0A,
    0x20, 0x20, 0x62, 0x61, 0x63, 0x6B, 0x67, 0x72, 0x6F, 0x75, 0x6E, 0x64, 0x3A, 0x20, 0x76, 0x61,
    0x72, 0x28, 0x2D, 0x2D, 0x6F, 0x6B, 0x29, 0x3B, 0x20, 0x63, 0x6F, 0x6C, 0x6F, 0x72, 0x3A, 0x20,
    0x23, 0x66, 0x66, 0x66, 0x3B, 0x20, 0x62, 0x6F, 0x72, 0x64, 0x65, 0x72, 0x2D, 0x72, 0x61, 0x64,
    0x69, 0x75, 0x73, 0x3A, 0x20, 0x76, 0x61, 0x72, 0x28, 0x2D, 0x2D, 0x72, 0x61, 0x79, 0x6F, 0x6E,
    0x29, 0x3B, 0x0A, 0x20, 0x20, 0x70, 0x61, 0x64, 0x64, 0x69, 0x6E, 0x67, 0x3A, 0x20, 0x2E, 0x39,
    0x72, 0x65, 0x6D, 0x20, 0x31, 0x2E, 0x31, 0x72, 0x65, 0x6D, 0x3B, 0x20, 0x62, 0x6F, 0x78, 0x2D,
    0x73, 0x68, 0x61, 0x64, 0x6F, 0x77, 0x3A, 0x20, 0x30, 0x20, 0x38, 0x70, 0x78, 0x20, 0x32, 0x36,
    0x70, 0x78, 0x20, 0x72, 0x67, 0x62, 0x61, 0x28, 0x30, 0x2C, 0x30, 0x2C, 0x30, 0x2C, 0x2E, 0x32,
    0x35, 0x29, 0x3B, 0x0A, 0x20, 0x20, 0x61, 0x6E, 0x69, 0x6D, 0x61, 0x74, 0x69, 0x6F, 0x6E, 0x3A,
    0x20, 0x61, 0x69, 0x6F, 0x2D, 0x65, 0x6E, 0x74, 0x72, 0x65, 0x65, 0x20, 0x2E, 0x32, 0x32, 0x73,
    0x20, 0x65, 0x61, 0x73, 0x65, 0x2D, 0x6F, 0x75, 0x74, 0x3B, 0x0A, 0x7D, 0x0A, 0x2E, 0x66, 0x65,
    0x6E, 0x65, 0x74, 0x72, 0x65, 0x2E, 0x69, 0x6E, 0x63, 0x6F, 0x6E, 0x6E, 0x75, 0x20, 0x7B, 0x20,
    0x62, 0x61, 0x63, 0x6B, 0x67, 0x72, 0x6F, 0x75, 0x6E, 0x64, 0x3A, 0x20, 0x76, 0x61, 0x72, 0x28,
    0x2D, 0x2D, 0x61, 0x74, 0x74, 0x65, 0x6E, 0x74, 0x69, 0x6F, 0x6E, 0x29, 0x3B, 0x20, 0x63, 0x6F,
    0x6C, 0x6F, 0x72, 0x3A, 0x20, 0x23, 0x31, 0x61, 0x31, 0x32, 0x30, 0x30, 0x3B, 0x20, 0x7D, 0x0A,
    0x2E, 0x66, 0x65, 0x6E, 0x65, 0x74, 0x72, 0x65, 0x20, 0x2E, 0x74, 0x69, 0x74, 0x72, 0x65, 0x20,
    0x7B, 0x20, 0x66, 0x6F, 0x6E, 0x74, 0x2D, 0x77, 0x65, 0x69, 0x67, 0x68, 0x74, 0x3A, 0x20, 0x37,
    0x30, 0x30, 0x3B, 0x20, 0x66, 0x6F, 0x6E, 0x74, 0x2D, 0x73, 0x69, 0x7A, 0x65, 0x3A, 0x20, 0x31,
    0x2E, 0x30, 0x35, 0x72, 0x65, 0x6D, 0x3B, 0x20, 0x7D, 0x0A, 0x2E, 0x66, 0x65, 0x6E, 0x65, 0x74,
    0x72, 0x65, 0x20, 0x2E, 0x6C, 0x69, 0x67, 0x6E, 0x65, 0x20, 0x7B, 0x20, 0x66, 0x6F, 0x6E, 0x74,
    0x2D, 0x66, 0x61, 0x6D, 0x69, 0x6C, 0x79, 0x3A, 0x20, 0x76, 0x61, 0x72, 0x28, 0x2D, 0x2D, 0x6D,
    0x6F, 0x6E, 0x6F, 0x29, 0x3B, 0x20, 0x66, 0x6F, 0x6E, 0x74, 0x2D, 0x73, 0x69, 0x7A, 0x65, 0x3A,
    0x20, 0x2E, 0x39, 0x72, 0x65, 0x6D, 0x3B, 0x20, 0x6F, 0x70, 0x61, 0x63, 0x69, 0x74, 0x79, 0x3A,
    0x20, 0x2E, 0x39, 0x32, 0x3B, 0x20, 0x6D, 0x61, 0x72, 0x67, 0x69, 0x6E, 0x2D, 0x74, 0x6F, 0x70,
    0x3A, 0x20, 0x2E, 0x32, 0x72, 0x65, 0x6D, 0x3B, 0x20, 0x7D, 0x0A, 0x2E, 0x66, 0x65, 0x6E, 0x65,
    0x74, 0x72, 0x65, 0x2E, 0x73, 0x6F, 0x72, 0x74, 0x69, 0x65, 0x20, 0x7B, 0x20, 0x61, 0x6E, 0x69,
    0x6D, 0x61, 0x74, 0x69, 0x6F, 0x6E, 0x3A, 0x20, 0x61, 0x69, 0x6F, 0x2D, 0x73, 0x6F, 0x72, 0x74,
    0x69, 0x65, 0x20, 0x2E, 0x32, 0x35, 0x73, 0x20, 0x65, 0x61, 0x73, 0x65, 0x2D, 0x69, 0x6E, 0x20,
    0x66, 0x6F, 0x72, 0x77, 0x61, 0x72, 0x64, 0x73, 0x3B, 0x20, 0x7D, 0x0A, 0x40, 0x6B, 0x65, 0x79,
    0x66, 0x72, 0x61, 0x6D, 0x65, 0x73, 0x20, 0x61, 0x69, 0x6F, 0x2D, 0x65, 0x6E, 0x74, 0x72, 0x65,
    0x65, 0x20, 0x7B, 0x20, 0x66, 0x72, 0x6F, 0x6D, 0x20, 0x7B, 0x20, 0x74, 0x72, 0x61, 0x6E, 0x73,
    0x66, 0x6F, 0x72, 0x6D, 0x3A, 0x20, 0x74, 0x72, 0x61, 0x6E, 0x73, 0x6C, 0x61, 0x74, 0x65, 0x58,
    0x28, 0x31, 0x38, 0x70, 0x78, 0x29, 0x3B, 0x20, 0x6F, 0x70, 0x61, 0x63, 0x69, 0x74, 0x79, 0x3A,
    0x20, 0x30, 0x3B, 0x20, 0x7D, 0x20, 0x7D, 0x0A, 0x40, 0x6B, 0x65, 0x79, 0x66, 0x72, 0x61, 0x6D,
    0x65, 0x73, 0x20, 0x61, 0x69, 0x6F, 0x2D, 0x73, 0x6F, 0x72, 0x74, 0x69, 0x65, 0x20, 0x7B, 0x20,
    0x74, 0x6F, 0x20, 0x7B, 0x20, 0x74, 0x72, 0x61, 0x6E, 0x73, 0x66, 0x6F, 0x72, 0x6D, 0x3A, 0x20,
    0x74, 0x72, 0x61, 0x6E, 0x73, 0x6C, 0x61, 0x74, 0x65, 0x58, 0x28, 0x31, 0x38, 0x70, 0x78, 0x29,
    0x3B, 0x20, 0x6F, 0x70, 0x61, 0x63, 0x69, 0x74, 0x79, 0x3A, 0x20, 0x30, 0x3B, 0x20, 0x7D, 0x20,
    0x7D, 0x0A, 0x0A, 0x23, 0x74, 0x6F, 0x61, 0x73, 0x74, 0x20, 0x7B, 0x0A, 0x20, 0x20, 0x70, 0x6F,
    0x73, 0x69, 0x74, 0x69, 0x6F, 0x6E, 0x3A, 0x20, 0x66, 0x69, 0x78, 0x65, 0x64, 0x3B, 0x20, 0x72,
    0x69, 0x67, 0x68, 0x74, 0x3A, 0x20, 0x31, 0x72, 0x65, 0x6D, 0x3B, 0x20, 0x62, 0x6F, 0x74, 0x74,
    0x6F, 0x6D, 0x3A, 0x20, 0x31, 0x72, 0x65, 0x6D, 0x3B, 0x20, 0x62, 0x61, 0x63, 0x6B, 0x67, 0x72,
    0x6F, 0x75, 0x6E, 0x64, 0x3A, 0x20, 0x76, 0x61, 0x72, 0x28, 0x2D, 0x2D, 0x74, 0x65, 0x78, 0x74,
    0x65, 0x29, 0x3B, 0x20, 0x63, 0x6F, 0x6C, 0x6F, 0x72, 0x3A, 0x20, 0x23, 0x66, 0x66, 0x66, 0x3B,
    0x0A, 0x20, 0x20, 0x62, 0x6F, 0x72, 0x64, 0x65, 0x72, 0x2D, 0x72, 0x61, 0x64, 0x69, 0x75, 0x73,
    0x3A, 0x20, 0x76, 0x61, 0x72, 0x28, 0x2D, 0x2D, 0x72, 0x61, 0x79, 0x6F, 0x6E, 0x29, 0x3B, 0x20,
    0x70, 0x61, 0x64, 0x64, 0x69, 0x6E, 0x67, 0x3A, 0x20, 0x2E, 0x37, 0x72, 0x65, 0x6D, 0x20, 0x31,
    0x72, 0x65, 0x6D, 0x3B, 0x20, 0x6D, 0x61, 0x78, 0x2D, 0x77, 0x69, 0x64, 0x74, 0x68, 0x3A, 0x20,
    0x33, 0x38, 0x30, 0x70, 0x78, 0x3B, 0x0A, 0x20, 0x20, 0x6F, 0x70, 0x61, 0x63, 0x69, 0x74, 0x79,
    0x3A, 0x20, 0x30, 0x3B, 0x20, 0x74, 0x72, 0x61, 0x6E, 0x73, 0x69, 0x74, 0x69, 0x6F, 0x6E, 0x3A,
    0x20, 0x6F, 0x70, 0x61, 0x63, 0x69, 0x74, 0x79, 0x20, 0x2E, 0x32, 0x35, 0x73, 0x3B, 0x20, 0x7A,
    0x2D, 0x69, 0x6E, 0x64, 0x65, 0x78, 0x3A, 0x20, 0x31, 0x30, 0x30, 0x3B, 0x0A, 0x7D, 0x0A, 0x23,
    0x74, 0x6F, 0x61, 0x73, 0x74, 0x2E, 0x76, 0x69, 0x73, 0x69, 0x62, 0x6C, 0x65, 0x20, 0x7B, 0x20,
    0x6F, 0x70, 0x61, 0x63, 0x69, 0x74, 0x79, 0x3A, 0x20, 0x31, 0x3B, 0x20, 0x7D, 0x0A, 0x0A, 0x40,
    0x6D, 0x65, 0x64, 0x69, 0x61, 0x20, 0x28, 0x70, 0x72, 0x65, 0x66, 0x65, 0x72, 0x73, 0x2D, 0x72,
    0x65, 0x64, 0x75, 0x63, 0x65, 0x64, 0x2D, 0x6D, 0x6F, 0x74, 0x69, 0x6F, 0x6E, 0x3A, 0x20, 0x72,
    0x65, 0x64, 0x75, 0x63, 0x65, 0x29, 0x20, 0x7B, 0x0A, 0x20, 0x20, 0x2E, 0x66, 0x65, 0x6E, 0x65,
    0x74, 0x72, 0x65, 0x2C, 0x20, 0x2E, 0x66, 0x65, 0x6E, 0x65, 0x74, 0x72, 0x65, 0x2E, 0x73, 0x6F,
    0x72, 0x74, 0x69, 0x65, 0x20, 0x7B, 0x20, 0x61, 0x6E, 0x69, 0x6D, 0x61, 0x74, 0x69, 0x6F, 0x6E,
    0x3A, 0x20, 0x6E, 0x6F, 0x6E, 0x65, 0x3B, 0x20, 0x7D, 0x0A, 0x20, 0x20, 0x2A, 0x20, 0x7B, 0x20,
    0x74, 0x72, 0x61, 0x6E, 0x73, 0x69, 0x74, 0x69, 0x6F, 0x6E, 0x3A, 0x20, 0x6E, 0x6F, 0x6E, 0x65,
    0x20, 0x21, 0x69, 0x6D, 0x70, 0x6F, 0x72, 0x74, 0x61, 0x6E, 0x74, 0x3B, 0x20, 0x7D, 0x0A, 0x7D,
    0x0A,
};

inline const Fichier kFichiers[] = {
    {"agvdump.html", "text/html; charset=utf-8", kAgvdumpHtml, sizeof(kAgvdumpHtml)},
    {"index.html", "text/html; charset=utf-8", kIndexHtml, sizeof(kIndexHtml)},
    {"theme.css", "text/css; charset=utf-8", kThemeCss, sizeof(kThemeCss)},
};
inline constexpr size_t kNbFichiers = sizeof(kFichiers) / sizeof(kFichiers[0]);

}  // namespace banc_web
